Watching for file changes with StatReloader
Not Found: /api/
[24/Aug/2025 22:34:50] "GET /api/ HTTP/1.1" 404 5660
[24/Aug/2025 23:17:02] "OPTIONS /api/auth/login/ HTTP/1.1" 200 0
[24/Aug/2025 23:17:02] "POST /api/auth/login/ HTTP/1.1" 200 563
[24/Aug/2025 23:17:02] "OPTIONS /api/me/ HTTP/1.1" 200 0
[24/Aug/2025 23:17:03] "GET /api/me/ HTTP/1.1" 200 150
[24/Aug/2025 23:17:03] "GET /api/me/ HTTP/1.1" 200 150
[24/Aug/2025 23:17:03] "OPTIONS /api/charge-points/ HTTP/1.1" 200 0
[24/Aug/2025 23:17:03] "OPTIONS /api/sessions/ HTTP/1.1" 200 0
[24/Aug/2025 23:17:03] "GET /api/charge-points/ HTTP/1.1" 200 967
[24/Aug/2025 23:17:04] "GET /api/sessions/ HTTP/1.1" 200 9139
[24/Aug/2025 23:17:08] "GET /api/charge-points/ HTTP/1.1" 200 967
[24/Aug/2025 23:17:08] "GET /api/sessions/ HTTP/1.1" 200 9141
[24/Aug/2025 23:17:14] "GET /api/charge-points/ HTTP/1.1" 200 967
[24/Aug/2025 23:17:14] "GET /api/sessions/ HTTP/1.1" 200 9141
[24/Aug/2025 23:17:19] "GET /api/charge-points/ HTTP/1.1" 200 967
[24/Aug/2025 23:17:19] "GET /api/sessions/ HTTP/1.1" 200 9139
[24/Aug/2025 23:17:24] "GET /api/sessions/ HTTP/1.1" 200 9137
[24/Aug/2025 23:17:24] "GET /api/charge-points/ HTTP/1.1" 200 967
[24/Aug/2025 23:17:29] "GET /api/charge-points/ HTTP/1.1" 200 967
[24/Aug/2025 23:17:29] "GET /api/sessions/ HTTP/1.1" 200 9141
[24/Aug/2025 23:17:34] "GET /api/charge-points/ HTTP/1.1" 200 967
[24/Aug/2025 23:17:34] "GET /api/sessions/ HTTP/1.1" 200 9139
[24/Aug/2025 23:17:39] "GET /api/charge-points/ HTTP/1.1" 200 967
[24/Aug/2025 23:17:39] "GET /api/sessions/ HTTP/1.1" 200 9138
[24/Aug/2025 23:17:44] "GET /api/sessions/ HTTP/1.1" 200 9141
[24/Aug/2025 23:17:44] "GET /api/charge-points/ HTTP/1.1" 200 967
[24/Aug/2025 23:17:49] "GET /api/charge-points/ HTTP/1.1" 200 967
[24/Aug/2025 23:17:49] "GET /api/sessions/ HTTP/1.1" 200 9139
[24/Aug/2025 23:17:54] "GET /api/charge-points/ HTTP/1.1" 200 967
[24/Aug/2025 23:17:54] "GET /api/sessions/ HTTP/1.1" 200 9137
[24/Aug/2025 23:17:59] "GET /api/charge-points/ HTTP/1.1" 200 967
[24/Aug/2025 23:17:59] "GET /api/sessions/ HTTP/1.1" 200 9141
[24/Aug/2025 23:18:04] "GET /api/charge-points/ HTTP/1.1" 200 967
[24/Aug/2025 23:18:04] "GET /api/sessions/ HTTP/1.1" 200 9139
[24/Aug/2025 23:18:09] "GET /api/sessions/ HTTP/1.1" 200 9138
[24/Aug/2025 23:18:09] "GET /api/charge-points/ HTTP/1.1" 200 967
[24/Aug/2025 23:18:14] "GET /api/charge-points/ HTTP/1.1" 200 967
[24/Aug/2025 23:18:14] "GET /api/sessions/ HTTP/1.1" 200 9141
[24/Aug/2025 23:19:12] "GET /api/charge-points/ HTTP/1.1" 200 967
[24/Aug/2025 23:19:12] "GET /api/sessions/ HTTP/1.1" 200 9138
[24/Aug/2025 23:20:12] "GET /api/charge-points/ HTTP/1.1" 200 967
[24/Aug/2025 23:20:12] "GET /api/sessions/ HTTP/1.1" 200 9138
[24/Aug/2025 23:21:12] "GET /api/charge-points/ HTTP/1.1" 200 967
[24/Aug/2025 23:21:12] "GET /api/sessions/ HTTP/1.1" 200 9138
[24/Aug/2025 23:22:12] "GET /api/charge-points/ HTTP/1.1" 200 967
[24/Aug/2025 23:22:12] "GET /api/sessions/ HTTP/1.1" 200 9138
[24/Aug/2025 23:23:12] "GET /api/charge-points/ HTTP/1.1" 200 967
[24/Aug/2025 23:23:12] "GET /api/sessions/ HTTP/1.1" 200 9138
[24/Aug/2025 23:24:12] "GET /api/sessions/ HTTP/1.1" 200 9141
[24/Aug/2025 23:24:12] "GET /api/charge-points/ HTTP/1.1" 200 967
[24/Aug/2025 23:25:12] "GET /api/charge-points/ HTTP/1.1" 200 967
[24/Aug/2025 23:25:12] "GET /api/sessions/ HTTP/1.1" 200 9138
[24/Aug/2025 23:26:12] "GET /api/charge-points/ HTTP/1.1" 200 967
[24/Aug/2025 23:26:12] "GET /api/sessions/ HTTP/1.1" 200 9138
[24/Aug/2025 23:27:12] "GET /api/charge-points/ HTTP/1.1" 200 967
[24/Aug/2025 23:27:12] "GET /api/sessions/ HTTP/1.1" 200 9138
[24/Aug/2025 23:28:12] "GET /api/charge-points/ HTTP/1.1" 200 967
[24/Aug/2025 23:28:12] "GET /api/sessions/ HTTP/1.1" 200 9138
[24/Aug/2025 23:29:12] "GET /api/sessions/ HTTP/1.1" 200 9138
[24/Aug/2025 23:29:12] "GET /api/charge-points/ HTTP/1.1" 200 967
[24/Aug/2025 23:30:12] "GET /api/charge-points/ HTTP/1.1" 200 967
[24/Aug/2025 23:30:12] "GET /api/sessions/ HTTP/1.1" 200 9138
[24/Aug/2025 23:31:12] "GET /api/sessions/ HTTP/1.1" 200 9138
[24/Aug/2025 23:31:12] "GET /api/charge-points/ HTTP/1.1" 200 967
[24/Aug/2025 23:31:21] "GET /api/charge-points/ HTTP/1.1" 200 967
[24/Aug/2025 23:31:21] "GET /api/sessions/ HTTP/1.1" 200 9141
[24/Aug/2025 23:31:24] "GET /api/charge-points/ HTTP/1.1" 200 967
[24/Aug/2025 23:31:24] "GET /api/sessions/ HTTP/1.1" 200 9137
[24/Aug/2025 23:31:29] "GET /api/charge-points/ HTTP/1.1" 200 967
[24/Aug/2025 23:31:29] "GET /api/sessions/ HTTP/1.1" 200 9141
[24/Aug/2025 23:31:34] "GET /api/charge-points/ HTTP/1.1" 200 967
[24/Aug/2025 23:31:34] "GET /api/sessions/ HTTP/1.1" 200 9139
[24/Aug/2025 23:31:39] "GET /api/charge-points/ HTTP/1.1" 200 967
[24/Aug/2025 23:31:39] "GET /api/sessions/ HTTP/1.1" 200 9138
[24/Aug/2025 23:31:44] "GET /api/sessions/ HTTP/1.1" 200 9141
[24/Aug/2025 23:31:44] "GET /api/charge-points/ HTTP/1.1" 200 967
[24/Aug/2025 23:31:49] "GET /api/charge-points/ HTTP/1.1" 200 967
[24/Aug/2025 23:31:49] "GET /api/sessions/ HTTP/1.1" 200 9139
[24/Aug/2025 23:31:54] "GET /api/charge-points/ HTTP/1.1" 200 967
[24/Aug/2025 23:31:54] "GET /api/sessions/ HTTP/1.1" 200 9137
[24/Aug/2025 23:31:59] "GET /api/charge-points/ HTTP/1.1" 200 967
[24/Aug/2025 23:31:59] "GET /api/sessions/ HTTP/1.1" 200 9141
[24/Aug/2025 23:32:04] "GET /api/charge-points/ HTTP/1.1" 200 967
[24/Aug/2025 23:32:04] "GET /api/sessions/ HTTP/1.1" 200 9139
[24/Aug/2025 23:32:09] "GET /api/charge-points/ HTTP/1.1" 200 967
[24/Aug/2025 23:32:09] "GET /api/sessions/ HTTP/1.1" 200 9138
[24/Aug/2025 23:32:14] "GET /api/charge-points/ HTTP/1.1" 200 967
[24/Aug/2025 23:32:14] "GET /api/sessions/ HTTP/1.1" 200 9141
[24/Aug/2025 23:32:19] "GET /api/charge-points/ HTTP/1.1" 200 967
[24/Aug/2025 23:32:19] "GET /api/sessions/ HTTP/1.1" 200 9139
[24/Aug/2025 23:32:49] "GET /api/charge-points/ HTTP/1.1" 200 967
[24/Aug/2025 23:32:49] "GET /api/sessions/ HTTP/1.1" 200 9141
[24/Aug/2025 23:32:53] "GET /api/charge-points/ HTTP/1.1" 200 967
[24/Aug/2025 23:32:53] "GET /api/sessions/ HTTP/1.1" 200 9141
Not Found: /api/client/update
[25/Aug/2025 00:08:00] "POST /api/client/update?arch=amd64&commit=08059e95dacafe0bf6e5782f8e2c8ec9cd8c5a17&os=windows HTTP/1.1" 404 5778
Not Found: /
[25/Aug/2025 00:58:21] "GET / HTTP/1.1" 404 2062
[25/Aug/2025 00:58:21] code 505, message Invalid HTTP version (2.0)
[25/Aug/2025 00:58:21] "PRI * HTTP/2.0" 505 -
Not Found: /favicon.ico
[25/Aug/2025 00:58:25] "GET /favicon.ico HTTP/1.1" 404 2113
[25/Aug/2025 00:58:25] code 505, message Invalid HTTP version (2.0)
[25/Aug/2025 00:58:25] "PRI * HTTP/2.0" 505 -
[25/Aug/2025 00:58:29] code 400, message Bad request version ('À\x14À')
[25/Aug/2025 00:58:29] You're accessing the development server over HTTPS, but it only supports HTTP.
Not Found: /.well-known/security.txt
[25/Aug/2025 00:58:29] "GET /.well-known/security.txt HTTP/1.1" 404 2152
[25/Aug/2025 04:59:23] code 400, message Bad request version ('(W\x93Ih\x17µ\x8dÅ<hX^Ã\x18°içSá')
[25/Aug/2025 04:59:23] You're accessing the development server over HTTPS, but it only supports HTTP.
[25/Aug/2025 07:14:53] code 400, message Bad HTTP/0.9 request type ('\x16\x03\x01\x00{\x01\x00\x00w\x03\x03k\x13\xadM\x99y,\x19\x88S\\?â5ä\x12ïêåP¦ëã+×È/\x86\x10ùã\x9e\x00\x00\x1aÀ/À+À\x11À\x07À\x13À')
[25/Aug/2025 07:14:53] You're accessing the development server over HTTPS, but it only supports HTTP.
[25/Aug/2025 07:14:53] code 400, message Bad request syntax ('MGLNDD_147.93.127.215_8000')
[25/Aug/2025 07:14:53] "MGLNDD_147.93.127.215_8000" 400 -
Not Found: /
[25/Aug/2025 07:33:09] "GET / HTTP/1.1" 404 2062
[25/Aug/2025 08:08:17] "OPTIONS /api/auth/login/ HTTP/1.1" 200 0
Unauthorized: /api/auth/login/
[25/Aug/2025 08:08:18] "POST /api/auth/login/ HTTP/1.1" 401 63
[25/Aug/2025 17:35:50] "OPTIONS /api/me/ HTTP/1.1" 200 0
Unauthorized: /api/me/
[25/Aug/2025 17:35:51] "GET /api/me/ HTTP/1.1" 401 172
[25/Aug/2025 17:35:51] "OPTIONS /api/auth/refresh/ HTTP/1.1" 200 0
[25/Aug/2025 17:35:52] "POST /api/auth/refresh/ HTTP/1.1" 200 270
[25/Aug/2025 17:35:52] "GET /api/me/ HTTP/1.1" 200 150
[25/Aug/2025 17:35:58] "OPTIONS /api/auth/login/ HTTP/1.1" 200 0
[25/Aug/2025 17:35:59] "POST /api/auth/login/ HTTP/1.1" 200 563
[25/Aug/2025 17:35:59] "GET /api/me/ HTTP/1.1" 200 150
[25/Aug/2025 17:36:00] "GET /api/me/ HTTP/1.1" 200 150
[25/Aug/2025 17:36:00] "OPTIONS /api/charge-points/ HTTP/1.1" 200 0
[25/Aug/2025 17:36:00] "OPTIONS /api/sessions/ HTTP/1.1" 200 0
[25/Aug/2025 17:36:00] "GET /api/charge-points/ HTTP/1.1" 200 967
[25/Aug/2025 17:36:00] "GET /api/sessions/ HTTP/1.1" 200 9141
[25/Aug/2025 17:36:05] "GET /api/charge-points/ HTTP/1.1" 200 967
[25/Aug/2025 17:36:05] "GET /api/sessions/ HTTP/1.1" 200 9141
[25/Aug/2025 17:36:10] "GET /api/charge-points/ HTTP/1.1" 200 967
[25/Aug/2025 17:36:10] "GET /api/sessions/ HTTP/1.1" 200 9141
[25/Aug/2025 17:36:15] "GET /api/charge-points/ HTTP/1.1" 200 967
[25/Aug/2025 17:36:15] "GET /api/sessions/ HTTP/1.1" 200 9141
[25/Aug/2025 17:36:20] "GET /api/charge-points/ HTTP/1.1" 200 967
[25/Aug/2025 17:36:20] "GET /api/sessions/ HTTP/1.1" 200 9141
[25/Aug/2025 17:36:25] "GET /api/charge-points/ HTTP/1.1" 200 967
[25/Aug/2025 17:36:25] "GET /api/sessions/ HTTP/1.1" 200 9141
[25/Aug/2025 17:36:30] "GET /api/charge-points/ HTTP/1.1" 200 967
[25/Aug/2025 17:36:30] "GET /api/sessions/ HTTP/1.1" 200 9141
[25/Aug/2025 17:36:35] "GET /api/charge-points/ HTTP/1.1" 200 967
[25/Aug/2025 17:36:35] "GET /api/sessions/ HTTP/1.1" 200 9141
[25/Aug/2025 17:36:40] "GET /api/sessions/ HTTP/1.1" 200 9141
[25/Aug/2025 17:36:40] "GET /api/charge-points/ HTTP/1.1" 200 967
[25/Aug/2025 17:36:45] "GET /api/charge-points/ HTTP/1.1" 200 967
[25/Aug/2025 17:36:45] "GET /api/sessions/ HTTP/1.1" 200 9141
[25/Aug/2025 17:36:50] "GET /api/charge-points/ HTTP/1.1" 200 967
[25/Aug/2025 17:36:50] "GET /api/sessions/ HTTP/1.1" 200 9141
[25/Aug/2025 17:36:55] "GET /api/charge-points/ HTTP/1.1" 200 967
[25/Aug/2025 17:36:55] "GET /api/sessions/ HTTP/1.1" 200 9141
[25/Aug/2025 17:37:00] "GET /api/charge-points/ HTTP/1.1" 200 967
[25/Aug/2025 17:37:00] "GET /api/sessions/ HTTP/1.1" 200 9141
[25/Aug/2025 17:37:05] "GET /api/charge-points/ HTTP/1.1" 200 967
[25/Aug/2025 17:37:05] "GET /api/sessions/ HTTP/1.1" 200 9141
[25/Aug/2025 17:37:10] "GET /api/charge-points/ HTTP/1.1" 200 967
[25/Aug/2025 17:37:10] "GET /api/sessions/ HTTP/1.1" 200 9141
[25/Aug/2025 17:37:15] "GET /api/charge-points/ HTTP/1.1" 200 967
[25/Aug/2025 17:37:15] "GET /api/sessions/ HTTP/1.1" 200 9141
[25/Aug/2025 17:37:20] "GET /api/sessions/ HTTP/1.1" 200 9141
[25/Aug/2025 17:37:20] "GET /api/charge-points/ HTTP/1.1" 200 967
[25/Aug/2025 17:37:25] "GET /api/charge-points/ HTTP/1.1" 200 967
[25/Aug/2025 17:37:25] "GET /api/sessions/ HTTP/1.1" 200 9141
[25/Aug/2025 17:37:30] "GET /api/charge-points/ HTTP/1.1" 200 967
[25/Aug/2025 17:37:30] "GET /api/sessions/ HTTP/1.1" 200 9141
[25/Aug/2025 17:37:35] "GET /api/charge-points/ HTTP/1.1" 200 967
[25/Aug/2025 17:37:35] "GET /api/sessions/ HTTP/1.1" 200 9141
[25/Aug/2025 17:37:40] "GET /api/charge-points/ HTTP/1.1" 200 967
[25/Aug/2025 17:37:40] "GET /api/sessions/ HTTP/1.1" 200 9141
[25/Aug/2025 17:37:45] "GET /api/charge-points/ HTTP/1.1" 200 967
[25/Aug/2025 17:37:45] "GET /api/sessions/ HTTP/1.1" 200 9141
[25/Aug/2025 17:37:50] "GET /api/charge-points/ HTTP/1.1" 200 967
[25/Aug/2025 17:37:50] "GET /api/sessions/ HTTP/1.1" 200 9141
[25/Aug/2025 17:37:55] "GET /api/charge-points/ HTTP/1.1" 200 967
[25/Aug/2025 17:37:55] "GET /api/sessions/ HTTP/1.1" 200 9141
[25/Aug/2025 17:38:00] "GET /api/charge-points/ HTTP/1.1" 200 967
[25/Aug/2025 17:38:00] "GET /api/sessions/ HTTP/1.1" 200 9141
[25/Aug/2025 17:38:05] "GET /api/charge-points/ HTTP/1.1" 200 967
[25/Aug/2025 17:38:05] "GET /api/sessions/ HTTP/1.1" 200 9141
[25/Aug/2025 17:38:10] "GET /api/charge-points/ HTTP/1.1" 200 967
[25/Aug/2025 17:38:10] "GET /api/sessions/ HTTP/1.1" 200 9141
[25/Aug/2025 17:38:15] "GET /api/charge-points/ HTTP/1.1" 200 967
[25/Aug/2025 17:38:15] "GET /api/sessions/ HTTP/1.1" 200 9141
[25/Aug/2025 17:38:20] "GET /api/sessions/ HTTP/1.1" 200 9141
[25/Aug/2025 17:38:20] "GET /api/charge-points/ HTTP/1.1" 200 967
[25/Aug/2025 17:38:25] "GET /api/charge-points/ HTTP/1.1" 200 967
[25/Aug/2025 17:38:25] "GET /api/sessions/ HTTP/1.1" 200 9141
[25/Aug/2025 17:38:30] "GET /api/charge-points/ HTTP/1.1" 200 967
[25/Aug/2025 17:38:30] "GET /api/sessions/ HTTP/1.1" 200 9141
[25/Aug/2025 17:38:35] "GET /api/charge-points/ HTTP/1.1" 200 967
[25/Aug/2025 17:38:35] "GET /api/sessions/ HTTP/1.1" 200 9141
[25/Aug/2025 17:38:40] "GET /api/sessions/ HTTP/1.1" 200 9141
[25/Aug/2025 17:38:40] "GET /api/charge-points/ HTTP/1.1" 200 967
[25/Aug/2025 17:38:45] "GET /api/charge-points/ HTTP/1.1" 200 967
[25/Aug/2025 17:38:45] "GET /api/sessions/ HTTP/1.1" 200 9141
[25/Aug/2025 17:38:50] "GET /api/charge-points/ HTTP/1.1" 200 967
[25/Aug/2025 17:38:50] "GET /api/sessions/ HTTP/1.1" 200 9141
[25/Aug/2025 17:38:55] "GET /api/charge-points/ HTTP/1.1" 200 967
[25/Aug/2025 17:38:55] "GET /api/sessions/ HTTP/1.1" 200 9141
[25/Aug/2025 17:39:00] "GET /api/charge-points/ HTTP/1.1" 200 967
[25/Aug/2025 17:39:00] "GET /api/sessions/ HTTP/1.1" 200 9141
[25/Aug/2025 17:39:05] "GET /api/charge-points/ HTTP/1.1" 200 967
[25/Aug/2025 17:39:05] "GET /api/sessions/ HTTP/1.1" 200 9141
[25/Aug/2025 17:39:10] "GET /api/charge-points/ HTTP/1.1" 200 967
[25/Aug/2025 17:39:10] "GET /api/sessions/ HTTP/1.1" 200 9141
[25/Aug/2025 17:39:15] "GET /api/charge-points/ HTTP/1.1" 200 967
[25/Aug/2025 17:39:15] "GET /api/sessions/ HTTP/1.1" 200 9141
[25/Aug/2025 17:39:20] "GET /api/charge-points/ HTTP/1.1" 200 967
[25/Aug/2025 17:39:20] "GET /api/sessions/ HTTP/1.1" 200 9141
[25/Aug/2025 17:39:25] "GET /api/charge-points/ HTTP/1.1" 200 967
[25/Aug/2025 17:39:25] "GET /api/sessions/ HTTP/1.1" 200 9141
[25/Aug/2025 17:39:30] "GET /api/charge-points/ HTTP/1.1" 200 967
[25/Aug/2025 17:39:30] "GET /api/sessions/ HTTP/1.1" 200 9141
[25/Aug/2025 17:39:35] "GET /api/charge-points/ HTTP/1.1" 200 967
[25/Aug/2025 17:39:35] "GET /api/sessions/ HTTP/1.1" 200 9141
[25/Aug/2025 17:39:40] "GET /api/charge-points/ HTTP/1.1" 200 967
[25/Aug/2025 17:39:40] "GET /api/sessions/ HTTP/1.1" 200 9141
[25/Aug/2025 17:39:45] "GET /api/charge-points/ HTTP/1.1" 200 967
[25/Aug/2025 17:39:45] "GET /api/sessions/ HTTP/1.1" 200 9141
[25/Aug/2025 17:39:50] "GET /api/charge-points/ HTTP/1.1" 200 967
[25/Aug/2025 17:39:50] "GET /api/sessions/ HTTP/1.1" 200 9141
[25/Aug/2025 17:39:55] "GET /api/charge-points/ HTTP/1.1" 200 967
[25/Aug/2025 17:39:55] "GET /api/sessions/ HTTP/1.1" 200 9141
[25/Aug/2025 17:40:00] "GET /api/charge-points/ HTTP/1.1" 200 967
[25/Aug/2025 17:40:00] "GET /api/sessions/ HTTP/1.1" 200 9141
[25/Aug/2025 17:40:01] "OPTIONS /api/auth/login/ HTTP/1.1" 200 0
[25/Aug/2025 17:40:01] "POST /api/auth/login/ HTTP/1.1" 200 537
[25/Aug/2025 17:40:01] "OPTIONS /api/me/ HTTP/1.1" 200 0
[25/Aug/2025 17:40:02] "GET /api/me/ HTTP/1.1" 200 84
[25/Aug/2025 17:40:02] "OPTIONS /api/public/charge-points/ HTTP/1.1" 200 0
[25/Aug/2025 17:40:03] "GET /api/public/charge-points/ HTTP/1.1" 200 2389
[25/Aug/2025 17:40:05] "GET /api/charge-points/ HTTP/1.1" 200 967
[25/Aug/2025 17:40:05] "GET /api/sessions/ HTTP/1.1" 200 9141
[25/Aug/2025 17:41:04] "GET /api/sessions/ HTTP/1.1" 200 9141
[25/Aug/2025 17:41:04] "GET /api/charge-points/ HTTP/1.1" 200 967
[25/Aug/2025 17:42:04] "GET /api/charge-points/ HTTP/1.1" 200 967
[25/Aug/2025 17:42:04] "GET /api/sessions/ HTTP/1.1" 200 9141
[25/Aug/2025 17:43:04] "GET /api/charge-points/ HTTP/1.1" 200 967
[25/Aug/2025 17:43:04] "GET /api/sessions/ HTTP/1.1" 200 9141
[25/Aug/2025 17:43:42] "OPTIONS /api/public/charge-points/NEGA/ HTTP/1.1" 200 0
[25/Aug/2025 17:43:43] "GET /api/public/charge-points/NEGA/ HTTP/1.1" 200 280
[25/Aug/2025 17:44:04] "GET /api/charge-points/ HTTP/1.1" 200 967
[25/Aug/2025 17:44:04] "GET /api/sessions/ HTTP/1.1" 200 9141
[25/Aug/2025 17:44:10] "GET /api/charge-points/ HTTP/1.1" 200 967
[25/Aug/2025 17:44:10] "GET /api/sessions/ HTTP/1.1" 200 9141
[25/Aug/2025 17:44:15] "GET /api/charge-points/ HTTP/1.1" 200 967
[25/Aug/2025 17:44:15] "GET /api/sessions/ HTTP/1.1" 200 9141
[25/Aug/2025 17:44:20] "GET /api/sessions/ HTTP/1.1" 200 9141
[25/Aug/2025 17:44:20] "GET /api/charge-points/ HTTP/1.1" 200 967
[25/Aug/2025 17:44:25] "GET /api/charge-points/ HTTP/1.1" 200 967
[25/Aug/2025 17:44:25] "GET /api/sessions/ HTTP/1.1" 200 9141
[25/Aug/2025 17:44:30] "GET /api/charge-points/ HTTP/1.1" 200 967
[25/Aug/2025 17:44:30] "GET /api/sessions/ HTTP/1.1" 200 9141
[25/Aug/2025 17:44:35] "GET /api/charge-points/ HTTP/1.1" 200 967
[25/Aug/2025 17:44:35] "GET /api/sessions/ HTTP/1.1" 200 9141
[25/Aug/2025 17:44:40] "GET /api/charge-points/ HTTP/1.1" 200 967
[25/Aug/2025 17:44:40] "GET /api/sessions/ HTTP/1.1" 200 9141
[25/Aug/2025 17:44:45] "GET /api/charge-points/ HTTP/1.1" 200 967
[25/Aug/2025 17:44:45] "GET /api/sessions/ HTTP/1.1" 200 9141
[25/Aug/2025 17:44:50] "GET /api/charge-points/ HTTP/1.1" 200 967
[25/Aug/2025 17:44:50] "GET /api/sessions/ HTTP/1.1" 200 9141
[25/Aug/2025 17:44:55] "GET /api/charge-points/ HTTP/1.1" 200 967
[25/Aug/2025 17:44:55] "GET /api/sessions/ HTTP/1.1" 200 9141
[25/Aug/2025 17:45:00] "GET /api/charge-points/ HTTP/1.1" 200 967
[25/Aug/2025 17:45:00] "GET /api/sessions/ HTTP/1.1" 200 9141
[25/Aug/2025 17:45:05] "GET /api/charge-points/ HTTP/1.1" 200 967
[25/Aug/2025 17:45:05] "GET /api/sessions/ HTTP/1.1" 200 9141
[25/Aug/2025 17:45:10] "GET /api/charge-points/ HTTP/1.1" 200 967
[25/Aug/2025 17:45:10] "GET /api/sessions/ HTTP/1.1" 200 9141
[25/Aug/2025 17:45:15] "GET /api/charge-points/ HTTP/1.1" 200 967
[25/Aug/2025 17:45:15] "GET /api/sessions/ HTTP/1.1" 200 9141
[25/Aug/2025 17:45:20] "GET /api/charge-points/ HTTP/1.1" 200 967
[25/Aug/2025 17:45:20] "GET /api/sessions/ HTTP/1.1" 200 9141
[25/Aug/2025 17:45:25] "GET /api/charge-points/ HTTP/1.1" 200 967
[25/Aug/2025 17:45:25] "GET /api/sessions/ HTTP/1.1" 200 9141
[25/Aug/2025 17:45:35] "GET /api/sessions/ HTTP/1.1" 200 9138
[25/Aug/2025 17:45:35] "GET /api/charge-points/ HTTP/1.1" 200 967
[25/Aug/2025 17:45:40] "GET /api/sessions/ HTTP/1.1" 200 9141
[25/Aug/2025 17:45:40] "GET /api/charge-points/ HTTP/1.1" 200 967
[25/Aug/2025 17:45:45] "GET /api/sessions/ HTTP/1.1" 200 9141
[25/Aug/2025 17:45:45] "GET /api/charge-points/ HTTP/1.1" 200 967
[25/Aug/2025 17:45:50] "GET /api/charge-points/ HTTP/1.1" 200 967
[25/Aug/2025 17:45:50] "GET /api/sessions/ HTTP/1.1" 200 9141
[25/Aug/2025 17:45:55] "GET /api/charge-points/ HTTP/1.1" 200 967
[25/Aug/2025 17:45:55] "GET /api/sessions/ HTTP/1.1" 200 9141
[25/Aug/2025 17:46:00] "GET /api/charge-points/ HTTP/1.1" 200 967
[25/Aug/2025 17:46:00] "GET /api/sessions/ HTTP/1.1" 200 9141
[25/Aug/2025 17:46:05] "GET /api/charge-points/ HTTP/1.1" 200 967
[25/Aug/2025 17:46:05] "GET /api/sessions/ HTTP/1.1" 200 9141
[25/Aug/2025 17:46:10] "GET /api/charge-points/ HTTP/1.1" 200 967
[25/Aug/2025 17:46:10] "GET /api/sessions/ HTTP/1.1" 200 9141
[25/Aug/2025 17:46:15] "GET /api/charge-points/ HTTP/1.1" 200 967
[25/Aug/2025 17:46:15] "GET /api/sessions/ HTTP/1.1" 200 9141
[25/Aug/2025 17:46:20] "GET /api/charge-points/ HTTP/1.1" 200 967
[25/Aug/2025 17:46:20] "GET /api/sessions/ HTTP/1.1" 200 9141
[25/Aug/2025 17:46:25] "GET /api/charge-points/ HTTP/1.1" 200 967
[25/Aug/2025 17:46:25] "GET /api/sessions/ HTTP/1.1" 200 9141
[25/Aug/2025 17:46:30] "GET /api/sessions/ HTTP/1.1" 200 9141
[25/Aug/2025 17:46:30] "GET /api/charge-points/ HTTP/1.1" 200 967
[25/Aug/2025 17:46:35] "GET /api/charge-points/ HTTP/1.1" 200 967
[25/Aug/2025 17:46:35] "GET /api/sessions/ HTTP/1.1" 200 9141
[25/Aug/2025 17:47:04] "GET /api/charge-points/ HTTP/1.1" 200 967
[25/Aug/2025 17:47:04] "GET /api/sessions/ HTTP/1.1" 200 9141
[25/Aug/2025 17:48:04] "GET /api/charge-points/ HTTP/1.1" 200 967
[25/Aug/2025 17:48:04] "GET /api/sessions/ HTTP/1.1" 200 9141
[25/Aug/2025 17:49:04] "GET /api/charge-points/ HTTP/1.1" 200 967
[25/Aug/2025 17:49:04] "GET /api/sessions/ HTTP/1.1" 200 9141
[25/Aug/2025 17:50:04] "GET /api/charge-points/ HTTP/1.1" 200 967
[25/Aug/2025 17:50:04] "GET /api/sessions/ HTTP/1.1" 200 9141
[25/Aug/2025 17:51:04] "GET /api/charge-points/ HTTP/1.1" 200 967
[25/Aug/2025 17:51:04] "GET /api/sessions/ HTTP/1.1" 200 9141
[25/Aug/2025 17:52:04] "GET /api/charge-points/ HTTP/1.1" 200 967
[25/Aug/2025 17:52:04] "GET /api/sessions/ HTTP/1.1" 200 9141
[25/Aug/2025 17:53:04] "GET /api/charge-points/ HTTP/1.1" 200 967
[25/Aug/2025 17:53:04] "GET /api/sessions/ HTTP/1.1" 200 9141
[25/Aug/2025 17:54:04] "GET /api/charge-points/ HTTP/1.1" 200 967
[25/Aug/2025 17:54:04] "GET /api/sessions/ HTTP/1.1" 200 9141
[25/Aug/2025 17:55:04] "GET /api/charge-points/ HTTP/1.1" 200 967
[25/Aug/2025 17:55:04] "GET /api/sessions/ HTTP/1.1" 200 9141
[25/Aug/2025 17:56:04] "GET /api/charge-points/ HTTP/1.1" 200 967
[25/Aug/2025 17:56:04] "GET /api/sessions/ HTTP/1.1" 200 9141
[25/Aug/2025 17:57:04] "GET /api/charge-points/ HTTP/1.1" 200 967
[25/Aug/2025 17:57:04] "GET /api/sessions/ HTTP/1.1" 200 9141
[25/Aug/2025 17:58:04] "GET /api/sessions/ HTTP/1.1" 200 9141
[25/Aug/2025 17:58:04] "GET /api/charge-points/ HTTP/1.1" 200 967
[25/Aug/2025 17:59:04] "GET /api/charge-points/ HTTP/1.1" 200 967
[25/Aug/2025 17:59:04] "GET /api/sessions/ HTTP/1.1" 200 9141
[25/Aug/2025 18:00:04] "GET /api/charge-points/ HTTP/1.1" 200 967
[25/Aug/2025 18:00:04] "GET /api/sessions/ HTTP/1.1" 200 9141
[25/Aug/2025 18:01:04] "GET /api/charge-points/ HTTP/1.1" 200 967
[25/Aug/2025 18:01:04] "GET /api/sessions/ HTTP/1.1" 200 9141
[25/Aug/2025 18:02:04] "GET /api/charge-points/ HTTP/1.1" 200 967
[25/Aug/2025 18:02:04] "GET /api/sessions/ HTTP/1.1" 200 9141
[25/Aug/2025 18:03:04] "GET /api/sessions/ HTTP/1.1" 200 9141
[25/Aug/2025 18:03:04] "GET /api/charge-points/ HTTP/1.1" 200 967
[25/Aug/2025 18:04:04] "GET /api/charge-points/ HTTP/1.1" 200 967
[25/Aug/2025 18:04:04] "GET /api/sessions/ HTTP/1.1" 200 9141
[25/Aug/2025 18:05:04] "GET /api/charge-points/ HTTP/1.1" 200 967
[25/Aug/2025 18:05:04] "GET /api/sessions/ HTTP/1.1" 200 9141
[25/Aug/2025 18:05:52] "GET /api/charge-points/ HTTP/1.1" 200 967
[25/Aug/2025 18:05:52] "GET /api/sessions/ HTTP/1.1" 200 9141
[25/Aug/2025 18:05:55] "GET /api/charge-points/ HTTP/1.1" 200 967
[25/Aug/2025 18:05:55] "GET /api/sessions/ HTTP/1.1" 200 9141
[25/Aug/2025 18:06:00] "GET /api/charge-points/ HTTP/1.1" 200 967
[25/Aug/2025 18:06:00] "GET /api/sessions/ HTTP/1.1" 200 9141
[25/Aug/2025 18:06:05] "GET /api/charge-points/ HTTP/1.1" 200 967
[25/Aug/2025 18:06:05] "GET /api/sessions/ HTTP/1.1" 200 9141
[25/Aug/2025 18:06:10] "GET /api/sessions/ HTTP/1.1" 200 9141
[25/Aug/2025 18:06:10] "GET /api/charge-points/ HTTP/1.1" 200 967
[25/Aug/2025 18:06:15] "GET /api/charge-points/ HTTP/1.1" 200 967
[25/Aug/2025 18:06:15] "GET /api/sessions/ HTTP/1.1" 200 9141
[25/Aug/2025 18:06:20] "GET /api/charge-points/ HTTP/1.1" 200 967
[25/Aug/2025 18:06:20] "GET /api/sessions/ HTTP/1.1" 200 9141
[25/Aug/2025 18:06:25] "GET /api/charge-points/ HTTP/1.1" 200 967
[25/Aug/2025 18:06:25] "GET /api/sessions/ HTTP/1.1" 200 9141
[25/Aug/2025 18:06:30] "GET /api/charge-points/ HTTP/1.1" 200 967
[25/Aug/2025 18:06:30] "GET /api/sessions/ HTTP/1.1" 200 9141
[25/Aug/2025 18:06:35] "GET /api/charge-points/ HTTP/1.1" 200 967
[25/Aug/2025 18:06:35] "GET /api/sessions/ HTTP/1.1" 200 9141
[25/Aug/2025 18:06:40] "GET /api/charge-points/ HTTP/1.1" 200 967
[25/Aug/2025 18:06:40] "GET /api/sessions/ HTTP/1.1" 200 9141
[25/Aug/2025 18:06:45] "GET /api/charge-points/ HTTP/1.1" 200 967
[25/Aug/2025 18:06:45] "GET /api/sessions/ HTTP/1.1" 200 9141
[25/Aug/2025 18:06:50] "GET /api/charge-points/ HTTP/1.1" 200 967
[25/Aug/2025 18:06:50] "GET /api/sessions/ HTTP/1.1" 200 9141
[25/Aug/2025 18:06:55] "GET /api/charge-points/ HTTP/1.1" 200 967
[25/Aug/2025 18:06:55] "GET /api/sessions/ HTTP/1.1" 200 9141
[25/Aug/2025 18:07:00] "GET /api/sessions/ HTTP/1.1" 200 9141
[25/Aug/2025 18:07:00] "GET /api/charge-points/ HTTP/1.1" 200 967
[25/Aug/2025 18:07:05] "GET /api/charge-points/ HTTP/1.1" 200 967
[25/Aug/2025 18:07:05] "GET /api/sessions/ HTTP/1.1" 200 9141
[25/Aug/2025 18:07:10] "GET /api/charge-points/ HTTP/1.1" 200 967
[25/Aug/2025 18:07:10] "GET /api/sessions/ HTTP/1.1" 200 9141
[25/Aug/2025 18:07:15] "GET /api/charge-points/ HTTP/1.1" 200 967
[25/Aug/2025 18:07:15] "GET /api/sessions/ HTTP/1.1" 200 9141
[25/Aug/2025 18:07:20] "GET /api/charge-points/ HTTP/1.1" 200 967
[25/Aug/2025 18:07:20] "GET /api/sessions/ HTTP/1.1" 200 9141
[25/Aug/2025 18:07:25] "GET /api/sessions/ HTTP/1.1" 200 9141
[25/Aug/2025 18:07:25] "GET /api/charge-points/ HTTP/1.1" 200 967
[25/Aug/2025 18:07:30] "GET /api/charge-points/ HTTP/1.1" 200 967
[25/Aug/2025 18:07:30] "GET /api/sessions/ HTTP/1.1" 200 9141
[25/Aug/2025 18:07:35] "GET /api/charge-points/ HTTP/1.1" 200 967
[25/Aug/2025 18:07:35] "GET /api/sessions/ HTTP/1.1" 200 9141
[25/Aug/2025 18:07:40] "GET /api/charge-points/ HTTP/1.1" 200 967
[25/Aug/2025 18:07:40] "GET /api/sessions/ HTTP/1.1" 200 9141
[25/Aug/2025 18:07:45] "GET /api/charge-points/ HTTP/1.1" 200 967
[25/Aug/2025 18:07:45] "GET /api/sessions/ HTTP/1.1" 200 9141
[25/Aug/2025 18:07:50] "GET /api/charge-points/ HTTP/1.1" 200 967
[25/Aug/2025 18:07:50] "GET /api/sessions/ HTTP/1.1" 200 9141
[25/Aug/2025 18:07:55] "GET /api/charge-points/ HTTP/1.1" 200 967
[25/Aug/2025 18:07:55] "GET /api/sessions/ HTTP/1.1" 200 9141
[25/Aug/2025 18:08:00] "GET /api/sessions/ HTTP/1.1" 200 9141
[25/Aug/2025 18:08:00] "GET /api/charge-points/ HTTP/1.1" 200 967
[25/Aug/2025 18:08:05] "GET /api/sessions/ HTTP/1.1" 200 9141
[25/Aug/2025 18:08:05] "GET /api/charge-points/ HTTP/1.1" 200 967
[25/Aug/2025 18:08:10] "GET /api/charge-points/ HTTP/1.1" 200 967
[25/Aug/2025 18:08:10] "GET /api/sessions/ HTTP/1.1" 200 9141
[25/Aug/2025 18:08:15] "GET /api/charge-points/ HTTP/1.1" 200 967
[25/Aug/2025 18:08:15] "GET /api/sessions/ HTTP/1.1" 200 9141
[25/Aug/2025 18:08:20] "GET /api/charge-points/ HTTP/1.1" 200 967
[25/Aug/2025 18:08:20] "GET /api/sessions/ HTTP/1.1" 200 9141
[25/Aug/2025 18:08:25] "GET /api/charge-points/ HTTP/1.1" 200 967
[25/Aug/2025 18:08:25] "GET /api/sessions/ HTTP/1.1" 200 9141
[25/Aug/2025 18:09:04] "GET /api/sessions/ HTTP/1.1" 200 9141
[25/Aug/2025 18:09:04] "GET /api/charge-points/ HTTP/1.1" 200 967
[25/Aug/2025 18:10:04] "GET /api/charge-points/ HTTP/1.1" 200 967
[25/Aug/2025 18:10:04] "GET /api/sessions/ HTTP/1.1" 200 9141
[25/Aug/2025 18:11:04] "GET /api/sessions/ HTTP/1.1" 200 9141
[25/Aug/2025 18:11:04] "GET /api/charge-points/ HTTP/1.1" 200 967
[25/Aug/2025 18:12:04] "GET /api/charge-points/ HTTP/1.1" 200 967
[25/Aug/2025 18:12:04] "GET /api/sessions/ HTTP/1.1" 200 9141
[25/Aug/2025 18:13:04] "GET /api/charge-points/ HTTP/1.1" 200 967
[25/Aug/2025 18:13:04] "GET /api/sessions/ HTTP/1.1" 200 9141
[25/Aug/2025 18:14:04] "GET /api/charge-points/ HTTP/1.1" 200 967
[25/Aug/2025 18:14:04] "GET /api/sessions/ HTTP/1.1" 200 9141
[25/Aug/2025 18:15:04] "GET /api/charge-points/ HTTP/1.1" 200 967
[25/Aug/2025 18:15:04] "GET /api/sessions/ HTTP/1.1" 200 9141
[25/Aug/2025 18:15:21] "GET /api/me/ HTTP/1.1" 200 84
[25/Aug/2025 18:15:22] "GET /api/public/charge-points/NEGA/ HTTP/1.1" 200 280
[25/Aug/2025 18:15:24] "GET /api/public/charge-points/ HTTP/1.1" 200 2389
[25/Aug/2025 18:16:04] "GET /api/charge-points/ HTTP/1.1" 200 967
[25/Aug/2025 18:16:04] "GET /api/sessions/ HTTP/1.1" 200 9141
[25/Aug/2025 18:16:53] "OPTIONS /api/public/charge-points/YES/ HTTP/1.1" 200 0
[25/Aug/2025 18:16:53] "GET /api/public/charge-points/YES/ HTTP/1.1" 200 297
[25/Aug/2025 18:17:01] "GET /api/public/charge-points/ HTTP/1.1" 200 2389
[25/Aug/2025 18:17:04] "GET /api/charge-points/ HTTP/1.1" 200 967
[25/Aug/2025 18:17:04] "GET /api/sessions/ HTTP/1.1" 200 9141
[25/Aug/2025 18:17:08] "GET /api/public/charge-points/NEGA/ HTTP/1.1" 200 280
[25/Aug/2025 18:17:12] "GET /api/public/charge-points/ HTTP/1.1" 200 2389
[25/Aug/2025 18:17:34] "GET /api/public/charge-points/YES/ HTTP/1.1" 200 297
[25/Aug/2025 18:17:37] "GET /api/public/charge-points/ HTTP/1.1" 200 2389
[25/Aug/2025 18:17:41] "GET /api/public/charge-points/NEGA/ HTTP/1.1" 200 280
[25/Aug/2025 18:17:43] "GET /api/public/charge-points/ HTTP/1.1" 200 2389
[25/Aug/2025 18:17:54] "OPTIONS /api/public/charge-points/BURA/ HTTP/1.1" 200 0
[25/Aug/2025 18:17:55] "GET /api/public/charge-points/BURA/ HTTP/1.1" 200 310
[25/Aug/2025 18:17:57] "GET /api/public/charge-points/ HTTP/1.1" 200 2389
[25/Aug/2025 18:18:00] "GET /api/public/charge-points/NEGA/ HTTP/1.1" 200 280
[25/Aug/2025 18:18:02] "GET /api/public/charge-points/ HTTP/1.1" 200 2389
[25/Aug/2025 18:18:04] "OPTIONS /api/public/charge-points/FIRST/ HTTP/1.1" 200 0
[25/Aug/2025 18:18:04] "GET /api/charge-points/ HTTP/1.1" 200 967
[25/Aug/2025 18:18:04] "GET /api/sessions/ HTTP/1.1" 200 9141
[25/Aug/2025 18:18:04] "GET /api/public/charge-points/FIRST/ HTTP/1.1" 200 312
[25/Aug/2025 18:18:06] "GET /api/public/charge-points/ HTTP/1.1" 200 2389
[25/Aug/2025 18:18:09] "OPTIONS /api/public/charge-points/THIRD/ HTTP/1.1" 200 0
[25/Aug/2025 18:18:09] "GET /api/public/charge-points/THIRD/ HTTP/1.1" 200 298
[25/Aug/2025 18:18:12] "GET /api/public/charge-points/ HTTP/1.1" 200 2389
[25/Aug/2025 18:18:13] "GET /api/public/charge-points/FIRST/ HTTP/1.1" 200 312
[25/Aug/2025 18:18:17] "GET /api/public/charge-points/ HTTP/1.1" 200 2389
[25/Aug/2025 18:18:32] "GET /api/public/charge-points/BURA/ HTTP/1.1" 200 310
[25/Aug/2025 18:18:39] "GET /api/public/charge-points/ HTTP/1.1" 200 2389
[25/Aug/2025 18:18:42] "GET /api/public/charge-points/FIRST/ HTTP/1.1" 200 312
[25/Aug/2025 18:18:44] "GET /api/public/charge-points/ HTTP/1.1" 200 2389
[25/Aug/2025 18:18:52] "GET /api/public/charge-points/BURA/ HTTP/1.1" 200 310
[25/Aug/2025 18:18:55] "GET /api/public/charge-points/ HTTP/1.1" 200 2389
[25/Aug/2025 18:19:04] "GET /api/charge-points/ HTTP/1.1" 200 967
[25/Aug/2025 18:19:04] "GET /api/sessions/ HTTP/1.1" 200 9141
[25/Aug/2025 18:20:04] "GET /api/charge-points/ HTTP/1.1" 200 967
[25/Aug/2025 18:20:04] "GET /api/sessions/ HTTP/1.1" 200 9141
[25/Aug/2025 18:21:04] "GET /api/charge-points/ HTTP/1.1" 200 967
[25/Aug/2025 18:21:04] "GET /api/sessions/ HTTP/1.1" 200 9141
[25/Aug/2025 18:22:04] "GET /api/charge-points/ HTTP/1.1" 200 967
[25/Aug/2025 18:22:04] "GET /api/sessions/ HTTP/1.1" 200 9141
[25/Aug/2025 18:23:04] "GET /api/charge-points/ HTTP/1.1" 200 967
[25/Aug/2025 18:23:04] "GET /api/sessions/ HTTP/1.1" 200 9141
[25/Aug/2025 18:24:04] "GET /api/charge-points/ HTTP/1.1" 200 967
[25/Aug/2025 18:24:04] "GET /api/sessions/ HTTP/1.1" 200 9141
[25/Aug/2025 18:25:04] "GET /api/charge-points/ HTTP/1.1" 200 967
[25/Aug/2025 18:25:04] "GET /api/sessions/ HTTP/1.1" 200 9141
[25/Aug/2025 18:26:04] "GET /api/charge-points/ HTTP/1.1" 200 967
[25/Aug/2025 18:26:04] "GET /api/sessions/ HTTP/1.1" 200 9141
[25/Aug/2025 18:27:04] "GET /api/charge-points/ HTTP/1.1" 200 967
[25/Aug/2025 18:27:04] "GET /api/sessions/ HTTP/1.1" 200 9141
[25/Aug/2025 18:28:04] "GET /api/charge-points/ HTTP/1.1" 200 967
[25/Aug/2025 18:28:04] "GET /api/sessions/ HTTP/1.1" 200 9141
[25/Aug/2025 18:29:04] "GET /api/charge-points/ HTTP/1.1" 200 967
[25/Aug/2025 18:29:04] "GET /api/sessions/ HTTP/1.1" 200 9141
[25/Aug/2025 18:30:04] "GET /api/charge-points/ HTTP/1.1" 200 967
[25/Aug/2025 18:30:04] "GET /api/sessions/ HTTP/1.1" 200 9141
[25/Aug/2025 18:31:04] "GET /api/charge-points/ HTTP/1.1" 200 967
[25/Aug/2025 18:31:04] "GET /api/sessions/ HTTP/1.1" 200 9141
[25/Aug/2025 18:32:04] "GET /api/charge-points/ HTTP/1.1" 200 967
[25/Aug/2025 18:32:04] "GET /api/sessions/ HTTP/1.1" 200 9141
[25/Aug/2025 18:33:04] "GET /api/sessions/ HTTP/1.1" 200 9141
[25/Aug/2025 18:33:04] "GET /api/charge-points/ HTTP/1.1" 200 967
[25/Aug/2025 18:34:04] "GET /api/charge-points/ HTTP/1.1" 200 967
[25/Aug/2025 18:34:04] "GET /api/sessions/ HTTP/1.1" 200 9141
[25/Aug/2025 18:35:04] "GET /api/charge-points/ HTTP/1.1" 200 967
[25/Aug/2025 18:35:04] "GET /api/sessions/ HTTP/1.1" 200 9141
[25/Aug/2025 18:35:29] "POST /api/auth/refresh/ HTTP/1.1" 200 270
[25/Aug/2025 18:36:04] "GET /api/charge-points/ HTTP/1.1" 200 967
[25/Aug/2025 18:36:04] "GET /api/sessions/ HTTP/1.1" 200 9141
[25/Aug/2025 18:37:04] "GET /api/charge-points/ HTTP/1.1" 200 967
[25/Aug/2025 18:37:04] "GET /api/sessions/ HTTP/1.1" 200 9141
[25/Aug/2025 18:38:04] "GET /api/charge-points/ HTTP/1.1" 200 967
[25/Aug/2025 18:38:04] "GET /api/sessions/ HTTP/1.1" 200 9141
[25/Aug/2025 18:39:04] "GET /api/sessions/ HTTP/1.1" 200 9141
[25/Aug/2025 18:39:04] "GET /api/charge-points/ HTTP/1.1" 200 967
[25/Aug/2025 18:39:31] "OPTIONS /api/auth/refresh/ HTTP/1.1" 200 0
[25/Aug/2025 18:39:32] "POST /api/auth/refresh/ HTTP/1.1" 200 261
[25/Aug/2025 18:40:04] "GET /api/charge-points/ HTTP/1.1" 200 967
[25/Aug/2025 18:40:04] "GET /api/sessions/ HTTP/1.1" 200 9141
[25/Aug/2025 18:41:04] "GET /api/charge-points/ HTTP/1.1" 200 967
[25/Aug/2025 18:41:04] "GET /api/sessions/ HTTP/1.1" 200 9141
[25/Aug/2025 18:42:04] "GET /api/sessions/ HTTP/1.1" 200 9141
[25/Aug/2025 18:42:04] "GET /api/charge-points/ HTTP/1.1" 200 967
[25/Aug/2025 18:43:19] "GET /api/sessions/ HTTP/1.1" 200 9141
[25/Aug/2025 18:43:19] "GET /api/charge-points/ HTTP/1.1" 200 967
[25/Aug/2025 18:43:21] "GET /api/me/ HTTP/1.1" 200 84
[25/Aug/2025 18:43:22] "GET /api/public/charge-points/ HTTP/1.1" 200 2389
[25/Aug/2025 18:44:05] "GET /api/charge-points/ HTTP/1.1" 200 967
[25/Aug/2025 18:44:05] "GET /api/sessions/ HTTP/1.1" 200 9141
[25/Aug/2025 18:45:05] "GET /api/charge-points/ HTTP/1.1" 200 967
[25/Aug/2025 18:45:05] "GET /api/sessions/ HTTP/1.1" 200 9141
[25/Aug/2025 18:46:05] "GET /api/charge-points/ HTTP/1.1" 200 967
[25/Aug/2025 18:46:05] "GET /api/sessions/ HTTP/1.1" 200 9141
[25/Aug/2025 18:47:05] "GET /api/charge-points/ HTTP/1.1" 200 967
[25/Aug/2025 18:47:05] "GET /api/sessions/ HTTP/1.1" 200 9141
[25/Aug/2025 18:48:05] "GET /api/sessions/ HTTP/1.1" 200 9141
[25/Aug/2025 18:48:05] "GET /api/charge-points/ HTTP/1.1" 200 967
[25/Aug/2025 18:49:05] "GET /api/charge-points/ HTTP/1.1" 200 967
[25/Aug/2025 18:49:05] "GET /api/sessions/ HTTP/1.1" 200 9141
[25/Aug/2025 18:50:05] "GET /api/charge-points/ HTTP/1.1" 200 967
[25/Aug/2025 18:50:05] "GET /api/sessions/ HTTP/1.1" 200 9141
[25/Aug/2025 18:51:05] "GET /api/sessions/ HTTP/1.1" 200 9141
[25/Aug/2025 18:51:05] "GET /api/charge-points/ HTTP/1.1" 200 967
[25/Aug/2025 18:52:05] "GET /api/charge-points/ HTTP/1.1" 200 967
[25/Aug/2025 18:52:05] "GET /api/sessions/ HTTP/1.1" 200 9141
[25/Aug/2025 18:53:05] "GET /api/sessions/ HTTP/1.1" 200 9141
[25/Aug/2025 18:53:05] "GET /api/charge-points/ HTTP/1.1" 200 967
[25/Aug/2025 18:54:05] "GET /api/charge-points/ HTTP/1.1" 200 967
[25/Aug/2025 18:54:05] "GET /api/sessions/ HTTP/1.1" 200 9141
[25/Aug/2025 18:55:05] "GET /api/sessions/ HTTP/1.1" 200 9141
[25/Aug/2025 18:55:05] "GET /api/charge-points/ HTTP/1.1" 200 967
[25/Aug/2025 18:56:05] "GET /api/charge-points/ HTTP/1.1" 200 967
[25/Aug/2025 18:56:05] "GET /api/sessions/ HTTP/1.1" 200 9141
[25/Aug/2025 18:57:05] "GET /api/charge-points/ HTTP/1.1" 200 967
[25/Aug/2025 18:57:05] "GET /api/sessions/ HTTP/1.1" 200 9141
[25/Aug/2025 18:58:05] "GET /api/charge-points/ HTTP/1.1" 200 967
[25/Aug/2025 18:58:05] "GET /api/sessions/ HTTP/1.1" 200 9141
[25/Aug/2025 18:59:05] "GET /api/charge-points/ HTTP/1.1" 200 967
[25/Aug/2025 18:59:05] "GET /api/sessions/ HTTP/1.1" 200 9141
[25/Aug/2025 19:00:05] "GET /api/charge-points/ HTTP/1.1" 200 967
[25/Aug/2025 19:00:05] "GET /api/sessions/ HTTP/1.1" 200 9141
[25/Aug/2025 19:01:05] "GET /api/sessions/ HTTP/1.1" 200 9141
[25/Aug/2025 19:01:05] "GET /api/charge-points/ HTTP/1.1" 200 967
[25/Aug/2025 19:02:05] "GET /api/charge-points/ HTTP/1.1" 200 967
[25/Aug/2025 19:02:05] "GET /api/sessions/ HTTP/1.1" 200 9141
[25/Aug/2025 19:03:05] "GET /api/charge-points/ HTTP/1.1" 200 967
[25/Aug/2025 19:03:05] "GET /api/sessions/ HTTP/1.1" 200 9141
[25/Aug/2025 19:04:05] "GET /api/charge-points/ HTTP/1.1" 200 967
[25/Aug/2025 19:04:05] "GET /api/sessions/ HTTP/1.1" 200 9141
[25/Aug/2025 19:05:05] "GET /api/charge-points/ HTTP/1.1" 200 967
[25/Aug/2025 19:05:05] "GET /api/sessions/ HTTP/1.1" 200 9141
[25/Aug/2025 19:07:05] "GET /api/charge-points/ HTTP/1.1" 200 967
[25/Aug/2025 19:07:05] "GET /api/sessions/ HTTP/1.1" 200 9141
[25/Aug/2025 19:08:05] "GET /api/sessions/ HTTP/1.1" 200 9141
[25/Aug/2025 19:08:05] "GET /api/charge-points/ HTTP/1.1" 200 967
[25/Aug/2025 19:08:19] "GET /api/charge-points/ HTTP/1.1" 200 967
[25/Aug/2025 19:08:19] "GET /api/sessions/ HTTP/1.1" 200 9141
[25/Aug/2025 19:08:28] "GET /api/me/ HTTP/1.1" 200 150
[25/Aug/2025 19:10:37] "GET /api/me/ HTTP/1.1" 200 84
[25/Aug/2025 19:10:38] "GET /api/public/charge-points/ HTTP/1.1" 200 2389
[25/Aug/2025 19:35:00] "POST /api/auth/refresh/ HTTP/1.1" 200 270
[25/Aug/2025 19:39:03] "POST /api/auth/refresh/ HTTP/1.1" 200 261
[25/Aug/2025 19:50:10] "OPTIONS /api/me/ HTTP/1.1" 200 0
[25/Aug/2025 19:50:10] "GET /api/me/ HTTP/1.1" 200 84
[25/Aug/2025 19:51:03] "OPTIONS /api/auth/signup/ HTTP/1.1" 200 0
[25/Aug/2025 19:51:04] "POST /api/auth/signup/ HTTP/1.1" 201 15
[25/Aug/2025 19:51:18] "OPTIONS /api/auth/login/ HTTP/1.1" 200 0
[25/Aug/2025 19:51:19] "POST /api/auth/login/ HTTP/1.1" 200 537
[25/Aug/2025 19:51:19] "GET /api/me/ HTTP/1.1" 200 82
[25/Aug/2025 19:51:20] "OPTIONS /api/public/charge-points/ HTTP/1.1" 200 0
[25/Aug/2025 19:51:20] "GET /api/public/charge-points/ HTTP/1.1" 200 2389
[25/Aug/2025 20:22:50] "GET /api/me/ HTTP/1.1" 200 82
[25/Aug/2025 20:23:00] "POST /api/auth/login/ HTTP/1.1" 200 537
[25/Aug/2025 20:23:01] "GET /api/me/ HTTP/1.1" 200 84
[25/Aug/2025 20:23:01] "GET /api/public/charge-points/ HTTP/1.1" 200 2389
[25/Aug/2025 20:32:55] "GET /api/me/ HTTP/1.1" 200 84
[25/Aug/2025 20:32:56] "GET /api/public/charge-points/ HTTP/1.1" 200 2389
Watching for file changes with StatReloader
[25/Aug/2025 20:52:52] "GET /api/me/ HTTP/1.1" 200 143
Watching for file changes with StatReloader
[25/Aug/2025 20:53:35] "GET /api/me/ HTTP/1.1" 200 143
[25/Aug/2025 20:54:38] "GET /api/me/ HTTP/1.1" 200 143
[25/Aug/2025 20:54:47] "GET /api/me/ HTTP/1.1" 200 143
[25/Aug/2025 20:54:58] "POST /api/auth/login/ HTTP/1.1" 200 537
[25/Aug/2025 20:54:58] "GET /api/me/ HTTP/1.1" 200 143
[25/Aug/2025 20:54:59] "GET /api/public/charge-points/ HTTP/1.1" 200 2389
[25/Aug/2025 20:55:11] "GET /api/me/ HTTP/1.1" 200 143
[25/Aug/2025 21:54:28] "OPTIONS /api/auth/refresh/ HTTP/1.1" 200 0
[25/Aug/2025 21:54:29] "POST /api/auth/refresh/ HTTP/1.1" 200 261
[25/Aug/2025 22:47:52] code 400, message Bad HTTP/0.9 request type ('\x16\x03\x01\x00{\x01\x00\x00w\x03\x03\x9e\x9a\x17RÚ%÷Ó;ÆÈ»uÓJWu\\')
[25/Aug/2025 22:47:52] You're accessing the development server over HTTPS, but it only supports HTTP.
[25/Aug/2025 22:47:52] code 400, message Bad request version ('À\x14À')
[25/Aug/2025 22:47:52] You're accessing the development server over HTTPS, but it only supports HTTP.
Not Found: /
[25/Aug/2025 22:47:53] "GET / HTTP/1.1" 404 2062
Not Found: /login
[25/Aug/2025 22:47:53] "GET /login HTTP/1.1" 404 2095
[26/Aug/2025 01:11:00] "OPTIONS /api/auth/signup/ HTTP/1.1" 200 0
[26/Aug/2025 01:11:01] "POST /api/auth/signup/ HTTP/1.1" 201 15
[26/Aug/2025 01:11:31] "OPTIONS /api/auth/login/ HTTP/1.1" 200 0
[26/Aug/2025 01:11:31] "POST /api/auth/login/ HTTP/1.1" 200 537
[26/Aug/2025 01:11:32] "OPTIONS /api/me/ HTTP/1.1" 200 0
[26/Aug/2025 01:11:33] "GET /api/me/ HTTP/1.1" 200 164
[26/Aug/2025 01:11:34] "OPTIONS /api/public/charge-points/ HTTP/1.1" 200 0
[26/Aug/2025 01:11:34] "GET /api/public/charge-points/ HTTP/1.1" 200 2389
[26/Aug/2025 01:11:52] "GET /api/me/ HTTP/1.1" 200 164
[26/Aug/2025 01:12:00] "GET /api/me/ HTTP/1.1" 200 164
[26/Aug/2025 01:12:01] "GET /api/public/charge-points/ HTTP/1.1" 200 2389
[26/Aug/2025 01:37:44] "POST /api/auth/login/ HTTP/1.1" 200 537
[26/Aug/2025 01:37:44] "GET /api/me/ HTTP/1.1" 200 164
[26/Aug/2025 01:37:45] "GET /api/public/charge-points/ HTTP/1.1" 200 2389
[26/Aug/2025 01:37:52] "GET /api/me/ HTTP/1.1" 200 164
[26/Aug/2025 01:38:09] "GET /api/me/ HTTP/1.1" 200 164
[26/Aug/2025 01:43:38] "GET /api/me/ HTTP/1.1" 200 164
[26/Aug/2025 01:43:50] "GET /api/me/ HTTP/1.1" 200 164
[26/Aug/2025 01:46:59] "GET /api/public/charge-points/ HTTP/1.1" 200 2389
[26/Aug/2025 01:49:16] "GET /api/me/ HTTP/1.1" 200 164
[26/Aug/2025 01:49:19] "GET /api/public/charge-points/ HTTP/1.1" 200 2389
[26/Aug/2025 01:49:25] "GET /api/me/ HTTP/1.1" 200 164
[26/Aug/2025 01:49:27] "GET /api/public/charge-points/ HTTP/1.1" 200 2389
[26/Aug/2025 01:49:32] "OPTIONS /api/charge-points/ HTTP/1.1" 200 0
[26/Aug/2025 01:49:32] "GET /api/charge-points/ HTTP/1.1" 200 1896
[26/Aug/2025 01:49:35] "GET /api/public/charge-points/ HTTP/1.1" 200 2389
[26/Aug/2025 01:49:38] "OPTIONS /api/transactions/ HTTP/1.1" 200 0
Not Found: /api/transactions/
[26/Aug/2025 01:49:39] "GET /api/transactions/ HTTP/1.1" 404 5699
Not Found: /
[26/Aug/2025 01:57:24] "GET / HTTP/1.1" 404 2062
[26/Aug/2025 01:57:26] code 505, message Invalid HTTP version (2.0)
[26/Aug/2025 01:57:26] "PRI * HTTP/2.0" 505 -
Not Found: /favicon.ico
[26/Aug/2025 01:57:33] "GET /favicon.ico HTTP/1.1" 404 2113
[26/Aug/2025 01:57:34] code 505, message Invalid HTTP version (2.0)
[26/Aug/2025 01:57:34] "PRI * HTTP/2.0" 505 -
[26/Aug/2025 01:57:38] code 400, message Bad request version ('À\x14À')
[26/Aug/2025 01:57:38] You're accessing the development server over HTTPS, but it only supports HTTP.
Not Found: /login
[26/Aug/2025 01:57:38] "GET /login HTTP/1.1" 404 2095
[26/Aug/2025 02:36:24] code 400, message Bad HTTP/0.9 request type ('\x16\x03\x01\x00{\x01\x00\x00w\x03\x03&Ý«ý³\x9f\x95º\x89\x15ÈÖ.\x11\x08Áãp-S\x13îz\x99\x11ÆÐ`Ö&~m\x00\x00\x1aÀ/À+À\x11À\x07À\x13À')
[26/Aug/2025 02:36:24] You're accessing the development server over HTTPS, but it only supports HTTP.
[26/Aug/2025 02:36:25] code 400, message Bad request syntax ('MGLNDD_147.93.127.215_8000')
[26/Aug/2025 02:36:25] "MGLNDD_147.93.127.215_8000" 400 -
Not Found: /
[26/Aug/2025 05:06:22] "GET / HTTP/1.1" 404 2062
Not Found: /
[26/Aug/2025 10:16:51] "GET / HTTP/1.1" 404 2057
Not Found: /favicon.ico
[26/Aug/2025 10:16:52] "GET /favicon.ico HTTP/1.1" 404 2108
Internal Server Error: /api/auth/password/reset
Traceback (most recent call last):
  File "/root/evcsms/evcsms/.ocpp/lib/python3.13/site-packages/django/core/handlers/exception.py", line 55, in inner
    response = get_response(request)
  File "/root/evcsms/evcsms/.ocpp/lib/python3.13/site-packages/django/utils/deprecation.py", line 136, in __call__
    response = self.process_response(request, response)
  File "/root/evcsms/evcsms/.ocpp/lib/python3.13/site-packages/django/middleware/common.py", line 108, in process_response
    return self.response_redirect_class(self.get_full_path_with_slash(request))
                                        ~~~~~~~~~~~~~~~~~~~~~~~~~~~~~^^^^^^^^^
  File "/root/evcsms/evcsms/.ocpp/lib/python3.13/site-packages/django/middleware/common.py", line 87, in get_full_path_with_slash
    raise RuntimeError(
    ...<9 lines>...
    )
RuntimeError: You called this URL via POST, but the URL doesn't end in a slash and you have APPEND_SLASH set. Django can't redirect to the slash URL while maintaining POST data. Change your form to point to 147.93.127.215:8000/api/auth/password/reset/ (note the trailing slash), or set APPEND_SLASH=False in your Django settings.
[26/Aug/2025 11:47:17] "POST /api/auth/password/reset HTTP/1.1" 500 63777
[26/Aug/2025 11:49:59] "GET /api/auth/password/reset HTTP/1.1" 301 0
Method Not Allowed: /api/auth/password/reset/
[26/Aug/2025 11:49:59] "GET /api/auth/password/reset/ HTTP/1.1" 405 40
Internal Server Error: /api/auth/password/reset
Traceback (most recent call last):
  File "/root/evcsms/evcsms/.ocpp/lib/python3.13/site-packages/django/core/handlers/exception.py", line 55, in inner
    response = get_response(request)
  File "/root/evcsms/evcsms/.ocpp/lib/python3.13/site-packages/django/utils/deprecation.py", line 136, in __call__
    response = self.process_response(request, response)
  File "/root/evcsms/evcsms/.ocpp/lib/python3.13/site-packages/django/middleware/common.py", line 108, in process_response
    return self.response_redirect_class(self.get_full_path_with_slash(request))
                                        ~~~~~~~~~~~~~~~~~~~~~~~~~~~~~^^^^^^^^^
  File "/root/evcsms/evcsms/.ocpp/lib/python3.13/site-packages/django/middleware/common.py", line 87, in get_full_path_with_slash
    raise RuntimeError(
    ...<9 lines>...
    )
RuntimeError: You called this URL via POST, but the URL doesn't end in a slash and you have APPEND_SLASH set. Django can't redirect to the slash URL while maintaining POST data. Change your form to point to 147.93.127.215:8000/api/auth/password/reset/ (note the trailing slash), or set APPEND_SLASH=False in your Django settings.
[26/Aug/2025 11:50:18] "POST /api/auth/password/reset HTTP/1.1" 500 64165
Unsupported Media Type: /api/auth/password/reset/
[26/Aug/2025 11:50:47] "POST /api/auth/password/reset/ HTTP/1.1" 415 132
[26/Aug/2025 11:50:55] "POST /api/auth/password/reset/ HTTP/1.1" 200 39
[26/Aug/2025 11:58:44] "OPTIONS /api/auth/password/reset/ HTTP/1.1" 200 0
[26/Aug/2025 11:58:45] "POST /api/auth/password/reset/ HTTP/1.1" 200 39
[26/Aug/2025 11:59:10] "POST /api/auth/password/reset/ HTTP/1.1" 200 39
[26/Aug/2025 12:16:33] "OPTIONS /api/api/auth/password/reset/confirm/ HTTP/1.1" 200 0
Not Found: /api/api/auth/password/reset/confirm/
[26/Aug/2025 12:16:33] "POST /api/api/auth/password/reset/confirm/ HTTP/1.1" 404 5757
[26/Aug/2025 12:17:40] "OPTIONS /api/auth/password/reset/confirm/ HTTP/1.1" 200 0
[26/Aug/2025 12:17:41] "POST /api/auth/password/reset/confirm/ HTTP/1.1" 200 36
Bad Request: /api/auth/password/reset/confirm/
[26/Aug/2025 12:19:41] "POST /api/auth/password/reset/confirm/ HTTP/1.1" 400 49
Bad Request: /api/auth/password/reset/confirm/
[26/Aug/2025 12:20:10] "POST /api/auth/password/reset/confirm/ HTTP/1.1" 400 49
[26/Aug/2025 12:22:44] "POST /api/auth/password/reset/ HTTP/1.1" 200 39
[26/Aug/2025 12:23:45] "POST /api/auth/password/reset/confirm/ HTTP/1.1" 200 36
Bad Request: /api/auth/password/reset/confirm/
[26/Aug/2025 12:24:02] "POST /api/auth/password/reset/confirm/ HTTP/1.1" 400 49
Bad Request: /api/auth/password/reset/confirm/
[26/Aug/2025 12:40:43] "POST /api/auth/password/reset/confirm/ HTTP/1.1" 400 49
Bad Request: /api/auth/password/reset/confirm/
[26/Aug/2025 12:41:33] "POST /api/auth/password/reset/confirm/ HTTP/1.1" 400 49
Bad Request: /api/auth/password/reset/confirm/
[26/Aug/2025 12:43:17] "POST /api/auth/password/reset/confirm/ HTTP/1.1" 400 49
Bad Request: /api/auth/password/reset/confirm/
[26/Aug/2025 12:43:29] "POST /api/auth/password/reset/confirm/ HTTP/1.1" 400 49
Bad Request: /api/auth/password/reset/confirm/
[26/Aug/2025 12:45:06] "POST /api/auth/password/reset/confirm/ HTTP/1.1" 400 49
Bad Request: /api/auth/password/reset/confirm/
[26/Aug/2025 12:46:33] "POST /api/auth/password/reset/confirm/ HTTP/1.1" 400 49
Bad Request: /api/auth/password/reset/confirm/
[26/Aug/2025 12:47:30] "POST /api/auth/password/reset/confirm/ HTTP/1.1" 400 49
[26/Aug/2025 12:48:02] "POST /api/auth/password/reset/ HTTP/1.1" 200 39
[26/Aug/2025 12:48:39] "POST /api/auth/password/reset/confirm/ HTTP/1.1" 200 36
Bad Request: /api/auth/password/reset/confirm/
[26/Aug/2025 12:49:41] "POST /api/auth/password/reset/confirm/ HTTP/1.1" 400 49
[26/Aug/2025 12:50:51] "POST /api/auth/password/reset/ HTTP/1.1" 200 39
[26/Aug/2025 12:51:33] "POST /api/auth/password/reset/confirm/ HTTP/1.1" 200 36
[26/Aug/2025 12:52:53] "POST /api/auth/password/reset/ HTTP/1.1" 200 39
[26/Aug/2025 12:53:17] "POST /api/auth/password/reset/confirm/ HTTP/1.1" 200 36
[26/Aug/2025 12:53:37] "OPTIONS /api/auth/login/ HTTP/1.1" 200 0
Unauthorized: /api/auth/login/
[26/Aug/2025 12:53:37] "POST /api/auth/login/ HTTP/1.1" 401 63
Unauthorized: /api/auth/login/
[26/Aug/2025 12:54:06] "POST /api/auth/login/ HTTP/1.1" 401 63
[26/Aug/2025 12:54:21] "POST /api/auth/password/reset/ HTTP/1.1" 200 39
[26/Aug/2025 12:55:23] "POST /api/auth/password/reset/ HTTP/1.1" 200 39
[26/Aug/2025 12:55:53] "POST /api/auth/password/reset/confirm/ HTTP/1.1" 200 36
Unauthorized: /api/auth/login/
[26/Aug/2025 12:55:57] "POST /api/auth/login/ HTTP/1.1" 401 63
[26/Aug/2025 12:56:14] "OPTIONS /api/auth/signup/ HTTP/1.1" 200 0
Bad Request: /api/auth/signup/
[26/Aug/2025 12:56:14] "POST /api/auth/signup/ HTTP/1.1" 400 58
[26/Aug/2025 12:56:29] "POST /api/auth/login/ HTTP/1.1" 200 537
[26/Aug/2025 12:56:29] "OPTIONS /api/me/ HTTP/1.1" 200 0
[26/Aug/2025 12:56:29] "GET /api/me/ HTTP/1.1" 200 164
[26/Aug/2025 12:56:30] "OPTIONS /api/public/charge-points/ HTTP/1.1" 200 0
[26/Aug/2025 12:56:30] "GET /api/public/charge-points/ HTTP/1.1" 200 2389
[26/Aug/2025 12:56:34] "OPTIONS /api/public/charge-points/YES/ HTTP/1.1" 200 0
[26/Aug/2025 12:56:34] "GET /api/public/charge-points/YES/ HTTP/1.1" 200 297
[26/Aug/2025 12:56:36] "GET /api/public/charge-points/ HTTP/1.1" 200 2389
[26/Aug/2025 14:20:14,051] - Broken pipe from ('196.188.252.247', 40653)
[26/Aug/2025 14:20:14,051] - Broken pipe from ('196.188.252.247', 39453)
[26/Aug/2025 14:20:14,051] - Broken pipe from ('196.188.252.247', 25958)
[26/Aug/2025 14:20:14,052] - Broken pipe from ('196.188.252.247', 23562)
[26/Aug/2025 14:48:37] "POST /api/auth/login/ HTTP/1.1" 200 537
[26/Aug/2025 14:48:38] "GET /api/me/ HTTP/1.1" 200 164
[26/Aug/2025 14:48:38] "GET /api/public/charge-points/ HTTP/1.1" 200 2389
[26/Aug/2025 14:52:54] "OPTIONS /api/auth/login/ HTTP/1.1" 200 0
[26/Aug/2025 14:52:54] "POST /api/auth/login/ HTTP/1.1" 200 537
[26/Aug/2025 14:52:55] "OPTIONS /api/me/ HTTP/1.1" 200 0
[26/Aug/2025 14:52:55] "GET /api/me/ HTTP/1.1" 200 133
[26/Aug/2025 14:52:55] "OPTIONS /api/public/charge-points/ HTTP/1.1" 200 0
[26/Aug/2025 14:52:56] "GET /api/public/charge-points/ HTTP/1.1" 200 2389
[26/Aug/2025 14:53:03] "GET /api/me/ HTTP/1.1" 200 133
[26/Aug/2025 14:53:06] "GET /api/public/charge-points/ HTTP/1.1" 200 2389
[26/Aug/2025 14:53:13] "GET /api/me/ HTTP/1.1" 200 133
[26/Aug/2025 14:53:16] "GET /api/public/charge-points/ HTTP/1.1" 200 2389
[26/Aug/2025 14:53:46] "GET /api/me/ HTTP/1.1" 200 133
[26/Aug/2025 14:53:48] "GET /api/public/charge-points/ HTTP/1.1" 200 2389
[26/Aug/2025 14:54:23] "GET /api/me/ HTTP/1.1" 200 133
[26/Aug/2025 14:54:26] "GET /api/public/charge-points/ HTTP/1.1" 200 2389
[26/Aug/2025 14:55:56] "GET /api/me/ HTTP/1.1" 200 133
[26/Aug/2025 14:56:24] "POST /api/auth/login/ HTTP/1.1" 200 537
[26/Aug/2025 14:56:24] "GET /api/me/ HTTP/1.1" 200 133
[26/Aug/2025 14:56:25] "GET /api/public/charge-points/ HTTP/1.1" 200 2389
[26/Aug/2025 14:56:43] "GET /api/me/ HTTP/1.1" 200 133
[26/Aug/2025 14:57:41] "GET /api/me/ HTTP/1.1" 200 133
[26/Aug/2025 14:57:44] "GET /api/public/charge-points/ HTTP/1.1" 200 2389
[26/Aug/2025 14:57:52] "GET /api/me/ HTTP/1.1" 200 133
[26/Aug/2025 14:57:55] "GET /api/public/charge-points/ HTTP/1.1" 200 2389
[26/Aug/2025 14:58:27] "GET /api/me/ HTTP/1.1" 200 133
[26/Aug/2025 14:58:30] "GET /api/public/charge-points/ HTTP/1.1" 200 2389
[26/Aug/2025 15:19:30] "GET /api/me/ HTTP/1.1" 200 133
[26/Aug/2025 15:19:33] "GET /api/public/charge-points/ HTTP/1.1" 200 2389
[26/Aug/2025 15:19:39] "OPTIONS /api/auth/logout/ HTTP/1.1" 200 0
[26/Aug/2025 15:19:40] "POST /api/auth/logout/ HTTP/1.1" 200 30
Unauthorized: /api/auth/login/
[26/Aug/2025 15:20:01] "POST /api/auth/login/ HTTP/1.1" 401 63
[26/Aug/2025 15:20:19] "POST /api/auth/login/ HTTP/1.1" 200 537
[26/Aug/2025 15:20:19] "GET /api/me/ HTTP/1.1" 200 133
[26/Aug/2025 15:20:19] "GET /api/public/charge-points/ HTTP/1.1" 200 2389
[26/Aug/2025 15:20:44] "GET /api/me/ HTTP/1.1" 200 133
[26/Aug/2025 15:24:01] "GET /api/public/charge-points/ HTTP/1.1" 200 2389
[26/Aug/2025 15:24:05] "POST /api/auth/logout/ HTTP/1.1" 200 30
[26/Aug/2025 15:29:34] "OPTIONS /api/auth/signup/ HTTP/1.1" 200 0
[26/Aug/2025 15:29:35] "POST /api/auth/signup/ HTTP/1.1" 201 15
[26/Aug/2025 15:29:58] "OPTIONS /api/auth/password/reset/ HTTP/1.1" 200 0
[26/Aug/2025 15:30:00] "POST /api/auth/password/reset/ HTTP/1.1" 200 39
[26/Aug/2025 15:32:04] "OPTIONS /api/auth/password/reset/confirm/ HTTP/1.1" 200 0
[26/Aug/2025 15:32:05] "POST /api/auth/password/reset/confirm/ HTTP/1.1" 200 36
[26/Aug/2025 15:33:41] "OPTIONS /api/auth/login/ HTTP/1.1" 200 0
Unauthorized: /api/auth/login/
[26/Aug/2025 15:33:42] "POST /api/auth/login/ HTTP/1.1" 401 63
Unauthorized: /api/auth/login/
[26/Aug/2025 15:33:57] "POST /api/auth/login/ HTTP/1.1" 401 63
Unauthorized: /api/auth/login/
[26/Aug/2025 15:34:02] "POST /api/auth/login/ HTTP/1.1" 401 63
Unauthorized: /api/auth/login/
[26/Aug/2025 15:34:14] "POST /api/auth/login/ HTTP/1.1" 401 63
[26/Aug/2025 15:34:30] "OPTIONS /api/auth/password/reset/ HTTP/1.1" 200 0
[26/Aug/2025 15:34:32] "POST /api/auth/password/reset/ HTTP/1.1" 200 39
[26/Aug/2025 15:35:29] "POST /api/auth/password/reset/confirm/ HTTP/1.1" 200 36
Unauthorized: /api/auth/login/
[26/Aug/2025 15:35:43] "POST /api/auth/login/ HTTP/1.1" 401 63
Unauthorized: /api/auth/login/
[26/Aug/2025 15:35:48] "POST /api/auth/login/ HTTP/1.1" 401 63
Unauthorized: /api/auth/login/
[26/Aug/2025 15:36:05] "POST /api/auth/login/ HTTP/1.1" 401 63
Unauthorized: /api/auth/login/
[26/Aug/2025 15:36:06] "POST /api/auth/login/ HTTP/1.1" 401 63
Unauthorized: /api/auth/login/
[26/Aug/2025 15:36:07] "POST /api/auth/login/ HTTP/1.1" 401 63
Watching for file changes with StatReloader
Bad Request: /api/auth/password/reset/confirm/
[27/Aug/2025 08:05:27] "POST /api/auth/password/reset/confirm/ HTTP/1.1" 400 49
[27/Aug/2025 08:06:55] "POST /api/auth/login/ HTTP/1.1" 200 563
[27/Aug/2025 08:11:04] "OPTIONS /api/auth/login/ HTTP/1.1" 200 0
[27/Aug/2025 08:11:04] "POST /api/auth/login/ HTTP/1.1" 200 563
[27/Aug/2025 08:11:05] "OPTIONS /api/me/ HTTP/1.1" 200 0
[27/Aug/2025 08:11:05] "GET /api/me/ HTTP/1.1" 200 232
[27/Aug/2025 08:11:06] "GET /api/me/ HTTP/1.1" 200 232
[27/Aug/2025 08:11:06] "OPTIONS /api/charge-points/ HTTP/1.1" 200 0
[27/Aug/2025 08:11:06] "OPTIONS /api/sessions/ HTTP/1.1" 200 0
[27/Aug/2025 08:11:06] "GET /api/charge-points/ HTTP/1.1" 200 2
[27/Aug/2025 08:11:06] "GET /api/sessions/ HTTP/1.1" 200 2
[27/Aug/2025 08:11:11] "GET /api/charge-points/ HTTP/1.1" 200 2
[27/Aug/2025 08:11:11] "GET /api/sessions/ HTTP/1.1" 200 2
[27/Aug/2025 08:11:11] "OPTIONS /api/auth/logout/ HTTP/1.1" 200 0
[27/Aug/2025 08:11:12] "POST /api/auth/logout/ HTTP/1.1" 200 30
[27/Aug/2025 08:11:17] "POST /api/auth/login/ HTTP/1.1" 200 537
[27/Aug/2025 08:11:17] "GET /api/me/ HTTP/1.1" 200 164
[27/Aug/2025 08:11:17] "OPTIONS /api/public/charge-points/ HTTP/1.1" 200 0
[27/Aug/2025 08:11:18] "GET /api/public/charge-points/ HTTP/1.1" 200 2389
[27/Aug/2025 08:15:28] "OPTIONS /api/auth/password/reset/confirm/ HTTP/1.1" 200 0
Bad Request: /api/auth/password/reset/confirm/
[27/Aug/2025 08:15:28] "POST /api/auth/password/reset/confirm/ HTTP/1.1" 400 49
[27/Aug/2025 08:39:24,126] - Broken pipe from ('196.188.252.83', 23385)
[27/Aug/2025 09:24:51] "OPTIONS /api/me/ HTTP/1.1" 200 0
Unauthorized: /api/me/
[27/Aug/2025 09:24:51] "GET /api/me/ HTTP/1.1" 401 172
[27/Aug/2025 09:24:51] "OPTIONS /api/auth/refresh/ HTTP/1.1" 200 0
[27/Aug/2025 09:24:51] "POST /api/auth/refresh/ HTTP/1.1" 200 270
[27/Aug/2025 09:24:52] "GET /api/me/ HTTP/1.1" 200 221
[27/Aug/2025 09:25:17] "GET /api/me/ HTTP/1.1" 200 221
[27/Aug/2025 09:28:02] "OPTIONS /api/auth/login/ HTTP/1.1" 200 0
[27/Aug/2025 09:28:03] "POST /api/auth/login/ HTTP/1.1" 200 563
[27/Aug/2025 09:28:03] "OPTIONS /api/me/ HTTP/1.1" 200 0
[27/Aug/2025 09:28:03] "GET /api/me/ HTTP/1.1" 200 198
[27/Aug/2025 09:28:03] "GET /api/me/ HTTP/1.1" 200 198
[27/Aug/2025 09:28:04] "OPTIONS /api/charge-points/ HTTP/1.1" 200 0
[27/Aug/2025 09:28:04] "OPTIONS /api/sessions/ HTTP/1.1" 200 0
[27/Aug/2025 09:28:04] "GET /api/charge-points/ HTTP/1.1" 200 967
[27/Aug/2025 09:28:04] "GET /api/sessions/ HTTP/1.1" 200 9141
[27/Aug/2025 09:28:09] "GET /api/charge-points/ HTTP/1.1" 200 967
[27/Aug/2025 09:28:09] "GET /api/sessions/ HTTP/1.1" 200 9141
[27/Aug/2025 09:28:13] "OPTIONS /api/auth/logout/ HTTP/1.1" 200 0
[27/Aug/2025 09:28:13] "POST /api/auth/logout/ HTTP/1.1" 200 30
[27/Aug/2025 09:52:47] "GET /api/me/ HTTP/1.1" 200 221
[27/Aug/2025 09:52:58] "GET /api/me/ HTTP/1.1" 200 221
[27/Aug/2025 09:53:18] "GET /api/me/ HTTP/1.1" 200 221
[27/Aug/2025 09:53:20] "GET /api/me/ HTTP/1.1" 200 221
[27/Aug/2025 09:53:20] "OPTIONS /api/charge-points/ HTTP/1.1" 200 0
[27/Aug/2025 09:53:21] "OPTIONS /api/sessions/ HTTP/1.1" 200 0
[27/Aug/2025 09:53:21] "GET /api/sessions/ HTTP/1.1" 200 2
[27/Aug/2025 09:53:21] "GET /api/charge-points/ HTTP/1.1" 200 2
[27/Aug/2025 09:53:25] "GET /api/charge-points/ HTTP/1.1" 200 2
[27/Aug/2025 09:53:25] "GET /api/sessions/ HTTP/1.1" 200 2
[27/Aug/2025 09:53:30] "GET /api/charge-points/ HTTP/1.1" 200 2
[27/Aug/2025 09:53:30] "GET /api/sessions/ HTTP/1.1" 200 2
[27/Aug/2025 09:53:34] "OPTIONS /api/auth/logout/ HTTP/1.1" 200 0
[27/Aug/2025 09:53:35] "POST /api/auth/logout/ HTTP/1.1" 200 30
[27/Aug/2025 11:37:41] "OPTIONS /api/auth/login/ HTTP/1.1" 200 0
[27/Aug/2025 11:37:42] "POST /api/auth/login/ HTTP/1.1" 200 537
[27/Aug/2025 11:37:42] "OPTIONS /api/me/ HTTP/1.1" 200 0
[27/Aug/2025 11:37:42] "GET /api/me/ HTTP/1.1" 200 133
[27/Aug/2025 11:37:43] "OPTIONS /api/public/charge-points/ HTTP/1.1" 200 0
[27/Aug/2025 11:37:44] "GET /api/public/charge-points/ HTTP/1.1" 200 2389
[27/Aug/2025 11:37:50] "POST /api/auth/logout/ HTTP/1.1" 200 30
[27/Aug/2025 11:38:08] "POST /api/auth/login/ HTTP/1.1" 200 563
[27/Aug/2025 11:38:08] "GET /api/me/ HTTP/1.1" 200 198
[27/Aug/2025 11:38:09] "GET /api/me/ HTTP/1.1" 200 198
[27/Aug/2025 11:38:09] "GET /api/charge-points/ HTTP/1.1" 200 967
[27/Aug/2025 11:38:09] "GET /api/sessions/ HTTP/1.1" 200 9141
[27/Aug/2025 11:38:14] "GET /api/charge-points/ HTTP/1.1" 200 967
[27/Aug/2025 11:38:14] "GET /api/sessions/ HTTP/1.1" 200 9141
[27/Aug/2025 11:38:16] "GET /api/me/ HTTP/1.1" 200 198
[27/Aug/2025 11:43:37] "GET /api/me/ HTTP/1.1" 200 198
[27/Aug/2025 11:45:59] "OPTIONS /api/auth/login/ HTTP/1.1" 200 0
[27/Aug/2025 11:45:59] "POST /api/auth/login/ HTTP/1.1" 200 563
[27/Aug/2025 11:46:00] "OPTIONS /api/me/ HTTP/1.1" 200 0
[27/Aug/2025 11:46:00] "GET /api/me/ HTTP/1.1" 200 198
[27/Aug/2025 11:46:00] "GET /api/me/ HTTP/1.1" 200 198
[27/Aug/2025 11:46:00] "OPTIONS /api/charge-points/ HTTP/1.1" 200 0
[27/Aug/2025 11:46:01] "OPTIONS /api/sessions/ HTTP/1.1" 200 0
[27/Aug/2025 11:46:01] "GET /api/charge-points/ HTTP/1.1" 200 967
[27/Aug/2025 11:46:01] "GET /api/sessions/ HTTP/1.1" 200 9141
[27/Aug/2025 11:46:05] "GET /api/charge-points/ HTTP/1.1" 200 967
[27/Aug/2025 11:46:05] "GET /api/sessions/ HTTP/1.1" 200 9138
[27/Aug/2025 11:46:10] "GET /api/charge-points/ HTTP/1.1" 200 967
[27/Aug/2025 11:46:10] "GET /api/sessions/ HTTP/1.1" 200 9141
[27/Aug/2025 11:46:15] "GET /api/charge-points/ HTTP/1.1" 200 967
[27/Aug/2025 11:46:15] "GET /api/sessions/ HTTP/1.1" 200 9139
[27/Aug/2025 11:46:17] "GET /api/me/ HTTP/1.1" 200 198
[27/Aug/2025 11:50:28] "OPTIONS /api/auth/login/ HTTP/1.1" 200 0
[27/Aug/2025 11:50:28] "POST /api/auth/login/ HTTP/1.1" 200 537
[27/Aug/2025 11:50:28] "OPTIONS /api/me/ HTTP/1.1" 200 0
[27/Aug/2025 11:50:29] "GET /api/me/ HTTP/1.1" 200 133
[27/Aug/2025 11:50:30] "OPTIONS /api/public/charge-points/ HTTP/1.1" 200 0
[27/Aug/2025 11:50:30] "GET /api/public/charge-points/ HTTP/1.1" 200 2389
[27/Aug/2025 11:50:41] "GET /api/me/ HTTP/1.1" 200 133
[27/Aug/2025 11:50:43] "GET /api/public/charge-points/ HTTP/1.1" 200 2389
[27/Aug/2025 11:51:07] "GET /api/me/ HTTP/1.1" 200 133
[27/Aug/2025 11:51:10] "GET /api/public/charge-points/ HTTP/1.1" 200 2389
[27/Aug/2025 11:51:26] "GET /api/me/ HTTP/1.1" 200 133
[27/Aug/2025 11:51:29] "GET /api/public/charge-points/ HTTP/1.1" 200 2389
[27/Aug/2025 11:51:52] "GET /api/me/ HTTP/1.1" 200 133
[27/Aug/2025 11:51:54] "GET /api/public/charge-points/ HTTP/1.1" 200 2389
[27/Aug/2025 11:53:02] "GET /api/me/ HTTP/1.1" 200 133
[27/Aug/2025 11:53:05] "GET /api/public/charge-points/ HTTP/1.1" 200 2389
[27/Aug/2025 11:53:14] "OPTIONS /api/auth/logout/ HTTP/1.1" 200 0
[27/Aug/2025 11:53:14] "POST /api/auth/logout/ HTTP/1.1" 200 30
[27/Aug/2025 11:53:28] "POST /api/auth/login/ HTTP/1.1" 200 563
[27/Aug/2025 11:53:28] "GET /api/me/ HTTP/1.1" 200 198
[27/Aug/2025 11:53:28] "GET /api/me/ HTTP/1.1" 200 198
[27/Aug/2025 11:53:28] "OPTIONS /api/charge-points/ HTTP/1.1" 200 0
[27/Aug/2025 11:53:28] "OPTIONS /api/sessions/ HTTP/1.1" 200 0
[27/Aug/2025 11:53:29] "GET /api/charge-points/ HTTP/1.1" 200 967
[27/Aug/2025 11:53:29] "GET /api/sessions/ HTTP/1.1" 200 9141
[27/Aug/2025 11:53:33] "GET /api/charge-points/ HTTP/1.1" 200 967
[27/Aug/2025 11:53:33] "GET /api/sessions/ HTTP/1.1" 200 9141
[27/Aug/2025 11:53:38] "GET /api/charge-points/ HTTP/1.1" 200 967
[27/Aug/2025 11:53:38] "GET /api/sessions/ HTTP/1.1" 200 9141
[27/Aug/2025 11:53:40] "GET /api/me/ HTTP/1.1" 200 198
[27/Aug/2025 11:55:24] "OPTIONS /api/auth/login/ HTTP/1.1" 200 0
[27/Aug/2025 11:55:25] "POST /api/auth/login/ HTTP/1.1" 200 537
[27/Aug/2025 11:55:25] "OPTIONS /api/me/ HTTP/1.1" 200 0
[27/Aug/2025 11:55:25] "GET /api/me/ HTTP/1.1" 200 164
[27/Aug/2025 11:55:26] "OPTIONS /api/public/charge-points/ HTTP/1.1" 200 0
[27/Aug/2025 11:55:26] "GET /api/public/charge-points/ HTTP/1.1" 200 2389
[27/Aug/2025 11:55:32] "GET /api/me/ HTTP/1.1" 200 164
[27/Aug/2025 11:55:34] "GET /api/public/charge-points/ HTTP/1.1" 200 2389
[27/Aug/2025 11:56:45] "GET /api/me/ HTTP/1.1" 200 164
[27/Aug/2025 11:56:47] "GET /api/public/charge-points/ HTTP/1.1" 200 2389
[27/Aug/2025 11:57:09] "GET /api/me/ HTTP/1.1" 200 164
[27/Aug/2025 11:57:12] "GET /api/me/ HTTP/1.1" 200 164
[27/Aug/2025 11:57:12] "GET /api/public/charge-points/ HTTP/1.1" 200 2389
[27/Aug/2025 11:57:17] "GET /api/me/ HTTP/1.1" 200 198
[27/Aug/2025 11:57:24] "GET /api/me/ HTTP/1.1" 200 164
[27/Aug/2025 11:57:27] "GET /api/public/charge-points/ HTTP/1.1" 200 2389
[27/Aug/2025 11:58:04] "POST /api/auth/login/ HTTP/1.1" 200 563
[27/Aug/2025 11:58:05] "GET /api/me/ HTTP/1.1" 200 232
[27/Aug/2025 11:58:05] "GET /api/me/ HTTP/1.1" 200 232
[27/Aug/2025 11:58:05] "OPTIONS /api/sessions/ HTTP/1.1" 200 0
[27/Aug/2025 11:58:05] "OPTIONS /api/charge-points/ HTTP/1.1" 200 0
[27/Aug/2025 11:58:06] "GET /api/sessions/ HTTP/1.1" 200 2
[27/Aug/2025 11:58:06] "GET /api/charge-points/ HTTP/1.1" 200 2
[27/Aug/2025 11:58:10] "GET /api/charge-points/ HTTP/1.1" 200 2
[27/Aug/2025 11:58:10] "GET /api/sessions/ HTTP/1.1" 200 2
[27/Aug/2025 11:58:12] "GET /api/me/ HTTP/1.1" 200 232
[27/Aug/2025 11:58:14] "GET /api/me/ HTTP/1.1" 200 232
[27/Aug/2025 11:58:15] "GET /api/me/ HTTP/1.1" 200 232
[27/Aug/2025 11:58:15] "GET /api/me/ HTTP/1.1" 200 232
[27/Aug/2025 11:58:15] "GET /api/me/ HTTP/1.1" 200 232
[27/Aug/2025 11:58:16] "GET /api/me/ HTTP/1.1" 200 232
[27/Aug/2025 11:58:16] "GET /api/me/ HTTP/1.1" 200 232
[27/Aug/2025 11:58:16] "GET /api/me/ HTTP/1.1" 200 232
[27/Aug/2025 11:58:17] "GET /api/me/ HTTP/1.1" 200 232
[27/Aug/2025 11:58:17] "GET /api/me/ HTTP/1.1" 200 232
[27/Aug/2025 11:58:17] "GET /api/me/ HTTP/1.1" 200 232
[27/Aug/2025 11:58:17] "GET /api/me/ HTTP/1.1" 200 232
[27/Aug/2025 11:58:18] "GET /api/me/ HTTP/1.1" 200 232
[27/Aug/2025 11:58:18] "GET /api/me/ HTTP/1.1" 200 232
[27/Aug/2025 11:58:18] "GET /api/me/ HTTP/1.1" 200 232
[27/Aug/2025 11:58:19] "GET /api/me/ HTTP/1.1" 200 232
[27/Aug/2025 11:58:19] "GET /api/me/ HTTP/1.1" 200 232
[27/Aug/2025 11:58:19] "GET /api/me/ HTTP/1.1" 200 232
[27/Aug/2025 11:58:20] "GET /api/me/ HTTP/1.1" 200 232
[27/Aug/2025 11:58:20] "GET /api/me/ HTTP/1.1" 200 232
[27/Aug/2025 11:58:20] "GET /api/me/ HTTP/1.1" 200 232
[27/Aug/2025 11:58:21] "GET /api/me/ HTTP/1.1" 200 232
[27/Aug/2025 11:58:21] "GET /api/me/ HTTP/1.1" 200 232
[27/Aug/2025 11:58:21] "GET /api/me/ HTTP/1.1" 200 232
[27/Aug/2025 11:58:22] "GET /api/me/ HTTP/1.1" 200 232
[27/Aug/2025 11:58:22] "GET /api/me/ HTTP/1.1" 200 232
[27/Aug/2025 11:58:22] "GET /api/me/ HTTP/1.1" 200 232
[27/Aug/2025 11:58:22] "GET /api/me/ HTTP/1.1" 200 232
[27/Aug/2025 11:58:23] "GET /api/me/ HTTP/1.1" 200 232
[27/Aug/2025 11:58:23] "GET /api/me/ HTTP/1.1" 200 232
[27/Aug/2025 11:58:23] "GET /api/me/ HTTP/1.1" 200 232
[27/Aug/2025 11:58:24] "GET /api/me/ HTTP/1.1" 200 232
[27/Aug/2025 11:58:24] "GET /api/me/ HTTP/1.1" 200 232
[27/Aug/2025 11:58:24] "GET /api/me/ HTTP/1.1" 200 232
[27/Aug/2025 11:58:25] "GET /api/me/ HTTP/1.1" 200 232
[27/Aug/2025 11:58:25] "GET /api/me/ HTTP/1.1" 200 232
[27/Aug/2025 11:58:25] "GET /api/me/ HTTP/1.1" 200 232
[27/Aug/2025 11:58:26] "GET /api/me/ HTTP/1.1" 200 232
[27/Aug/2025 11:58:26] "GET /api/me/ HTTP/1.1" 200 232
[27/Aug/2025 11:58:26] "GET /api/me/ HTTP/1.1" 200 232
[27/Aug/2025 11:58:26] "GET /api/me/ HTTP/1.1" 200 232
[27/Aug/2025 11:58:27] "GET /api/me/ HTTP/1.1" 200 232
[27/Aug/2025 11:58:27] "GET /api/me/ HTTP/1.1" 200 232
[27/Aug/2025 11:58:27] "GET /api/me/ HTTP/1.1" 200 232
[27/Aug/2025 11:58:28] "GET /api/me/ HTTP/1.1" 200 232
[27/Aug/2025 11:58:28] "GET /api/me/ HTTP/1.1" 200 232
[27/Aug/2025 11:58:28] "GET /api/me/ HTTP/1.1" 200 232
[27/Aug/2025 11:58:29] "GET /api/me/ HTTP/1.1" 200 232
[27/Aug/2025 11:58:29] "GET /api/me/ HTTP/1.1" 200 232
[27/Aug/2025 11:58:29] "GET /api/me/ HTTP/1.1" 200 232
[27/Aug/2025 11:58:30] "GET /api/me/ HTTP/1.1" 200 232
[27/Aug/2025 11:58:30] "GET /api/me/ HTTP/1.1" 200 232
[27/Aug/2025 11:58:30] "GET /api/me/ HTTP/1.1" 200 232
[27/Aug/2025 11:58:31] "GET /api/me/ HTTP/1.1" 200 232
[27/Aug/2025 11:58:31] "GET /api/me/ HTTP/1.1" 200 232
[27/Aug/2025 11:58:31] "GET /api/me/ HTTP/1.1" 200 232
[27/Aug/2025 11:58:32] "GET /api/me/ HTTP/1.1" 200 232
[27/Aug/2025 11:58:32] "GET /api/me/ HTTP/1.1" 200 232
[27/Aug/2025 11:58:33] "GET /api/me/ HTTP/1.1" 200 232
[27/Aug/2025 11:58:33] "GET /api/me/ HTTP/1.1" 200 232
[27/Aug/2025 11:58:33] "GET /api/me/ HTTP/1.1" 200 232
[27/Aug/2025 11:58:34] "GET /api/me/ HTTP/1.1" 200 232
[27/Aug/2025 11:58:34] "GET /api/me/ HTTP/1.1" 200 232
[27/Aug/2025 11:58:34] "GET /api/me/ HTTP/1.1" 200 232
[27/Aug/2025 11:58:34] "GET /api/me/ HTTP/1.1" 200 232
[27/Aug/2025 11:58:35] "GET /api/me/ HTTP/1.1" 200 232
[27/Aug/2025 11:58:35] "GET /api/me/ HTTP/1.1" 200 232
[27/Aug/2025 11:58:35] "GET /api/me/ HTTP/1.1" 200 232
[27/Aug/2025 11:58:35] "GET /api/me/ HTTP/1.1" 200 232
[27/Aug/2025 11:58:35] "GET /api/me/ HTTP/1.1" 200 232
[27/Aug/2025 11:58:35] "GET /api/me/ HTTP/1.1" 200 232
[27/Aug/2025 11:58:35] "GET /api/me/ HTTP/1.1" 200 232
[27/Aug/2025 11:58:35] "GET /api/me/ HTTP/1.1" 200 232
[27/Aug/2025 11:58:35] "GET /api/me/ HTTP/1.1" 200 232
[27/Aug/2025 11:58:35] "GET /api/me/ HTTP/1.1" 200 232
[27/Aug/2025 11:58:35] "GET /api/me/ HTTP/1.1" 200 232
[27/Aug/2025 11:58:35] "GET /api/me/ HTTP/1.1" 200 232
[27/Aug/2025 11:58:35] "GET /api/me/ HTTP/1.1" 200 232
[27/Aug/2025 11:58:35] "GET /api/me/ HTTP/1.1" 200 232
[27/Aug/2025 11:58:35] "GET /api/me/ HTTP/1.1" 200 232
[27/Aug/2025 11:58:35] "GET /api/me/ HTTP/1.1" 200 232
[27/Aug/2025 11:58:35] "GET /api/me/ HTTP/1.1" 200 232
[27/Aug/2025 11:58:35] "GET /api/me/ HTTP/1.1" 200 232
[27/Aug/2025 11:58:36] "GET /api/me/ HTTP/1.1" 200 232
[27/Aug/2025 11:58:36] "GET /api/me/ HTTP/1.1" 200 232
[27/Aug/2025 11:58:36] "GET /api/me/ HTTP/1.1" 200 232
[27/Aug/2025 11:58:36] "GET /api/me/ HTTP/1.1" 200 232
[27/Aug/2025 11:58:36] "GET /api/me/ HTTP/1.1" 200 232
[27/Aug/2025 11:58:36] "GET /api/me/ HTTP/1.1" 200 232
[27/Aug/2025 11:58:36] "GET /api/me/ HTTP/1.1" 200 232
[27/Aug/2025 11:58:36] "GET /api/me/ HTTP/1.1" 200 232
[27/Aug/2025 11:58:36] "GET /api/me/ HTTP/1.1" 200 232
[27/Aug/2025 11:58:36] "GET /api/me/ HTTP/1.1" 200 232
[27/Aug/2025 11:58:36] "GET /api/me/ HTTP/1.1" 200 232
[27/Aug/2025 11:58:36] "GET /api/me/ HTTP/1.1" 200 232
[27/Aug/2025 11:58:36] "GET /api/me/ HTTP/1.1" 200 232
[27/Aug/2025 11:58:36] "GET /api/me/ HTTP/1.1" 200 232
[27/Aug/2025 11:58:36] "GET /api/me/ HTTP/1.1" 200 232
[27/Aug/2025 11:58:36] "GET /api/me/ HTTP/1.1" 200 232
[27/Aug/2025 11:58:37] "GET /api/me/ HTTP/1.1" 200 232
[27/Aug/2025 11:58:37] "GET /api/me/ HTTP/1.1" 200 232
[27/Aug/2025 11:58:43] "GET /api/me/ HTTP/1.1" 200 232
[27/Aug/2025 11:58:45] "GET /api/me/ HTTP/1.1" 200 232
[27/Aug/2025 11:58:46] "GET /api/me/ HTTP/1.1" 200 232
[27/Aug/2025 11:58:46] "GET /api/me/ HTTP/1.1" 200 232
[27/Aug/2025 11:58:46] "GET /api/me/ HTTP/1.1" 200 232
[27/Aug/2025 11:58:47] "GET /api/me/ HTTP/1.1" 200 232
[27/Aug/2025 11:58:47] "GET /api/me/ HTTP/1.1" 200 232
[27/Aug/2025 11:58:47] "GET /api/me/ HTTP/1.1" 200 232
[27/Aug/2025 11:58:48] "GET /api/me/ HTTP/1.1" 200 232
[27/Aug/2025 11:58:48] "GET /api/me/ HTTP/1.1" 200 232
[27/Aug/2025 11:58:49] "GET /api/me/ HTTP/1.1" 200 232
[27/Aug/2025 11:58:49] "GET /api/me/ HTTP/1.1" 200 232
[27/Aug/2025 11:58:49] "GET /api/me/ HTTP/1.1" 200 232
[27/Aug/2025 11:58:50] "GET /api/me/ HTTP/1.1" 200 232
[27/Aug/2025 11:58:50] "GET /api/me/ HTTP/1.1" 200 232
[27/Aug/2025 11:58:51] "GET /api/me/ HTTP/1.1" 200 232
[27/Aug/2025 11:58:51] "GET /api/me/ HTTP/1.1" 200 232
[27/Aug/2025 11:58:51] "GET /api/me/ HTTP/1.1" 200 232
[27/Aug/2025 11:58:52] "GET /api/me/ HTTP/1.1" 200 232
[27/Aug/2025 11:58:52] "GET /api/me/ HTTP/1.1" 200 232
[27/Aug/2025 11:58:53] "GET /api/me/ HTTP/1.1" 200 232
[27/Aug/2025 11:58:53] "GET /api/me/ HTTP/1.1" 200 232
[27/Aug/2025 11:58:53] "GET /api/me/ HTTP/1.1" 200 232
[27/Aug/2025 11:58:54] "GET /api/me/ HTTP/1.1" 200 232
[27/Aug/2025 11:58:54] "GET /api/me/ HTTP/1.1" 200 232
[27/Aug/2025 11:58:54] "GET /api/me/ HTTP/1.1" 200 232
[27/Aug/2025 11:58:55] "GET /api/me/ HTTP/1.1" 200 232
[27/Aug/2025 11:58:55] "GET /api/me/ HTTP/1.1" 200 232
[27/Aug/2025 11:58:55] "GET /api/me/ HTTP/1.1" 200 232
[27/Aug/2025 11:58:56] "GET /api/me/ HTTP/1.1" 200 232
[27/Aug/2025 11:58:56] "GET /api/me/ HTTP/1.1" 200 232
[27/Aug/2025 11:58:56] "GET /api/me/ HTTP/1.1" 200 232
[27/Aug/2025 11:58:57] "GET /api/me/ HTTP/1.1" 200 232
[27/Aug/2025 11:58:57] "GET /api/me/ HTTP/1.1" 200 232
[27/Aug/2025 11:58:57] "GET /api/me/ HTTP/1.1" 200 232
[27/Aug/2025 11:58:58] "GET /api/me/ HTTP/1.1" 200 232
[27/Aug/2025 11:58:58] "GET /api/me/ HTTP/1.1" 200 232
[27/Aug/2025 11:58:58] "GET /api/me/ HTTP/1.1" 200 232
[27/Aug/2025 11:58:58] "GET /api/me/ HTTP/1.1" 200 232
[27/Aug/2025 11:58:59] "GET /api/me/ HTTP/1.1" 200 232
[27/Aug/2025 11:58:59] "GET /api/me/ HTTP/1.1" 200 232
[27/Aug/2025 11:58:59] "GET /api/me/ HTTP/1.1" 200 232
[27/Aug/2025 11:59:00] "GET /api/me/ HTTP/1.1" 200 232
[27/Aug/2025 11:59:00] "GET /api/me/ HTTP/1.1" 200 232
[27/Aug/2025 11:59:00] "GET /api/me/ HTTP/1.1" 200 232
[27/Aug/2025 11:59:01] "GET /api/me/ HTTP/1.1" 200 232
[27/Aug/2025 11:59:01] "GET /api/me/ HTTP/1.1" 200 232
[27/Aug/2025 11:59:01] "GET /api/me/ HTTP/1.1" 200 232
[27/Aug/2025 11:59:02] "GET /api/me/ HTTP/1.1" 200 232
[27/Aug/2025 11:59:02] "GET /api/me/ HTTP/1.1" 200 232
[27/Aug/2025 11:59:03] "GET /api/me/ HTTP/1.1" 200 232
[27/Aug/2025 11:59:03] "GET /api/me/ HTTP/1.1" 200 232
[27/Aug/2025 11:59:04] "GET /api/me/ HTTP/1.1" 200 232
[27/Aug/2025 11:59:05] "GET /api/me/ HTTP/1.1" 200 232
[27/Aug/2025 11:59:05] "GET /api/me/ HTTP/1.1" 200 232
[27/Aug/2025 11:59:05] "GET /api/me/ HTTP/1.1" 200 232
[27/Aug/2025 11:59:05] "GET /api/me/ HTTP/1.1" 200 232
[27/Aug/2025 11:59:05] "GET /api/me/ HTTP/1.1" 200 232
[27/Aug/2025 11:59:06] "GET /api/me/ HTTP/1.1" 200 232
[27/Aug/2025 11:59:06] "GET /api/me/ HTTP/1.1" 200 232
[27/Aug/2025 11:59:06] "GET /api/me/ HTTP/1.1" 200 232
[27/Aug/2025 11:59:06] "GET /api/me/ HTTP/1.1" 200 232
[27/Aug/2025 11:59:06] "GET /api/me/ HTTP/1.1" 200 232
[27/Aug/2025 11:59:06] "GET /api/me/ HTTP/1.1" 200 232
[27/Aug/2025 11:59:07] "GET /api/me/ HTTP/1.1" 200 232
[27/Aug/2025 11:59:07] "GET /api/me/ HTTP/1.1" 200 232
[27/Aug/2025 11:59:07] "GET /api/me/ HTTP/1.1" 200 232
[27/Aug/2025 11:59:07] "GET /api/me/ HTTP/1.1" 200 232
[27/Aug/2025 11:59:07] "GET /api/me/ HTTP/1.1" 200 232
[27/Aug/2025 11:59:07] "GET /api/me/ HTTP/1.1" 200 232
[27/Aug/2025 11:59:07] "GET /api/me/ HTTP/1.1" 200 232
[27/Aug/2025 11:59:08] "GET /api/me/ HTTP/1.1" 200 232
[27/Aug/2025 11:59:08] "GET /api/me/ HTTP/1.1" 200 232
[27/Aug/2025 11:59:08] "GET /api/me/ HTTP/1.1" 200 232
[27/Aug/2025 11:59:08] "GET /api/me/ HTTP/1.1" 200 232
[27/Aug/2025 11:59:08] "GET /api/me/ HTTP/1.1" 200 232
[27/Aug/2025 11:59:08] "GET /api/me/ HTTP/1.1" 200 232
[27/Aug/2025 11:59:08] "GET /api/me/ HTTP/1.1" 200 232
[27/Aug/2025 11:59:09] "GET /api/me/ HTTP/1.1" 200 232
[27/Aug/2025 11:59:09] "GET /api/me/ HTTP/1.1" 200 232
[27/Aug/2025 11:59:09] "GET /api/me/ HTTP/1.1" 200 232
[27/Aug/2025 11:59:09] "GET /api/me/ HTTP/1.1" 200 232
[27/Aug/2025 11:59:09] "GET /api/me/ HTTP/1.1" 200 232
[27/Aug/2025 11:59:09] "GET /api/me/ HTTP/1.1" 200 232
[27/Aug/2025 11:59:10] "GET /api/me/ HTTP/1.1" 200 232
[27/Aug/2025 11:59:10] "GET /api/me/ HTTP/1.1" 200 232
[27/Aug/2025 11:59:10] "GET /api/me/ HTTP/1.1" 200 232
[27/Aug/2025 11:59:10] "GET /api/me/ HTTP/1.1" 200 232
[27/Aug/2025 11:59:10] "GET /api/me/ HTTP/1.1" 200 232
[27/Aug/2025 11:59:10] "GET /api/me/ HTTP/1.1" 200 232
[27/Aug/2025 11:59:10] "GET /api/me/ HTTP/1.1" 200 232
[27/Aug/2025 11:59:11] "GET /api/me/ HTTP/1.1" 200 232
[27/Aug/2025 11:59:11] "GET /api/me/ HTTP/1.1" 200 232
[27/Aug/2025 11:59:11] "GET /api/me/ HTTP/1.1" 200 232
[27/Aug/2025 11:59:11] "GET /api/me/ HTTP/1.1" 200 232
[27/Aug/2025 11:59:11] "GET /api/me/ HTTP/1.1" 200 232
[27/Aug/2025 11:59:11] "GET /api/me/ HTTP/1.1" 200 232
[27/Aug/2025 11:59:11] "GET /api/me/ HTTP/1.1" 200 232
[27/Aug/2025 11:59:11] "GET /api/me/ HTTP/1.1" 200 232
[27/Aug/2025 11:59:11] "GET /api/me/ HTTP/1.1" 200 232
[27/Aug/2025 11:59:11] "GET /api/me/ HTTP/1.1" 200 232
[27/Aug/2025 11:59:36] "GET /api/me/ HTTP/1.1" 200 232
[27/Aug/2025 11:59:39] "GET /api/me/ HTTP/1.1" 200 232
[27/Aug/2025 11:59:39] "GET /api/me/ HTTP/1.1" 200 232
[27/Aug/2025 11:59:39] "GET /api/me/ HTTP/1.1" 200 232
[27/Aug/2025 11:59:40] "GET /api/me/ HTTP/1.1" 200 232
[27/Aug/2025 11:59:40] "GET /api/me/ HTTP/1.1" 200 232
[27/Aug/2025 11:59:41] "GET /api/me/ HTTP/1.1" 200 232
[27/Aug/2025 11:59:41] "GET /api/me/ HTTP/1.1" 200 232
[27/Aug/2025 11:59:41] "GET /api/me/ HTTP/1.1" 200 232
[27/Aug/2025 11:59:42] "GET /api/me/ HTTP/1.1" 200 232
[27/Aug/2025 11:59:42] "GET /api/me/ HTTP/1.1" 200 232
[27/Aug/2025 11:59:42] "GET /api/me/ HTTP/1.1" 200 232
[27/Aug/2025 11:59:43] "GET /api/me/ HTTP/1.1" 200 232
[27/Aug/2025 11:59:43] "GET /api/me/ HTTP/1.1" 200 232
[27/Aug/2025 11:59:44] "GET /api/me/ HTTP/1.1" 200 232
[27/Aug/2025 11:59:44] "GET /api/me/ HTTP/1.1" 200 232
[27/Aug/2025 11:59:44] "GET /api/me/ HTTP/1.1" 200 232
[27/Aug/2025 11:59:44] "GET /api/me/ HTTP/1.1" 200 232
[27/Aug/2025 11:59:45] "GET /api/me/ HTTP/1.1" 200 232
[27/Aug/2025 11:59:45] "GET /api/me/ HTTP/1.1" 200 232
[27/Aug/2025 11:59:45] "GET /api/me/ HTTP/1.1" 200 232
[27/Aug/2025 11:59:46] "GET /api/me/ HTTP/1.1" 200 232
[27/Aug/2025 11:59:46] "GET /api/me/ HTTP/1.1" 200 232
[27/Aug/2025 11:59:46] "GET /api/me/ HTTP/1.1" 200 232
[27/Aug/2025 11:59:47] "GET /api/me/ HTTP/1.1" 200 232
[27/Aug/2025 11:59:47] "GET /api/me/ HTTP/1.1" 200 232
[27/Aug/2025 11:59:47] "GET /api/me/ HTTP/1.1" 200 232
[27/Aug/2025 11:59:48] "GET /api/me/ HTTP/1.1" 200 232
[27/Aug/2025 11:59:48] "GET /api/me/ HTTP/1.1" 200 232
[27/Aug/2025 11:59:48] "GET /api/me/ HTTP/1.1" 200 232
[27/Aug/2025 11:59:49] "GET /api/me/ HTTP/1.1" 200 232
[27/Aug/2025 11:59:49] "GET /api/me/ HTTP/1.1" 200 232
[27/Aug/2025 11:59:49] "GET /api/me/ HTTP/1.1" 200 232
[27/Aug/2025 11:59:50] "GET /api/me/ HTTP/1.1" 200 232
[27/Aug/2025 11:59:50] "GET /api/me/ HTTP/1.1" 200 232
[27/Aug/2025 11:59:51] "GET /api/me/ HTTP/1.1" 200 232
[27/Aug/2025 11:59:51] "GET /api/me/ HTTP/1.1" 200 232
[27/Aug/2025 11:59:51] "GET /api/me/ HTTP/1.1" 200 232
[27/Aug/2025 11:59:52] "GET /api/me/ HTTP/1.1" 200 232
[27/Aug/2025 11:59:52] "GET /api/me/ HTTP/1.1" 200 232
[27/Aug/2025 11:59:53] "GET /api/me/ HTTP/1.1" 200 232
[27/Aug/2025 11:59:53] "GET /api/me/ HTTP/1.1" 200 232
[27/Aug/2025 11:59:53] "GET /api/me/ HTTP/1.1" 200 232
[27/Aug/2025 11:59:54] "GET /api/me/ HTTP/1.1" 200 232
[27/Aug/2025 11:59:54] "GET /api/me/ HTTP/1.1" 200 232
[27/Aug/2025 11:59:54] "GET /api/me/ HTTP/1.1" 200 232
[27/Aug/2025 11:59:55] "GET /api/me/ HTTP/1.1" 200 232
[27/Aug/2025 11:59:55] "GET /api/me/ HTTP/1.1" 200 232
[27/Aug/2025 11:59:56] "GET /api/me/ HTTP/1.1" 200 232
[27/Aug/2025 11:59:56] "GET /api/me/ HTTP/1.1" 200 232
[27/Aug/2025 11:59:56] "GET /api/me/ HTTP/1.1" 200 232
[27/Aug/2025 11:59:57] "GET /api/me/ HTTP/1.1" 200 232
[27/Aug/2025 11:59:57] "GET /api/me/ HTTP/1.1" 200 232
[27/Aug/2025 11:59:57] "GET /api/me/ HTTP/1.1" 200 232
[27/Aug/2025 11:59:58] "GET /api/me/ HTTP/1.1" 200 232
[27/Aug/2025 11:59:58] "GET /api/me/ HTTP/1.1" 200 232
[27/Aug/2025 11:59:59] "GET /api/me/ HTTP/1.1" 200 232
[27/Aug/2025 11:59:59] "GET /api/me/ HTTP/1.1" 200 232
[27/Aug/2025 11:59:59] "GET /api/me/ HTTP/1.1" 200 232
[27/Aug/2025 11:59:59] "GET /api/me/ HTTP/1.1" 200 232
[27/Aug/2025 11:59:59] "GET /api/me/ HTTP/1.1" 200 232
[27/Aug/2025 11:59:59] "GET /api/me/ HTTP/1.1" 200 232
[27/Aug/2025 11:59:59] "GET /api/me/ HTTP/1.1" 200 232
[27/Aug/2025 11:59:59] "GET /api/me/ HTTP/1.1" 200 232
[27/Aug/2025 11:59:59] "GET /api/me/ HTTP/1.1" 200 232
[27/Aug/2025 11:59:59] "GET /api/me/ HTTP/1.1" 200 232
[27/Aug/2025 11:59:59] "GET /api/me/ HTTP/1.1" 200 232
[27/Aug/2025 11:59:59] "GET /api/me/ HTTP/1.1" 200 232
[27/Aug/2025 11:59:59] "GET /api/me/ HTTP/1.1" 200 232
[27/Aug/2025 12:00:00] "GET /api/me/ HTTP/1.1" 200 232
[27/Aug/2025 12:00:00] "GET /api/me/ HTTP/1.1" 200 232
[27/Aug/2025 12:00:00] "GET /api/me/ HTTP/1.1" 200 232
[27/Aug/2025 12:00:00] "GET /api/me/ HTTP/1.1" 200 232
[27/Aug/2025 12:00:00] "GET /api/me/ HTTP/1.1" 200 232
[27/Aug/2025 12:00:00] "GET /api/me/ HTTP/1.1" 200 232
[27/Aug/2025 12:00:00] "GET /api/me/ HTTP/1.1" 200 232
[27/Aug/2025 12:00:00] "GET /api/me/ HTTP/1.1" 200 232
[27/Aug/2025 12:00:00] "GET /api/me/ HTTP/1.1" 200 232
[27/Aug/2025 12:00:00] "GET /api/me/ HTTP/1.1" 200 232
[27/Aug/2025 12:00:00] "GET /api/me/ HTTP/1.1" 200 232
[27/Aug/2025 12:00:00] "GET /api/me/ HTTP/1.1" 200 232
[27/Aug/2025 12:00:00] "GET /api/me/ HTTP/1.1" 200 232
[27/Aug/2025 12:00:01] "GET /api/me/ HTTP/1.1" 200 232
[27/Aug/2025 12:00:01] "GET /api/me/ HTTP/1.1" 200 232
[27/Aug/2025 12:00:01] "GET /api/me/ HTTP/1.1" 200 232
[27/Aug/2025 12:00:01] "GET /api/me/ HTTP/1.1" 200 232
[27/Aug/2025 12:00:01] "GET /api/me/ HTTP/1.1" 200 232
[27/Aug/2025 12:00:01] "GET /api/me/ HTTP/1.1" 200 232
[27/Aug/2025 12:00:01] "GET /api/me/ HTTP/1.1" 200 232
[27/Aug/2025 12:00:01] "GET /api/me/ HTTP/1.1" 200 232
[27/Aug/2025 12:00:01] "GET /api/me/ HTTP/1.1" 200 232
[27/Aug/2025 12:00:01] "GET /api/me/ HTTP/1.1" 200 232
[27/Aug/2025 12:00:01] "GET /api/me/ HTTP/1.1" 200 232
[27/Aug/2025 12:00:01] "GET /api/me/ HTTP/1.1" 200 232
[27/Aug/2025 12:00:01] "GET /api/me/ HTTP/1.1" 200 232
[27/Aug/2025 12:00:01] "GET /api/me/ HTTP/1.1" 200 232
[27/Aug/2025 12:00:01] "GET /api/me/ HTTP/1.1" 200 232
[27/Aug/2025 12:00:01] "GET /api/me/ HTTP/1.1" 200 232
[27/Aug/2025 12:00:01] "GET /api/me/ HTTP/1.1" 200 232
[27/Aug/2025 12:00:02] "GET /api/me/ HTTP/1.1" 200 232
[27/Aug/2025 12:00:02] "GET /api/me/ HTTP/1.1" 200 232
[27/Aug/2025 12:00:52] "GET /api/me/ HTTP/1.1" 200 232
[27/Aug/2025 12:00:55] "GET /api/me/ HTTP/1.1" 200 232
[27/Aug/2025 12:00:55] "GET /api/me/ HTTP/1.1" 200 232
[27/Aug/2025 12:00:55] "GET /api/me/ HTTP/1.1" 200 232
[27/Aug/2025 12:00:56] "GET /api/me/ HTTP/1.1" 200 232
[27/Aug/2025 12:00:56] "GET /api/me/ HTTP/1.1" 200 232
[27/Aug/2025 12:00:56] "GET /api/me/ HTTP/1.1" 200 232
[27/Aug/2025 12:00:57] "GET /api/me/ HTTP/1.1" 200 232
[27/Aug/2025 12:00:57] "GET /api/me/ HTTP/1.1" 200 232
[27/Aug/2025 12:00:57] "GET /api/me/ HTTP/1.1" 200 232
[27/Aug/2025 12:00:58] "GET /api/me/ HTTP/1.1" 200 232
[27/Aug/2025 12:00:58] "GET /api/me/ HTTP/1.1" 200 232
[27/Aug/2025 12:00:58] "GET /api/me/ HTTP/1.1" 200 232
[27/Aug/2025 12:00:59] "GET /api/me/ HTTP/1.1" 200 232
[27/Aug/2025 12:00:59] "GET /api/me/ HTTP/1.1" 200 232
[27/Aug/2025 12:00:59] "GET /api/me/ HTTP/1.1" 200 232
[27/Aug/2025 12:00:59] "GET /api/me/ HTTP/1.1" 200 232
[27/Aug/2025 12:01:00] "GET /api/me/ HTTP/1.1" 200 232
[27/Aug/2025 12:01:00] "GET /api/me/ HTTP/1.1" 200 232
[27/Aug/2025 12:01:00] "GET /api/me/ HTTP/1.1" 200 232
[27/Aug/2025 12:01:01] "GET /api/me/ HTTP/1.1" 200 232
[27/Aug/2025 12:01:01] "GET /api/me/ HTTP/1.1" 200 232
[27/Aug/2025 12:01:01] "GET /api/me/ HTTP/1.1" 200 232
[27/Aug/2025 12:01:02] "GET /api/me/ HTTP/1.1" 200 232
[27/Aug/2025 12:01:02] "GET /api/me/ HTTP/1.1" 200 232
[27/Aug/2025 12:01:03] "GET /api/me/ HTTP/1.1" 200 232
[27/Aug/2025 12:01:03] "GET /api/me/ HTTP/1.1" 200 232
[27/Aug/2025 12:01:03] "GET /api/me/ HTTP/1.1" 200 232
[27/Aug/2025 12:01:03] "GET /api/me/ HTTP/1.1" 200 232
[27/Aug/2025 12:01:04] "GET /api/me/ HTTP/1.1" 200 232
[27/Aug/2025 12:01:04] "GET /api/me/ HTTP/1.1" 200 232
[27/Aug/2025 12:01:04] "GET /api/me/ HTTP/1.1" 200 232
[27/Aug/2025 12:01:05] "GET /api/me/ HTTP/1.1" 200 232
[27/Aug/2025 12:01:05] "GET /api/me/ HTTP/1.1" 200 232
[27/Aug/2025 12:01:05] "GET /api/me/ HTTP/1.1" 200 232
[27/Aug/2025 12:01:06] "GET /api/me/ HTTP/1.1" 200 232
[27/Aug/2025 12:01:06] "GET /api/me/ HTTP/1.1" 200 232
[27/Aug/2025 12:01:06] "GET /api/me/ HTTP/1.1" 200 232
[27/Aug/2025 12:01:06] "GET /api/me/ HTTP/1.1" 200 232
[27/Aug/2025 12:01:07] "GET /api/me/ HTTP/1.1" 200 232
[27/Aug/2025 12:01:07] "GET /api/me/ HTTP/1.1" 200 232
[27/Aug/2025 12:01:07] "GET /api/me/ HTTP/1.1" 200 232
[27/Aug/2025 12:01:08] "GET /api/me/ HTTP/1.1" 200 232
[27/Aug/2025 12:01:08] "GET /api/me/ HTTP/1.1" 200 232
[27/Aug/2025 12:01:08] "GET /api/me/ HTTP/1.1" 200 232
[27/Aug/2025 12:01:08] "GET /api/me/ HTTP/1.1" 200 232
[27/Aug/2025 12:01:09] "GET /api/me/ HTTP/1.1" 200 232
[27/Aug/2025 12:01:09] "GET /api/me/ HTTP/1.1" 200 232
[27/Aug/2025 12:01:09] "GET /api/me/ HTTP/1.1" 200 232
[27/Aug/2025 12:01:10] "GET /api/me/ HTTP/1.1" 200 232
[27/Aug/2025 12:01:10] "GET /api/me/ HTTP/1.1" 200 232
[27/Aug/2025 12:01:10] "GET /api/me/ HTTP/1.1" 200 232
[27/Aug/2025 12:01:11] "GET /api/me/ HTTP/1.1" 200 232
[27/Aug/2025 12:01:11] "GET /api/me/ HTTP/1.1" 200 232
[27/Aug/2025 12:01:12] "GET /api/me/ HTTP/1.1" 200 232
[27/Aug/2025 12:01:12] "GET /api/me/ HTTP/1.1" 200 232
[27/Aug/2025 12:01:13] "GET /api/me/ HTTP/1.1" 200 232
[27/Aug/2025 12:01:13] "GET /api/me/ HTTP/1.1" 200 232
[27/Aug/2025 12:01:13] "GET /api/me/ HTTP/1.1" 200 232
[27/Aug/2025 12:01:14] "GET /api/me/ HTTP/1.1" 200 232
[27/Aug/2025 12:01:14] "GET /api/me/ HTTP/1.1" 200 232
[27/Aug/2025 12:01:14] "GET /api/me/ HTTP/1.1" 200 232
[27/Aug/2025 12:01:15] "GET /api/me/ HTTP/1.1" 200 232
[27/Aug/2025 12:01:15] "GET /api/me/ HTTP/1.1" 200 232
[27/Aug/2025 12:01:15] "GET /api/me/ HTTP/1.1" 200 232
[27/Aug/2025 12:01:15] "GET /api/me/ HTTP/1.1" 200 232
[27/Aug/2025 12:01:15] "GET /api/me/ HTTP/1.1" 200 232
[27/Aug/2025 12:01:15] "GET /api/me/ HTTP/1.1" 200 232
[27/Aug/2025 12:01:15] "GET /api/me/ HTTP/1.1" 200 232
[27/Aug/2025 12:01:15] "GET /api/me/ HTTP/1.1" 200 232
[27/Aug/2025 12:01:15] "GET /api/me/ HTTP/1.1" 200 232
[27/Aug/2025 12:01:15] "GET /api/me/ HTTP/1.1" 200 232
[27/Aug/2025 12:01:15] "GET /api/me/ HTTP/1.1" 200 232
[27/Aug/2025 12:01:15] "GET /api/me/ HTTP/1.1" 200 232
[27/Aug/2025 12:01:15] "GET /api/me/ HTTP/1.1" 200 232
[27/Aug/2025 12:01:16] "GET /api/me/ HTTP/1.1" 200 232
[27/Aug/2025 12:01:16] "GET /api/me/ HTTP/1.1" 200 232
[27/Aug/2025 12:01:16] "GET /api/me/ HTTP/1.1" 200 232
[27/Aug/2025 12:01:16] "GET /api/me/ HTTP/1.1" 200 232
[27/Aug/2025 12:01:16] "GET /api/me/ HTTP/1.1" 200 232
[27/Aug/2025 12:01:16] "GET /api/me/ HTTP/1.1" 200 232
[27/Aug/2025 12:01:16] "GET /api/me/ HTTP/1.1" 200 232
[27/Aug/2025 12:01:16] "GET /api/me/ HTTP/1.1" 200 232
[27/Aug/2025 12:01:16] "GET /api/me/ HTTP/1.1" 200 232
[27/Aug/2025 12:01:16] "GET /api/me/ HTTP/1.1" 200 232
[27/Aug/2025 12:01:16] "GET /api/me/ HTTP/1.1" 200 232
[27/Aug/2025 12:01:16] "GET /api/me/ HTTP/1.1" 200 232
[27/Aug/2025 12:01:16] "GET /api/me/ HTTP/1.1" 200 232
[27/Aug/2025 12:01:16] "GET /api/me/ HTTP/1.1" 200 232
[27/Aug/2025 12:01:16] "GET /api/me/ HTTP/1.1" 200 232
[27/Aug/2025 12:01:16] "GET /api/me/ HTTP/1.1" 200 232
[27/Aug/2025 12:01:16] "GET /api/me/ HTTP/1.1" 200 232
[27/Aug/2025 12:01:16] "GET /api/me/ HTTP/1.1" 200 232
[27/Aug/2025 12:01:17] "GET /api/me/ HTTP/1.1" 200 232
[27/Aug/2025 12:01:17] "GET /api/me/ HTTP/1.1" 200 232
[27/Aug/2025 12:01:17] "GET /api/me/ HTTP/1.1" 200 232
[27/Aug/2025 12:01:17] "GET /api/me/ HTTP/1.1" 200 232
[27/Aug/2025 12:01:17] "GET /api/me/ HTTP/1.1" 200 232
[27/Aug/2025 12:01:17] "GET /api/me/ HTTP/1.1" 200 232
[27/Aug/2025 12:01:17] "GET /api/me/ HTTP/1.1" 200 232
[27/Aug/2025 12:01:17] "GET /api/me/ HTTP/1.1" 200 232
[27/Aug/2025 12:01:34] "GET /api/me/ HTTP/1.1" 200 232
[27/Aug/2025 12:01:34] "GET /api/charge-points/ HTTP/1.1" 200 2
[27/Aug/2025 12:01:34] "GET /api/sessions/ HTTP/1.1" 200 2
[27/Aug/2025 12:01:39] "GET /api/charge-points/ HTTP/1.1" 200 2
[27/Aug/2025 12:01:39] "GET /api/sessions/ HTTP/1.1" 200 2
[27/Aug/2025 12:01:43] "GET /api/me/ HTTP/1.1" 200 232
[27/Aug/2025 12:01:46] "GET /api/me/ HTTP/1.1" 200 232
[27/Aug/2025 12:01:46] "GET /api/charge-points/ HTTP/1.1" 200 2
[27/Aug/2025 12:01:46] "GET /api/sessions/ HTTP/1.1" 200 2
[27/Aug/2025 12:01:51] "GET /api/charge-points/ HTTP/1.1" 200 2
[27/Aug/2025 12:01:51] "GET /api/sessions/ HTTP/1.1" 200 2
[27/Aug/2025 12:01:52] "OPTIONS /api/auth/logout/ HTTP/1.1" 200 0
[27/Aug/2025 12:01:52] "POST /api/auth/logout/ HTTP/1.1" 200 30
[27/Aug/2025 12:02:07] "POST /api/auth/login/ HTTP/1.1" 200 563
[27/Aug/2025 12:02:07] "GET /api/me/ HTTP/1.1" 200 232
[27/Aug/2025 12:02:07] "GET /api/me/ HTTP/1.1" 200 232
[27/Aug/2025 12:02:08] "GET /api/charge-points/ HTTP/1.1" 200 2
[27/Aug/2025 12:02:08] "GET /api/sessions/ HTTP/1.1" 200 2
[27/Aug/2025 12:02:13] "GET /api/sessions/ HTTP/1.1" 200 2
[27/Aug/2025 12:02:13] "GET /api/charge-points/ HTTP/1.1" 200 2
[27/Aug/2025 12:02:14] "GET /api/me/ HTTP/1.1" 200 232
[27/Aug/2025 12:02:16] "GET /api/me/ HTTP/1.1" 200 232
[27/Aug/2025 12:02:17] "GET /api/charge-points/ HTTP/1.1" 200 2
[27/Aug/2025 12:02:17] "GET /api/sessions/ HTTP/1.1" 200 2
[27/Aug/2025 12:02:19] "POST /api/auth/logout/ HTTP/1.1" 200 30
[27/Aug/2025 12:02:23] "POST /api/auth/login/ HTTP/1.1" 200 537
[27/Aug/2025 12:02:23] "GET /api/me/ HTTP/1.1" 200 164
[27/Aug/2025 12:02:23] "GET /api/public/charge-points/ HTTP/1.1" 200 2389
[27/Aug/2025 12:02:28] "GET /api/me/ HTTP/1.1" 200 164
[27/Aug/2025 12:02:30] "GET /api/me/ HTTP/1.1" 200 164
[27/Aug/2025 12:02:31] "GET /api/public/charge-points/ HTTP/1.1" 200 2389
[27/Aug/2025 12:03:09] "POST /api/auth/login/ HTTP/1.1" 200 563
[27/Aug/2025 12:03:09] "GET /api/me/ HTTP/1.1" 200 232
[27/Aug/2025 12:03:09] "GET /api/me/ HTTP/1.1" 200 232
[27/Aug/2025 12:03:09] "GET /api/charge-points/ HTTP/1.1" 200 2
[27/Aug/2025 12:03:09] "GET /api/sessions/ HTTP/1.1" 200 2
[27/Aug/2025 12:03:15] "GET /api/charge-points/ HTTP/1.1" 200 2
[27/Aug/2025 12:03:15] "GET /api/sessions/ HTTP/1.1" 200 2
[27/Aug/2025 12:03:15] "GET /api/me/ HTTP/1.1" 200 232
[27/Aug/2025 12:03:17] "GET /api/me/ HTTP/1.1" 200 232
[27/Aug/2025 12:03:18] "GET /api/sessions/ HTTP/1.1" 200 2
[27/Aug/2025 12:03:18] "GET /api/charge-points/ HTTP/1.1" 200 2
[27/Aug/2025 12:03:23] "GET /api/charge-points/ HTTP/1.1" 200 2
[27/Aug/2025 12:03:23] "GET /api/sessions/ HTTP/1.1" 200 2
[27/Aug/2025 12:03:28] "GET /api/sessions/ HTTP/1.1" 200 2
[27/Aug/2025 12:03:28] "GET /api/charge-points/ HTTP/1.1" 200 2
[27/Aug/2025 12:03:33] "GET /api/sessions/ HTTP/1.1" 200 2
[27/Aug/2025 12:03:33] "GET /api/charge-points/ HTTP/1.1" 200 2
[27/Aug/2025 12:03:38] "GET /api/sessions/ HTTP/1.1" 200 2
[27/Aug/2025 12:03:38] "GET /api/charge-points/ HTTP/1.1" 200 2
[27/Aug/2025 12:03:43] "GET /api/charge-points/ HTTP/1.1" 200 2
[27/Aug/2025 12:03:43] "GET /api/sessions/ HTTP/1.1" 200 2
[27/Aug/2025 12:03:48] "GET /api/charge-points/ HTTP/1.1" 200 2
[27/Aug/2025 12:03:48] "GET /api/sessions/ HTTP/1.1" 200 2
[27/Aug/2025 12:03:53] "GET /api/sessions/ HTTP/1.1" 200 2
[27/Aug/2025 12:03:53] "GET /api/charge-points/ HTTP/1.1" 200 2
[27/Aug/2025 12:03:58] "GET /api/charge-points/ HTTP/1.1" 200 2
[27/Aug/2025 12:03:58] "GET /api/sessions/ HTTP/1.1" 200 2
[27/Aug/2025 12:04:03] "GET /api/sessions/ HTTP/1.1" 200 2
[27/Aug/2025 12:04:03] "GET /api/charge-points/ HTTP/1.1" 200 2
[27/Aug/2025 12:04:08] "GET /api/sessions/ HTTP/1.1" 200 2
[27/Aug/2025 12:04:08] "GET /api/charge-points/ HTTP/1.1" 200 2
[27/Aug/2025 12:04:13] "GET /api/charge-points/ HTTP/1.1" 200 2
[27/Aug/2025 12:04:13] "GET /api/sessions/ HTTP/1.1" 200 2
[27/Aug/2025 12:04:18] "GET /api/charge-points/ HTTP/1.1" 200 2
[27/Aug/2025 12:04:18] "GET /api/sessions/ HTTP/1.1" 200 2
[27/Aug/2025 12:04:23] "GET /api/sessions/ HTTP/1.1" 200 2
[27/Aug/2025 12:04:23] "GET /api/charge-points/ HTTP/1.1" 200 2
[27/Aug/2025 12:04:28] "GET /api/sessions/ HTTP/1.1" 200 2
[27/Aug/2025 12:04:28] "GET /api/charge-points/ HTTP/1.1" 200 2
[27/Aug/2025 12:04:33] "GET /api/charge-points/ HTTP/1.1" 200 2
[27/Aug/2025 12:04:33] "GET /api/sessions/ HTTP/1.1" 200 2
[27/Aug/2025 12:04:38] "GET /api/sessions/ HTTP/1.1" 200 2
[27/Aug/2025 12:04:38] "GET /api/charge-points/ HTTP/1.1" 200 2
[27/Aug/2025 12:04:43] "GET /api/charge-points/ HTTP/1.1" 200 2
[27/Aug/2025 12:04:43] "GET /api/sessions/ HTTP/1.1" 200 2
[27/Aug/2025 12:04:48] "GET /api/charge-points/ HTTP/1.1" 200 2
[27/Aug/2025 12:04:48] "GET /api/sessions/ HTTP/1.1" 200 2
[27/Aug/2025 12:04:53] "GET /api/charge-points/ HTTP/1.1" 200 2
[27/Aug/2025 12:04:53] "GET /api/sessions/ HTTP/1.1" 200 2
[27/Aug/2025 12:04:58] "GET /api/sessions/ HTTP/1.1" 200 2
[27/Aug/2025 12:04:58] "GET /api/charge-points/ HTTP/1.1" 200 2
[27/Aug/2025 12:05:03] "GET /api/sessions/ HTTP/1.1" 200 2
[27/Aug/2025 12:05:03] "GET /api/charge-points/ HTTP/1.1" 200 2
[27/Aug/2025 12:05:08] "GET /api/charge-points/ HTTP/1.1" 200 2
[27/Aug/2025 12:05:08] "GET /api/sessions/ HTTP/1.1" 200 2
[27/Aug/2025 12:05:13] "GET /api/charge-points/ HTTP/1.1" 200 2
[27/Aug/2025 12:05:13] "GET /api/sessions/ HTTP/1.1" 200 2
[27/Aug/2025 12:05:18] "GET /api/charge-points/ HTTP/1.1" 200 2
[27/Aug/2025 12:05:18] "GET /api/sessions/ HTTP/1.1" 200 2
[27/Aug/2025 12:05:23] "GET /api/charge-points/ HTTP/1.1" 200 2
[27/Aug/2025 12:05:23] "GET /api/sessions/ HTTP/1.1" 200 2
[27/Aug/2025 12:05:28] "GET /api/sessions/ HTTP/1.1" 200 2
[27/Aug/2025 12:05:28] "GET /api/charge-points/ HTTP/1.1" 200 2
[27/Aug/2025 12:05:33] "GET /api/sessions/ HTTP/1.1" 200 2
[27/Aug/2025 12:05:33] "GET /api/charge-points/ HTTP/1.1" 200 2
[27/Aug/2025 12:05:38] "GET /api/charge-points/ HTTP/1.1" 200 2
[27/Aug/2025 12:05:38] "GET /api/sessions/ HTTP/1.1" 200 2
[27/Aug/2025 12:05:43] "GET /api/charge-points/ HTTP/1.1" 200 2
[27/Aug/2025 12:05:43] "GET /api/sessions/ HTTP/1.1" 200 2
[27/Aug/2025 12:05:48] "GET /api/sessions/ HTTP/1.1" 200 2
[27/Aug/2025 12:05:48] "GET /api/charge-points/ HTTP/1.1" 200 2
[27/Aug/2025 12:05:53] "GET /api/charge-points/ HTTP/1.1" 200 2
[27/Aug/2025 12:05:53] "GET /api/sessions/ HTTP/1.1" 200 2
[27/Aug/2025 12:05:58] "GET /api/charge-points/ HTTP/1.1" 200 2
[27/Aug/2025 12:05:58] "GET /api/sessions/ HTTP/1.1" 200 2
[27/Aug/2025 12:12:52] "GET /api/me/ HTTP/1.1" 200 198
[27/Aug/2025 12:13:23] "GET /api/me/ HTTP/1.1" 200 198
[27/Aug/2025 12:13:26] "GET /api/me/ HTTP/1.1" 200 198
[27/Aug/2025 12:13:26] "OPTIONS /api/charge-points/ HTTP/1.1" 200 0
[27/Aug/2025 12:13:26] "OPTIONS /api/sessions/ HTTP/1.1" 200 0
[27/Aug/2025 12:13:26] "GET /api/charge-points/ HTTP/1.1" 200 967
[27/Aug/2025 12:13:26] "GET /api/sessions/ HTTP/1.1" 200 9137
[27/Aug/2025 12:13:29] "OPTIONS /api/auth/logout/ HTTP/1.1" 200 0
[27/Aug/2025 12:13:29] "POST /api/auth/logout/ HTTP/1.1" 200 30
[27/Aug/2025 12:13:45] "POST /api/auth/login/ HTTP/1.1" 200 537
[27/Aug/2025 12:13:45] "GET /api/me/ HTTP/1.1" 200 133
[27/Aug/2025 12:13:46] "GET /api/public/charge-points/ HTTP/1.1" 200 2389
[27/Aug/2025 12:13:48] "POST /api/auth/logout/ HTTP/1.1" 200 30
[27/Aug/2025 12:14:00] "POST /api/auth/login/ HTTP/1.1" 200 563
[27/Aug/2025 12:14:00] "GET /api/me/ HTTP/1.1" 200 198
[27/Aug/2025 12:14:01] "GET /api/me/ HTTP/1.1" 200 198
[27/Aug/2025 12:14:01] "GET /api/charge-points/ HTTP/1.1" 200 967
[27/Aug/2025 12:14:01] "GET /api/sessions/ HTTP/1.1" 200 9141
[27/Aug/2025 12:14:06] "GET /api/charge-points/ HTTP/1.1" 200 967
[27/Aug/2025 12:14:06] "GET /api/sessions/ HTTP/1.1" 200 9141
[27/Aug/2025 12:14:08] "GET /api/me/ HTTP/1.1" 200 198
[27/Aug/2025 12:14:10] "GET /api/me/ HTTP/1.1" 200 198
[27/Aug/2025 12:14:10] "GET /api/charge-points/ HTTP/1.1" 200 967
[27/Aug/2025 12:14:10] "GET /api/sessions/ HTTP/1.1" 200 9141
[27/Aug/2025 12:14:15] "GET /api/charge-points/ HTTP/1.1" 200 967
[27/Aug/2025 12:14:15] "GET /api/sessions/ HTTP/1.1" 200 9139
[27/Aug/2025 12:14:20] "GET /api/charge-points/ HTTP/1.1" 200 967
[27/Aug/2025 12:14:20] "GET /api/sessions/ HTTP/1.1" 200 9138
[27/Aug/2025 12:14:22] "POST /api/auth/logout/ HTTP/1.1" 200 30
[27/Aug/2025 12:14:43] "POST /api/auth/login/ HTTP/1.1" 200 563
[27/Aug/2025 12:14:43] "GET /api/me/ HTTP/1.1" 200 198
[27/Aug/2025 12:14:43] "GET /api/me/ HTTP/1.1" 200 198
[27/Aug/2025 12:14:43] "GET /api/sessions/ HTTP/1.1" 200 9141
[27/Aug/2025 12:14:43] "GET /api/charge-points/ HTTP/1.1" 200 967
[27/Aug/2025 12:14:48] "GET /api/charge-points/ HTTP/1.1" 200 967
[27/Aug/2025 12:14:48] "GET /api/sessions/ HTTP/1.1" 200 9139
[27/Aug/2025 12:14:53] "GET /api/charge-points/ HTTP/1.1" 200 967
[27/Aug/2025 12:14:53] "GET /api/sessions/ HTTP/1.1" 200 9137
[27/Aug/2025 12:14:55] "GET /api/me/ HTTP/1.1" 200 198
[27/Aug/2025 12:14:58] "GET /api/me/ HTTP/1.1" 200 198
[27/Aug/2025 12:14:58] "GET /api/charge-points/ HTTP/1.1" 200 967
[27/Aug/2025 12:14:58] "GET /api/sessions/ HTTP/1.1" 200 9141
[27/Aug/2025 12:15:03] "GET /api/sessions/ HTTP/1.1" 200 9141
[27/Aug/2025 12:15:03] "GET /api/charge-points/ HTTP/1.1" 200 967
[27/Aug/2025 12:15:08] "GET /api/charge-points/ HTTP/1.1" 200 967
[27/Aug/2025 12:15:08] "GET /api/sessions/ HTTP/1.1" 200 9141
[27/Aug/2025 12:15:13] "GET /api/charge-points/ HTTP/1.1" 200 967
[27/Aug/2025 12:15:13] "GET /api/sessions/ HTTP/1.1" 200 9141
[27/Aug/2025 12:15:15] "GET /api/me/ HTTP/1.1" 200 198
[27/Aug/2025 12:15:17] "GET /api/me/ HTTP/1.1" 200 198
[27/Aug/2025 12:15:17] "GET /api/charge-points/ HTTP/1.1" 200 967
[27/Aug/2025 12:15:17] "GET /api/sessions/ HTTP/1.1" 200 9141
[27/Aug/2025 12:15:22] "GET /api/charge-points/ HTTP/1.1" 200 967
[27/Aug/2025 12:15:22] "GET /api/sessions/ HTTP/1.1" 200 9141
[27/Aug/2025 12:15:27] "GET /api/charge-points/ HTTP/1.1" 200 967
[27/Aug/2025 12:15:27] "GET /api/sessions/ HTTP/1.1" 200 9141
[27/Aug/2025 12:15:32] "GET /api/sessions/ HTTP/1.1" 200 9141
[27/Aug/2025 12:15:32] "GET /api/charge-points/ HTTP/1.1" 200 967
[27/Aug/2025 12:15:37] "GET /api/charge-points/ HTTP/1.1" 200 967
[27/Aug/2025 12:15:37] "GET /api/sessions/ HTTP/1.1" 200 9141
[27/Aug/2025 12:15:42] "GET /api/charge-points/ HTTP/1.1" 200 967
[27/Aug/2025 12:15:42] "GET /api/sessions/ HTTP/1.1" 200 9141
[27/Aug/2025 12:15:47] "GET /api/charge-points/ HTTP/1.1" 200 967
[27/Aug/2025 12:15:47] "GET /api/sessions/ HTTP/1.1" 200 9141
[27/Aug/2025 12:15:52] "GET /api/sessions/ HTTP/1.1" 200 9141
[27/Aug/2025 12:15:52] "GET /api/charge-points/ HTTP/1.1" 200 967
[27/Aug/2025 12:15:58] "GET /api/charge-points/ HTTP/1.1" 200 967
[27/Aug/2025 12:15:58] "GET /api/sessions/ HTTP/1.1" 200 9141
[27/Aug/2025 12:16:03] "GET /api/sessions/ HTTP/1.1" 200 9141
[27/Aug/2025 12:16:03] "GET /api/charge-points/ HTTP/1.1" 200 967
[27/Aug/2025 12:16:08] "GET /api/sessions/ HTTP/1.1" 200 9141
[27/Aug/2025 12:16:08] "GET /api/charge-points/ HTTP/1.1" 200 967
[27/Aug/2025 12:16:13] "GET /api/charge-points/ HTTP/1.1" 200 967
[27/Aug/2025 12:16:13] "GET /api/sessions/ HTTP/1.1" 200 9141
[27/Aug/2025 12:16:18] "GET /api/charge-points/ HTTP/1.1" 200 967
[27/Aug/2025 12:16:18] "GET /api/sessions/ HTTP/1.1" 200 9141
[27/Aug/2025 12:16:23] "GET /api/charge-points/ HTTP/1.1" 200 967
[27/Aug/2025 12:16:23] "GET /api/sessions/ HTTP/1.1" 200 9141
[27/Aug/2025 12:16:28] "GET /api/charge-points/ HTTP/1.1" 200 967
[27/Aug/2025 12:16:28] "GET /api/sessions/ HTTP/1.1" 200 9141
[27/Aug/2025 12:16:33] "GET /api/charge-points/ HTTP/1.1" 200 967
[27/Aug/2025 12:16:33] "GET /api/sessions/ HTTP/1.1" 200 9141
[27/Aug/2025 12:16:38] "GET /api/sessions/ HTTP/1.1" 200 9141
[27/Aug/2025 12:16:38] "GET /api/charge-points/ HTTP/1.1" 200 967
[27/Aug/2025 12:16:43] "GET /api/charge-points/ HTTP/1.1" 200 967
[27/Aug/2025 12:16:43] "GET /api/sessions/ HTTP/1.1" 200 9141
[27/Aug/2025 12:16:48] "GET /api/charge-points/ HTTP/1.1" 200 967
[27/Aug/2025 12:16:48] "GET /api/sessions/ HTTP/1.1" 200 9141
[27/Aug/2025 12:16:53] "GET /api/charge-points/ HTTP/1.1" 200 967
[27/Aug/2025 12:16:53] "GET /api/sessions/ HTTP/1.1" 200 9141
[27/Aug/2025 12:17:25] "GET /api/sessions/ HTTP/1.1" 200 9141
[27/Aug/2025 12:17:25] "GET /api/charge-points/ HTTP/1.1" 200 967
[27/Aug/2025 12:18:25] "GET /api/charge-points/ HTTP/1.1" 200 967
[27/Aug/2025 12:18:25] "GET /api/sessions/ HTTP/1.1" 200 9141
[27/Aug/2025 12:19:25] "GET /api/charge-points/ HTTP/1.1" 200 967
[27/Aug/2025 12:19:25] "GET /api/sessions/ HTTP/1.1" 200 9141
[27/Aug/2025 12:20:25] "GET /api/sessions/ HTTP/1.1" 200 9141
[27/Aug/2025 12:20:25] "GET /api/charge-points/ HTTP/1.1" 200 967
[27/Aug/2025 12:21:25] "GET /api/charge-points/ HTTP/1.1" 200 967
[27/Aug/2025 12:21:25] "GET /api/sessions/ HTTP/1.1" 200 9141
[27/Aug/2025 12:22:01] "GET /api/charge-points/ HTTP/1.1" 200 967
[27/Aug/2025 12:22:01] "GET /api/sessions/ HTTP/1.1" 200 9141
[27/Aug/2025 12:22:03] "GET /api/sessions/ HTTP/1.1" 200 9137
[27/Aug/2025 12:22:03] "GET /api/charge-points/ HTTP/1.1" 200 967
[27/Aug/2025 12:22:07] "GET /api/charge-points/ HTTP/1.1" 200 967
[27/Aug/2025 12:22:07] "GET /api/sessions/ HTTP/1.1" 200 9141
[27/Aug/2025 12:22:13] "GET /api/charge-points/ HTTP/1.1" 200 967
[27/Aug/2025 12:22:13] "GET /api/sessions/ HTTP/1.1" 200 9141
[27/Aug/2025 12:22:18] "GET /api/charge-points/ HTTP/1.1" 200 967
[27/Aug/2025 12:22:18] "GET /api/sessions/ HTTP/1.1" 200 9141
[27/Aug/2025 12:22:23] "GET /api/charge-points/ HTTP/1.1" 200 967
[27/Aug/2025 12:22:23] "GET /api/sessions/ HTTP/1.1" 200 9141
[27/Aug/2025 12:22:27] "GET /api/charge-points/ HTTP/1.1" 200 967
[27/Aug/2025 12:22:27] "GET /api/sessions/ HTTP/1.1" 200 9141
[27/Aug/2025 12:22:33] "GET /api/charge-points/ HTTP/1.1" 200 967
[27/Aug/2025 12:22:33] "GET /api/sessions/ HTTP/1.1" 200 9141
[27/Aug/2025 12:22:38] "GET /api/charge-points/ HTTP/1.1" 200 967
[27/Aug/2025 12:22:38] "GET /api/sessions/ HTTP/1.1" 200 9141
[27/Aug/2025 12:22:43] "GET /api/charge-points/ HTTP/1.1" 200 967
[27/Aug/2025 12:22:43] "GET /api/sessions/ HTTP/1.1" 200 9141
[27/Aug/2025 12:22:48] "GET /api/charge-points/ HTTP/1.1" 200 967
[27/Aug/2025 12:22:48] "GET /api/sessions/ HTTP/1.1" 200 9141
[27/Aug/2025 12:22:53] "GET /api/sessions/ HTTP/1.1" 200 9141
[27/Aug/2025 12:22:53] "GET /api/charge-points/ HTTP/1.1" 200 967
[27/Aug/2025 12:22:58] "GET /api/charge-points/ HTTP/1.1" 200 967
[27/Aug/2025 12:22:58] "GET /api/sessions/ HTTP/1.1" 200 9141
[27/Aug/2025 12:23:03] "GET /api/charge-points/ HTTP/1.1" 200 967
[27/Aug/2025 12:23:03] "GET /api/sessions/ HTTP/1.1" 200 9141
[27/Aug/2025 12:23:08] "GET /api/charge-points/ HTTP/1.1" 200 967
[27/Aug/2025 12:23:08] "GET /api/sessions/ HTTP/1.1" 200 9141
[27/Aug/2025 12:23:13] "GET /api/charge-points/ HTTP/1.1" 200 967
[27/Aug/2025 12:23:13] "GET /api/sessions/ HTTP/1.1" 200 9141
[27/Aug/2025 12:23:18] "GET /api/sessions/ HTTP/1.1" 200 9141
[27/Aug/2025 12:23:18] "GET /api/charge-points/ HTTP/1.1" 200 967
[27/Aug/2025 12:23:23] "GET /api/charge-points/ HTTP/1.1" 200 967
[27/Aug/2025 12:23:23] "GET /api/sessions/ HTTP/1.1" 200 9141
[27/Aug/2025 12:23:27] "GET /api/charge-points/ HTTP/1.1" 200 967
[27/Aug/2025 12:23:27] "GET /api/sessions/ HTTP/1.1" 200 9141
[27/Aug/2025 12:23:33] "GET /api/charge-points/ HTTP/1.1" 200 967
[27/Aug/2025 12:23:33] "GET /api/sessions/ HTTP/1.1" 200 9141
[27/Aug/2025 12:23:38] "GET /api/charge-points/ HTTP/1.1" 200 967
[27/Aug/2025 12:23:38] "GET /api/sessions/ HTTP/1.1" 200 9141
[27/Aug/2025 12:23:42] "GET /api/charge-points/ HTTP/1.1" 200 967
[27/Aug/2025 12:23:42] "GET /api/sessions/ HTTP/1.1" 200 9141
[27/Aug/2025 12:23:48] "GET /api/charge-points/ HTTP/1.1" 200 967
[27/Aug/2025 12:23:48] "GET /api/sessions/ HTTP/1.1" 200 9141
[27/Aug/2025 12:23:53] "GET /api/sessions/ HTTP/1.1" 200 9141
[27/Aug/2025 12:23:53] "GET /api/charge-points/ HTTP/1.1" 200 967
[27/Aug/2025 12:23:58] "GET /api/charge-points/ HTTP/1.1" 200 967
[27/Aug/2025 12:23:58] "GET /api/sessions/ HTTP/1.1" 200 9141
[27/Aug/2025 12:24:02] "GET /api/charge-points/ HTTP/1.1" 200 967
[27/Aug/2025 12:24:02] "GET /api/sessions/ HTTP/1.1" 200 9141
[27/Aug/2025 12:24:07] "GET /api/charge-points/ HTTP/1.1" 200 967
[27/Aug/2025 12:24:07] "GET /api/sessions/ HTTP/1.1" 200 9141
[27/Aug/2025 12:24:12] "GET /api/charge-points/ HTTP/1.1" 200 967
[27/Aug/2025 12:24:12] "GET /api/sessions/ HTTP/1.1" 200 9141
[27/Aug/2025 12:24:17] "GET /api/charge-points/ HTTP/1.1" 200 967
[27/Aug/2025 12:24:17] "GET /api/sessions/ HTTP/1.1" 200 9141
[27/Aug/2025 12:24:22] "GET /api/charge-points/ HTTP/1.1" 200 967
[27/Aug/2025 12:24:22] "GET /api/sessions/ HTTP/1.1" 200 9141
[27/Aug/2025 12:24:27] "GET /api/charge-points/ HTTP/1.1" 200 967
[27/Aug/2025 12:24:27] "GET /api/sessions/ HTTP/1.1" 200 9141
[27/Aug/2025 12:24:32] "GET /api/charge-points/ HTTP/1.1" 200 967
[27/Aug/2025 12:24:32] "GET /api/sessions/ HTTP/1.1" 200 9141
[27/Aug/2025 12:24:37] "GET /api/charge-points/ HTTP/1.1" 200 967
[27/Aug/2025 12:24:37] "GET /api/sessions/ HTTP/1.1" 200 9141
[27/Aug/2025 12:24:42] "GET /api/sessions/ HTTP/1.1" 200 9141
[27/Aug/2025 12:24:42] "GET /api/charge-points/ HTTP/1.1" 200 967
[27/Aug/2025 12:24:47] "GET /api/charge-points/ HTTP/1.1" 200 967
[27/Aug/2025 12:24:47] "GET /api/sessions/ HTTP/1.1" 200 9141
[27/Aug/2025 12:24:52] "GET /api/sessions/ HTTP/1.1" 200 9141
[27/Aug/2025 12:24:52] "GET /api/charge-points/ HTTP/1.1" 200 967
[27/Aug/2025 12:24:57] "GET /api/charge-points/ HTTP/1.1" 200 967
[27/Aug/2025 12:24:57] "GET /api/sessions/ HTTP/1.1" 200 9141
[27/Aug/2025 12:25:02] "GET /api/charge-points/ HTTP/1.1" 200 967
[27/Aug/2025 12:25:02] "GET /api/sessions/ HTTP/1.1" 200 9141
[27/Aug/2025 12:25:07] "GET /api/charge-points/ HTTP/1.1" 200 967
[27/Aug/2025 12:25:07] "GET /api/sessions/ HTTP/1.1" 200 9141
[27/Aug/2025 12:25:12] "GET /api/charge-points/ HTTP/1.1" 200 967
[27/Aug/2025 12:25:12] "GET /api/sessions/ HTTP/1.1" 200 9141
[27/Aug/2025 12:25:17] "GET /api/charge-points/ HTTP/1.1" 200 967
[27/Aug/2025 12:25:17] "GET /api/sessions/ HTTP/1.1" 200 9141
[27/Aug/2025 12:25:22] "GET /api/charge-points/ HTTP/1.1" 200 967
[27/Aug/2025 12:25:22] "GET /api/sessions/ HTTP/1.1" 200 9141
[27/Aug/2025 12:25:27] "GET /api/charge-points/ HTTP/1.1" 200 967
[27/Aug/2025 12:25:27] "GET /api/sessions/ HTTP/1.1" 200 9141
[27/Aug/2025 12:25:32] "GET /api/charge-points/ HTTP/1.1" 200 967
[27/Aug/2025 12:25:32] "GET /api/sessions/ HTTP/1.1" 200 9141
[27/Aug/2025 12:25:37] "GET /api/charge-points/ HTTP/1.1" 200 967
[27/Aug/2025 12:25:37] "GET /api/sessions/ HTTP/1.1" 200 9141
[27/Aug/2025 12:25:42] "GET /api/charge-points/ HTTP/1.1" 200 967
[27/Aug/2025 12:25:42] "GET /api/sessions/ HTTP/1.1" 200 9141
[27/Aug/2025 12:25:47] "GET /api/charge-points/ HTTP/1.1" 200 967
[27/Aug/2025 12:25:48] "GET /api/sessions/ HTTP/1.1" 200 9139
[27/Aug/2025 12:25:52] "GET /api/charge-points/ HTTP/1.1" 200 967
[27/Aug/2025 12:25:52] "GET /api/sessions/ HTTP/1.1" 200 9141
[27/Aug/2025 12:25:57] "GET /api/sessions/ HTTP/1.1" 200 9141
[27/Aug/2025 12:25:57] "GET /api/charge-points/ HTTP/1.1" 200 967
[27/Aug/2025 12:26:03] "GET /api/charge-points/ HTTP/1.1" 200 967
[27/Aug/2025 12:26:03] "GET /api/sessions/ HTTP/1.1" 200 9141
[27/Aug/2025 12:26:08] "GET /api/charge-points/ HTTP/1.1" 200 967
[27/Aug/2025 12:26:08] "GET /api/sessions/ HTTP/1.1" 200 9141
[27/Aug/2025 12:26:13] "GET /api/charge-points/ HTTP/1.1" 200 967
[27/Aug/2025 12:26:13] "GET /api/sessions/ HTTP/1.1" 200 9141
[27/Aug/2025 12:26:17] "GET /api/charge-points/ HTTP/1.1" 200 967
[27/Aug/2025 12:26:17] "GET /api/sessions/ HTTP/1.1" 200 9141
[27/Aug/2025 12:26:23] "GET /api/charge-points/ HTTP/1.1" 200 967
[27/Aug/2025 12:26:23] "GET /api/sessions/ HTTP/1.1" 200 9141
[27/Aug/2025 12:26:28] "GET /api/charge-points/ HTTP/1.1" 200 967
[27/Aug/2025 12:26:28] "GET /api/sessions/ HTTP/1.1" 200 9141
[27/Aug/2025 12:26:33] "GET /api/charge-points/ HTTP/1.1" 200 967
[27/Aug/2025 12:26:33] "GET /api/sessions/ HTTP/1.1" 200 9141
[27/Aug/2025 12:26:38] "GET /api/sessions/ HTTP/1.1" 200 9141
[27/Aug/2025 12:26:38] "GET /api/charge-points/ HTTP/1.1" 200 967
[27/Aug/2025 12:26:42] "GET /api/charge-points/ HTTP/1.1" 200 967
[27/Aug/2025 12:26:42] "GET /api/sessions/ HTTP/1.1" 200 9141
[27/Aug/2025 12:26:47] "GET /api/charge-points/ HTTP/1.1" 200 967
[27/Aug/2025 12:26:47] "GET /api/sessions/ HTTP/1.1" 200 9141
[27/Aug/2025 12:26:52] "GET /api/sessions/ HTTP/1.1" 200 9141
[27/Aug/2025 12:26:52] "GET /api/charge-points/ HTTP/1.1" 200 967
[27/Aug/2025 12:26:57] "GET /api/charge-points/ HTTP/1.1" 200 967
[27/Aug/2025 12:26:57] "GET /api/sessions/ HTTP/1.1" 200 9141
[27/Aug/2025 12:27:02] "GET /api/charge-points/ HTTP/1.1" 200 967
[27/Aug/2025 12:27:02] "GET /api/sessions/ HTTP/1.1" 200 9141
[27/Aug/2025 12:27:07] "GET /api/charge-points/ HTTP/1.1" 200 967
[27/Aug/2025 12:27:07] "GET /api/sessions/ HTTP/1.1" 200 9141
[27/Aug/2025 12:27:12] "GET /api/charge-points/ HTTP/1.1" 200 967
[27/Aug/2025 12:27:12] "GET /api/sessions/ HTTP/1.1" 200 9141
[27/Aug/2025 12:27:17] "GET /api/charge-points/ HTTP/1.1" 200 967
[27/Aug/2025 12:27:17] "GET /api/sessions/ HTTP/1.1" 200 9141
[27/Aug/2025 12:27:22] "GET /api/charge-points/ HTTP/1.1" 200 967
[27/Aug/2025 12:27:22] "GET /api/sessions/ HTTP/1.1" 200 9141
[27/Aug/2025 12:27:27] "GET /api/charge-points/ HTTP/1.1" 200 967
[27/Aug/2025 12:27:27] "GET /api/sessions/ HTTP/1.1" 200 9141
[27/Aug/2025 12:27:32] "GET /api/charge-points/ HTTP/1.1" 200 967
[27/Aug/2025 12:27:32] "GET /api/sessions/ HTTP/1.1" 200 9141
[27/Aug/2025 12:27:37] "GET /api/charge-points/ HTTP/1.1" 200 967
[27/Aug/2025 12:27:37] "GET /api/sessions/ HTTP/1.1" 200 9141
[27/Aug/2025 12:27:41] "GET /api/me/ HTTP/1.1" 200 198
[27/Aug/2025 12:27:43] "OPTIONS /api/charge-points/BURA/ HTTP/1.1" 200 0
[27/Aug/2025 12:27:43] "GET /api/me/ HTTP/1.1" 200 198
[27/Aug/2025 12:27:44] "GET /api/charge-points/BURA/ HTTP/1.1" 200 245
[27/Aug/2025 12:27:44] "GET /api/charge-points/ HTTP/1.1" 200 967
[27/Aug/2025 12:27:44] "GET /api/sessions/ HTTP/1.1" 200 9141
[27/Aug/2025 12:27:49] "GET /api/charge-points/ HTTP/1.1" 200 967
[27/Aug/2025 12:27:49] "GET /api/sessions/ HTTP/1.1" 200 9141
[27/Aug/2025 12:27:50] "GET /api/me/ HTTP/1.1" 200 198
[27/Aug/2025 12:27:53] "GET /api/charge-points/BURA/ HTTP/1.1" 200 245
[27/Aug/2025 12:27:53] "GET /api/me/ HTTP/1.1" 200 198
[27/Aug/2025 12:27:53] "GET /api/sessions/ HTTP/1.1" 200 9141
[27/Aug/2025 12:27:53] "GET /api/charge-points/ HTTP/1.1" 200 967
[27/Aug/2025 12:27:58] "GET /api/charge-points/ HTTP/1.1" 200 967
[27/Aug/2025 12:27:58] "GET /api/sessions/ HTTP/1.1" 200 9141
[27/Aug/2025 12:28:01] "GET /api/me/ HTTP/1.1" 200 198
[27/Aug/2025 12:28:04] "GET /api/charge-points/BURA/ HTTP/1.1" 200 245
[27/Aug/2025 12:28:04] "GET /api/me/ HTTP/1.1" 200 198
[27/Aug/2025 12:28:04] "GET /api/sessions/ HTTP/1.1" 200 9141
[27/Aug/2025 12:28:04] "GET /api/charge-points/ HTTP/1.1" 200 967
[27/Aug/2025 12:28:10] "GET /api/me/ HTTP/1.1" 200 198
[27/Aug/2025 12:28:12] "GET /api/charge-points/BURA/ HTTP/1.1" 200 245
[27/Aug/2025 12:28:12] "GET /api/me/ HTTP/1.1" 200 198
[27/Aug/2025 12:28:12] "GET /api/charge-points/ HTTP/1.1" 200 967
[27/Aug/2025 12:28:12] "GET /api/sessions/ HTTP/1.1" 200 9138
[27/Aug/2025 12:28:14] "GET /api/charge-points/ HTTP/1.1" 200 967
[27/Aug/2025 12:28:15] "GET /api/me/ HTTP/1.1" 200 198
[27/Aug/2025 12:28:15] "GET /api/charge-points/ HTTP/1.1" 200 967
[27/Aug/2025 12:28:15] "GET /api/sessions/ HTTP/1.1" 200 9141
[27/Aug/2025 12:28:16] "GET /api/charge-points/ HTTP/1.1" 200 967
[27/Aug/2025 12:28:16] "GET /api/me/ HTTP/1.1" 200 198
[27/Aug/2025 12:28:16] "GET /api/charge-points/ HTTP/1.1" 200 967
[27/Aug/2025 12:28:16] "GET /api/sessions/ HTTP/1.1" 200 9141
[27/Aug/2025 12:28:20] "GET /api/charge-points/ HTTP/1.1" 200 967
[27/Aug/2025 12:28:20] "GET /api/me/ HTTP/1.1" 200 198
[27/Aug/2025 12:28:20] "GET /api/charge-points/ HTTP/1.1" 200 967
[27/Aug/2025 12:28:20] "GET /api/sessions/ HTTP/1.1" 200 9141
[27/Aug/2025 12:28:21] "GET /api/charge-points/ HTTP/1.1" 200 967
[27/Aug/2025 12:28:21] "GET /api/me/ HTTP/1.1" 200 198
[27/Aug/2025 12:28:22] "GET /api/charge-points/ HTTP/1.1" 200 967
[27/Aug/2025 12:28:22] "GET /api/sessions/ HTTP/1.1" 200 9139
[27/Aug/2025 12:28:25] "GET /api/charge-points/ HTTP/1.1" 200 967
[27/Aug/2025 12:28:25] "GET /api/me/ HTTP/1.1" 200 198
[27/Aug/2025 12:28:26] "GET /api/charge-points/ HTTP/1.1" 200 967
[27/Aug/2025 12:28:26] "GET /api/sessions/ HTTP/1.1" 200 9141
[27/Aug/2025 12:28:27] "GET /api/charge-points/ HTTP/1.1" 200 967
[27/Aug/2025 12:28:28] "GET /api/me/ HTTP/1.1" 200 198
[27/Aug/2025 12:28:28] "GET /api/sessions/ HTTP/1.1" 200 9141
[27/Aug/2025 12:28:28] "GET /api/charge-points/ HTTP/1.1" 200 967
[27/Aug/2025 12:28:29] "GET /api/charge-points/ HTTP/1.1" 200 967
[27/Aug/2025 12:28:29] "GET /api/me/ HTTP/1.1" 200 198
[27/Aug/2025 12:28:29] "GET /api/charge-points/ HTTP/1.1" 200 967
[27/Aug/2025 12:28:29] "GET /api/sessions/ HTTP/1.1" 200 9141
[27/Aug/2025 12:28:33] "POST /api/auth/logout/ HTTP/1.1" 200 30
[27/Aug/2025 12:32:08] "OPTIONS /api/me/ HTTP/1.1" 200 0
[27/Aug/2025 12:32:09] "GET /api/me/ HTTP/1.1" 200 232
[27/Aug/2025 12:32:10] "GET /api/me/ HTTP/1.1" 200 232
[27/Aug/2025 12:32:11] "GET /api/me/ HTTP/1.1" 200 232
[27/Aug/2025 12:32:12] "OPTIONS /api/charge-points/ HTTP/1.1" 200 0
[27/Aug/2025 12:32:12] "OPTIONS /api/sessions/ HTTP/1.1" 200 0
[27/Aug/2025 12:32:12] "GET /api/charge-points/ HTTP/1.1" 200 2
[27/Aug/2025 12:32:12] "GET /api/sessions/ HTTP/1.1" 200 2
[27/Aug/2025 12:32:13] "GET /api/me/ HTTP/1.1" 200 232
[27/Aug/2025 12:32:13] "GET /api/charge-points/ HTTP/1.1" 200 2
[27/Aug/2025 12:32:13] "GET /api/sessions/ HTTP/1.1" 200 2
[27/Aug/2025 12:32:18] "GET /api/charge-points/ HTTP/1.1" 200 2
[27/Aug/2025 12:32:18] "GET /api/sessions/ HTTP/1.1" 200 2
[27/Aug/2025 12:32:18] "GET /api/charge-points/ HTTP/1.1" 200 2
[27/Aug/2025 12:32:18] "GET /api/sessions/ HTTP/1.1" 200 2
[27/Aug/2025 12:32:22] "GET /api/sessions/ HTTP/1.1" 200 2
[27/Aug/2025 12:32:22] "GET /api/charge-points/ HTTP/1.1" 200 2
[27/Aug/2025 12:32:23] "GET /api/charge-points/ HTTP/1.1" 200 2
[27/Aug/2025 12:32:23] "GET /api/sessions/ HTTP/1.1" 200 2
[27/Aug/2025 12:32:27] "GET /api/charge-points/ HTTP/1.1" 200 2
[27/Aug/2025 12:32:27] "GET /api/sessions/ HTTP/1.1" 200 2
[27/Aug/2025 12:32:29] "GET /api/charge-points/ HTTP/1.1" 200 2
[27/Aug/2025 12:32:29] "GET /api/sessions/ HTTP/1.1" 200 2
[27/Aug/2025 12:32:33] "GET /api/charge-points/ HTTP/1.1" 200 2
[27/Aug/2025 12:32:33] "GET /api/sessions/ HTTP/1.1" 200 2
[27/Aug/2025 12:32:33] "GET /api/sessions/ HTTP/1.1" 200 2
[27/Aug/2025 12:32:33] "GET /api/charge-points/ HTTP/1.1" 200 2
[27/Aug/2025 12:32:37] "GET /api/sessions/ HTTP/1.1" 200 2
[27/Aug/2025 12:32:37] "GET /api/charge-points/ HTTP/1.1" 200 2
[27/Aug/2025 12:32:39] "GET /api/charge-points/ HTTP/1.1" 200 2
[27/Aug/2025 12:32:39] "GET /api/sessions/ HTTP/1.1" 200 2
[27/Aug/2025 12:32:42] "GET /api/sessions/ HTTP/1.1" 200 2
[27/Aug/2025 12:32:42] "GET /api/charge-points/ HTTP/1.1" 200 2
[27/Aug/2025 12:32:43] "GET /api/charge-points/ HTTP/1.1" 200 2
[27/Aug/2025 12:32:43] "GET /api/sessions/ HTTP/1.1" 200 2
[27/Aug/2025 12:32:47] "GET /api/charge-points/ HTTP/1.1" 200 2
[27/Aug/2025 12:32:47] "GET /api/sessions/ HTTP/1.1" 200 2
[27/Aug/2025 12:32:49] "GET /api/sessions/ HTTP/1.1" 200 2
[27/Aug/2025 12:32:49] "GET /api/charge-points/ HTTP/1.1" 200 2
[27/Aug/2025 12:32:53] "GET /api/charge-points/ HTTP/1.1" 200 2
[27/Aug/2025 12:32:53] "GET /api/sessions/ HTTP/1.1" 200 2
[27/Aug/2025 12:32:53] "GET /api/charge-points/ HTTP/1.1" 200 2
[27/Aug/2025 12:32:53] "GET /api/sessions/ HTTP/1.1" 200 2
[27/Aug/2025 12:32:57] "GET /api/charge-points/ HTTP/1.1" 200 2
[27/Aug/2025 12:32:57] "GET /api/sessions/ HTTP/1.1" 200 2
[27/Aug/2025 12:32:59] "GET /api/charge-points/ HTTP/1.1" 200 2
[27/Aug/2025 12:32:59] "GET /api/sessions/ HTTP/1.1" 200 2
[27/Aug/2025 12:33:02] "GET /api/charge-points/ HTTP/1.1" 200 2
[27/Aug/2025 12:33:02] "GET /api/sessions/ HTTP/1.1" 200 2
[27/Aug/2025 12:33:03] "GET /api/charge-points/ HTTP/1.1" 200 2
[27/Aug/2025 12:33:03] "GET /api/sessions/ HTTP/1.1" 200 2
[27/Aug/2025 12:33:07] "GET /api/charge-points/ HTTP/1.1" 200 2
[27/Aug/2025 12:33:07] "GET /api/sessions/ HTTP/1.1" 200 2
[27/Aug/2025 12:33:08] "GET /api/sessions/ HTTP/1.1" 200 2
[27/Aug/2025 12:33:08] "GET /api/charge-points/ HTTP/1.1" 200 2
[27/Aug/2025 12:33:13] "GET /api/sessions/ HTTP/1.1" 200 2
[27/Aug/2025 12:33:13] "GET /api/charge-points/ HTTP/1.1" 200 2
[27/Aug/2025 12:33:14] "GET /api/sessions/ HTTP/1.1" 200 2
[27/Aug/2025 12:33:14] "GET /api/charge-points/ HTTP/1.1" 200 2
[27/Aug/2025 12:33:31] "POST /api/auth/login/ HTTP/1.1" 200 563
[27/Aug/2025 12:33:32] "GET /api/me/ HTTP/1.1" 200 198
[27/Aug/2025 12:33:32] "GET /api/me/ HTTP/1.1" 200 198
[27/Aug/2025 12:33:32] "GET /api/sessions/ HTTP/1.1" 200 9141
[27/Aug/2025 12:33:32] "GET /api/charge-points/ HTTP/1.1" 200 967
[27/Aug/2025 12:33:37] "GET /api/charge-points/ HTTP/1.1" 200 967
[27/Aug/2025 12:33:37] "GET /api/sessions/ HTTP/1.1" 200 9141
[27/Aug/2025 12:33:42] "GET /api/charge-points/ HTTP/1.1" 200 967
[27/Aug/2025 12:33:42] "GET /api/sessions/ HTTP/1.1" 200 9141
[27/Aug/2025 12:33:47] "GET /api/charge-points/ HTTP/1.1" 200 967
[27/Aug/2025 12:33:47] "GET /api/sessions/ HTTP/1.1" 200 9141
[27/Aug/2025 12:33:52] "GET /api/charge-points/ HTTP/1.1" 200 967
[27/Aug/2025 12:33:52] "GET /api/sessions/ HTTP/1.1" 200 9141
[27/Aug/2025 12:33:57] "GET /api/charge-points/ HTTP/1.1" 200 967
[27/Aug/2025 12:33:57] "GET /api/me/ HTTP/1.1" 200 198
[27/Aug/2025 12:33:57] "GET /api/charge-points/ HTTP/1.1" 200 967
[27/Aug/2025 12:33:57] "GET /api/sessions/ HTTP/1.1" 200 9141
[27/Aug/2025 12:34:13] "GET /api/charge-points/ HTTP/1.1" 200 2
[27/Aug/2025 12:34:13] "GET /api/sessions/ HTTP/1.1" 200 2
[27/Aug/2025 12:34:14] "GET /api/charge-points/ HTTP/1.1" 200 2
[27/Aug/2025 12:34:14] "GET /api/sessions/ HTTP/1.1" 200 2
[27/Aug/2025 12:35:13] "GET /api/sessions/ HTTP/1.1" 200 2
[27/Aug/2025 12:35:13] "GET /api/charge-points/ HTTP/1.1" 200 2
[27/Aug/2025 12:35:14] "GET /api/sessions/ HTTP/1.1" 200 2
[27/Aug/2025 12:35:14] "GET /api/charge-points/ HTTP/1.1" 200 2
[27/Aug/2025 12:35:23] "OPTIONS /api/auth/login/ HTTP/1.1" 200 0
Unauthorized: /api/auth/login/
[27/Aug/2025 12:35:23] "POST /api/auth/login/ HTTP/1.1" 401 63
[27/Aug/2025 12:35:29] "POST /api/auth/login/ HTTP/1.1" 200 563
[27/Aug/2025 12:35:29] "OPTIONS /api/me/ HTTP/1.1" 200 0
[27/Aug/2025 12:35:29] "GET /api/me/ HTTP/1.1" 200 198
[27/Aug/2025 12:35:30] "GET /api/me/ HTTP/1.1" 200 198
[27/Aug/2025 12:35:30] "OPTIONS /api/charge-points/ HTTP/1.1" 200 0
[27/Aug/2025 12:35:30] "OPTIONS /api/sessions/ HTTP/1.1" 200 0
[27/Aug/2025 12:35:30] "GET /api/charge-points/ HTTP/1.1" 200 967
[27/Aug/2025 12:35:30] "GET /api/sessions/ HTTP/1.1" 200 9141
[27/Aug/2025 12:35:33] "GET /api/charge-points/ HTTP/1.1" 200 967
[27/Aug/2025 12:35:33] "GET /api/me/ HTTP/1.1" 200 198
[27/Aug/2025 12:35:33] "GET /api/charge-points/ HTTP/1.1" 200 967
[27/Aug/2025 12:35:33] "GET /api/sessions/ HTTP/1.1" 200 9141
[27/Aug/2025 12:35:36] "GET /api/charge-points/ HTTP/1.1" 200 967
[27/Aug/2025 12:35:36] "GET /api/me/ HTTP/1.1" 200 198
[27/Aug/2025 12:35:36] "GET /api/charge-points/ HTTP/1.1" 200 967
[27/Aug/2025 12:35:36] "GET /api/sessions/ HTTP/1.1" 200 9141
[27/Aug/2025 12:35:37] "GET /api/charge-points/ HTTP/1.1" 200 967
[27/Aug/2025 12:35:37] "GET /api/me/ HTTP/1.1" 200 198
[27/Aug/2025 12:35:38] "GET /api/charge-points/ HTTP/1.1" 200 967
[27/Aug/2025 12:35:38] "GET /api/sessions/ HTTP/1.1" 200 9141
[27/Aug/2025 12:35:39] "GET /api/charge-points/ HTTP/1.1" 200 967
[27/Aug/2025 12:35:40] "GET /api/me/ HTTP/1.1" 200 198
[27/Aug/2025 12:35:40] "GET /api/sessions/ HTTP/1.1" 200 9141
[27/Aug/2025 12:35:40] "GET /api/charge-points/ HTTP/1.1" 200 967
[27/Aug/2025 12:35:43] "GET /api/me/ HTTP/1.1" 200 198
[27/Aug/2025 12:35:46] "OPTIONS /api/charge-points/BURA/ HTTP/1.1" 200 0
[27/Aug/2025 12:35:46] "GET /api/me/ HTTP/1.1" 200 198
[27/Aug/2025 12:35:46] "GET /api/charge-points/BURA/ HTTP/1.1" 200 245
[27/Aug/2025 12:35:46] "GET /api/charge-points/ HTTP/1.1" 200 967
[27/Aug/2025 12:35:46] "GET /api/sessions/ HTTP/1.1" 200 9141
[27/Aug/2025 12:35:51] "GET /api/charge-points/ HTTP/1.1" 200 967
[27/Aug/2025 12:35:51] "GET /api/sessions/ HTTP/1.1" 200 9141
[27/Aug/2025 12:35:56] "GET /api/charge-points/ HTTP/1.1" 200 967
[27/Aug/2025 12:35:56] "GET /api/sessions/ HTTP/1.1" 200 9141
[27/Aug/2025 12:36:00] "OPTIONS /api/auth/logout/ HTTP/1.1" 200 0
[27/Aug/2025 12:36:00] "POST /api/auth/logout/ HTTP/1.1" 200 30
[27/Aug/2025 12:36:13] "GET /api/sessions/ HTTP/1.1" 200 2
[27/Aug/2025 12:36:13] "GET /api/charge-points/ HTTP/1.1" 200 2
[27/Aug/2025 12:36:14] "GET /api/charge-points/ HTTP/1.1" 200 2
[27/Aug/2025 12:36:14] "GET /api/sessions/ HTTP/1.1" 200 2
[27/Aug/2025 12:36:15] "POST /api/auth/login/ HTTP/1.1" 200 537
[27/Aug/2025 12:36:15] "GET /api/me/ HTTP/1.1" 200 133
[27/Aug/2025 12:36:16] "OPTIONS /api/public/charge-points/ HTTP/1.1" 200 0
[27/Aug/2025 12:36:16] "GET /api/public/charge-points/ HTTP/1.1" 200 2389
[27/Aug/2025 12:36:20] "GET /api/charge-points/ HTTP/1.1" 200 1896
[27/Aug/2025 12:36:22] "GET /api/public/charge-points/ HTTP/1.1" 200 2389
[27/Aug/2025 12:36:23] "GET /api/charge-points/ HTTP/1.1" 200 1896
[27/Aug/2025 12:36:31] "GET /api/public/charge-points/ HTTP/1.1" 200 2389
[27/Aug/2025 12:36:34] "OPTIONS /api/public/charge-points/FIRST/ HTTP/1.1" 200 0
[27/Aug/2025 12:36:34] "GET /api/public/charge-points/FIRST/ HTTP/1.1" 200 312
[27/Aug/2025 12:37:12] "GET /api/sessions/ HTTP/1.1" 200 2
[27/Aug/2025 12:37:12] "GET /api/charge-points/ HTTP/1.1" 200 2
[27/Aug/2025 12:37:13] "GET /api/sessions/ HTTP/1.1" 200 2
[27/Aug/2025 12:37:13] "GET /api/charge-points/ HTTP/1.1" 200 2
[27/Aug/2025 12:37:13] "GET /api/charge-points/ HTTP/1.1" 200 2
[27/Aug/2025 12:37:13] "GET /api/sessions/ HTTP/1.1" 200 2
[27/Aug/2025 12:37:18] "GET /api/sessions/ HTTP/1.1" 200 2
[27/Aug/2025 12:37:18] "GET /api/charge-points/ HTTP/1.1" 200 2
[27/Aug/2025 12:37:23] "GET /api/charge-points/ HTTP/1.1" 200 2
[27/Aug/2025 12:37:23] "GET /api/sessions/ HTTP/1.1" 200 2
[27/Aug/2025 12:37:28] "GET /api/sessions/ HTTP/1.1" 200 2
[27/Aug/2025 12:37:28] "GET /api/charge-points/ HTTP/1.1" 200 2
[27/Aug/2025 12:37:33] "GET /api/charge-points/ HTTP/1.1" 200 2
[27/Aug/2025 12:37:33] "GET /api/sessions/ HTTP/1.1" 200 2
[27/Aug/2025 12:37:39] "GET /api/me/ HTTP/1.1" 200 232
[27/Aug/2025 12:37:41] "GET /api/me/ HTTP/1.1" 200 232
[27/Aug/2025 12:37:41] "GET /api/charge-points/ HTTP/1.1" 200 2
[27/Aug/2025 12:37:41] "GET /api/sessions/ HTTP/1.1" 200 2
[27/Aug/2025 12:37:44] "GET /api/me/ HTTP/1.1" 200 232
[27/Aug/2025 12:37:44] "GET /api/charge-points/ HTTP/1.1" 200 2
[27/Aug/2025 12:37:44] "GET /api/charge-points/ HTTP/1.1" 200 2
[27/Aug/2025 12:37:44] "GET /api/sessions/ HTTP/1.1" 200 2
[27/Aug/2025 12:37:49] "GET /api/charge-points/ HTTP/1.1" 200 2
[27/Aug/2025 12:37:49] "GET /api/sessions/ HTTP/1.1" 200 2
[27/Aug/2025 12:37:54] "GET /api/charge-points/ HTTP/1.1" 200 2
[27/Aug/2025 12:37:54] "GET /api/sessions/ HTTP/1.1" 200 2
[27/Aug/2025 12:37:57] "GET /api/me/ HTTP/1.1" 200 232
[27/Aug/2025 12:37:57] "GET /api/charge-points/ HTTP/1.1" 200 2
[27/Aug/2025 12:37:57] "GET /api/sessions/ HTTP/1.1" 200 2
[27/Aug/2025 12:37:57] "GET /api/charge-points/ HTTP/1.1" 200 2
[27/Aug/2025 12:38:02] "GET /api/charge-points/ HTTP/1.1" 200 2
[27/Aug/2025 12:38:02] "GET /api/sessions/ HTTP/1.1" 200 2
[27/Aug/2025 12:38:07] "GET /api/sessions/ HTTP/1.1" 200 2
[27/Aug/2025 12:38:07] "GET /api/charge-points/ HTTP/1.1" 200 2
[27/Aug/2025 12:38:12] "GET /api/sessions/ HTTP/1.1" 200 2
[27/Aug/2025 12:38:12] "GET /api/charge-points/ HTTP/1.1" 200 2
[27/Aug/2025 12:38:13] "GET /api/charge-points/ HTTP/1.1" 200 2
[27/Aug/2025 12:38:13] "GET /api/sessions/ HTTP/1.1" 200 2
[27/Aug/2025 12:38:17] "GET /api/charge-points/ HTTP/1.1" 200 2
[27/Aug/2025 12:38:17] "GET /api/sessions/ HTTP/1.1" 200 2
[27/Aug/2025 12:38:22] "GET /api/sessions/ HTTP/1.1" 200 2
[27/Aug/2025 12:38:22] "GET /api/charge-points/ HTTP/1.1" 200 2
[27/Aug/2025 12:38:27] "GET /api/charge-points/ HTTP/1.1" 200 2
[27/Aug/2025 12:38:27] "GET /api/sessions/ HTTP/1.1" 200 2
[27/Aug/2025 12:38:32] "GET /api/charge-points/ HTTP/1.1" 200 2
[27/Aug/2025 12:38:32] "GET /api/sessions/ HTTP/1.1" 200 2
[27/Aug/2025 12:38:37] "GET /api/charge-points/ HTTP/1.1" 200 2
[27/Aug/2025 12:38:37] "GET /api/sessions/ HTTP/1.1" 200 2
[27/Aug/2025 12:38:42] "GET /api/charge-points/ HTTP/1.1" 200 2
[27/Aug/2025 12:38:42] "GET /api/sessions/ HTTP/1.1" 200 2
[27/Aug/2025 12:38:47] "GET /api/charge-points/ HTTP/1.1" 200 2
[27/Aug/2025 12:38:47] "GET /api/sessions/ HTTP/1.1" 200 2
[27/Aug/2025 12:38:52] "GET /api/charge-points/ HTTP/1.1" 200 2
[27/Aug/2025 12:38:52] "GET /api/sessions/ HTTP/1.1" 200 2
[27/Aug/2025 12:38:57] "GET /api/sessions/ HTTP/1.1" 200 2
[27/Aug/2025 12:38:57] "GET /api/charge-points/ HTTP/1.1" 200 2
[27/Aug/2025 12:39:02] "GET /api/charge-points/ HTTP/1.1" 200 2
[27/Aug/2025 12:39:02] "GET /api/sessions/ HTTP/1.1" 200 2
[27/Aug/2025 12:39:07] "GET /api/charge-points/ HTTP/1.1" 200 2
[27/Aug/2025 12:39:07] "GET /api/sessions/ HTTP/1.1" 200 2
[27/Aug/2025 12:39:12] "GET /api/charge-points/ HTTP/1.1" 200 2
[27/Aug/2025 12:39:12] "GET /api/sessions/ HTTP/1.1" 200 2
[27/Aug/2025 12:39:13] "GET /api/sessions/ HTTP/1.1" 200 2
[27/Aug/2025 12:39:13] "GET /api/charge-points/ HTTP/1.1" 200 2
[27/Aug/2025 12:39:17] "GET /api/charge-points/ HTTP/1.1" 200 2
[27/Aug/2025 12:39:17] "GET /api/sessions/ HTTP/1.1" 200 2
[27/Aug/2025 12:39:22] "GET /api/charge-points/ HTTP/1.1" 200 2
[27/Aug/2025 12:39:22] "GET /api/sessions/ HTTP/1.1" 200 2
[27/Aug/2025 12:39:27] "GET /api/charge-points/ HTTP/1.1" 200 2
[27/Aug/2025 12:39:27] "GET /api/sessions/ HTTP/1.1" 200 2
[27/Aug/2025 12:39:32] "GET /api/charge-points/ HTTP/1.1" 200 2
[27/Aug/2025 12:39:32] "GET /api/sessions/ HTTP/1.1" 200 2
[27/Aug/2025 12:39:37] "GET /api/charge-points/ HTTP/1.1" 200 2
[27/Aug/2025 12:39:37] "GET /api/sessions/ HTTP/1.1" 200 2
[27/Aug/2025 12:39:42] "GET /api/charge-points/ HTTP/1.1" 200 2
[27/Aug/2025 12:39:42] "GET /api/sessions/ HTTP/1.1" 200 2
[27/Aug/2025 12:39:47] "GET /api/sessions/ HTTP/1.1" 200 2
[27/Aug/2025 12:39:47] "GET /api/charge-points/ HTTP/1.1" 200 2
[27/Aug/2025 12:39:52] "GET /api/sessions/ HTTP/1.1" 200 2
[27/Aug/2025 12:39:52] "GET /api/charge-points/ HTTP/1.1" 200 2
[27/Aug/2025 12:39:57] "GET /api/charge-points/ HTTP/1.1" 200 2
[27/Aug/2025 12:39:57] "GET /api/sessions/ HTTP/1.1" 200 2
[27/Aug/2025 12:40:02] "GET /api/sessions/ HTTP/1.1" 200 2
[27/Aug/2025 12:40:02] "GET /api/charge-points/ HTTP/1.1" 200 2
[27/Aug/2025 12:40:07] "GET /api/sessions/ HTTP/1.1" 200 2
[27/Aug/2025 12:40:07] "GET /api/charge-points/ HTTP/1.1" 200 2
[27/Aug/2025 12:40:12] "GET /api/sessions/ HTTP/1.1" 200 2
[27/Aug/2025 12:40:12] "GET /api/charge-points/ HTTP/1.1" 200 2
[27/Aug/2025 12:40:13] "GET /api/sessions/ HTTP/1.1" 200 2
[27/Aug/2025 12:40:13] "GET /api/charge-points/ HTTP/1.1" 200 2
[27/Aug/2025 12:40:17] "GET /api/sessions/ HTTP/1.1" 200 2
[27/Aug/2025 12:40:17] "GET /api/charge-points/ HTTP/1.1" 200 2
[27/Aug/2025 12:40:22] "GET /api/sessions/ HTTP/1.1" 200 2
[27/Aug/2025 12:40:22] "GET /api/charge-points/ HTTP/1.1" 200 2
[27/Aug/2025 12:40:27] "GET /api/charge-points/ HTTP/1.1" 200 2
[27/Aug/2025 12:40:27] "GET /api/sessions/ HTTP/1.1" 200 2
[27/Aug/2025 12:40:32] "GET /api/charge-points/ HTTP/1.1" 200 2
[27/Aug/2025 12:40:32] "GET /api/sessions/ HTTP/1.1" 200 2
[27/Aug/2025 12:40:37] "GET /api/charge-points/ HTTP/1.1" 200 2
[27/Aug/2025 12:40:37] "GET /api/sessions/ HTTP/1.1" 200 2
[27/Aug/2025 12:40:42] "GET /api/charge-points/ HTTP/1.1" 200 2
[27/Aug/2025 12:40:42] "GET /api/sessions/ HTTP/1.1" 200 2
[27/Aug/2025 12:40:47] "GET /api/charge-points/ HTTP/1.1" 200 2
[27/Aug/2025 12:40:47] "GET /api/sessions/ HTTP/1.1" 200 2
[27/Aug/2025 12:40:52] "GET /api/charge-points/ HTTP/1.1" 200 2
[27/Aug/2025 12:40:52] "GET /api/sessions/ HTTP/1.1" 200 2
[27/Aug/2025 12:40:57] "GET /api/sessions/ HTTP/1.1" 200 2
[27/Aug/2025 12:40:57] "GET /api/charge-points/ HTTP/1.1" 200 2
[27/Aug/2025 12:41:02] "GET /api/sessions/ HTTP/1.1" 200 2
[27/Aug/2025 12:41:02] "GET /api/charge-points/ HTTP/1.1" 200 2
[27/Aug/2025 12:41:07] "GET /api/charge-points/ HTTP/1.1" 200 2
[27/Aug/2025 12:41:07] "GET /api/sessions/ HTTP/1.1" 200 2
[27/Aug/2025 12:41:12] "GET /api/charge-points/ HTTP/1.1" 200 2
[27/Aug/2025 12:41:12] "GET /api/sessions/ HTTP/1.1" 200 2
[27/Aug/2025 12:41:13] "GET /api/charge-points/ HTTP/1.1" 200 2
[27/Aug/2025 12:41:13] "GET /api/sessions/ HTTP/1.1" 200 2
[27/Aug/2025 12:41:17] "GET /api/sessions/ HTTP/1.1" 200 2
[27/Aug/2025 12:41:17] "GET /api/charge-points/ HTTP/1.1" 200 2
[27/Aug/2025 12:41:22] "GET /api/charge-points/ HTTP/1.1" 200 2
[27/Aug/2025 12:41:22] "GET /api/sessions/ HTTP/1.1" 200 2
[27/Aug/2025 12:41:27] "GET /api/charge-points/ HTTP/1.1" 200 2
[27/Aug/2025 12:41:27] "GET /api/sessions/ HTTP/1.1" 200 2
[27/Aug/2025 12:41:32] "GET /api/sessions/ HTTP/1.1" 200 2
[27/Aug/2025 12:41:32] "GET /api/charge-points/ HTTP/1.1" 200 2
[27/Aug/2025 12:41:37] "GET /api/charge-points/ HTTP/1.1" 200 2
[27/Aug/2025 12:41:37] "GET /api/sessions/ HTTP/1.1" 200 2
[27/Aug/2025 12:41:42] "GET /api/sessions/ HTTP/1.1" 200 2
[27/Aug/2025 12:41:42] "GET /api/charge-points/ HTTP/1.1" 200 2
[27/Aug/2025 12:41:47] "GET /api/sessions/ HTTP/1.1" 200 2
[27/Aug/2025 12:41:47] "GET /api/charge-points/ HTTP/1.1" 200 2
[27/Aug/2025 12:41:47] "GET /api/me/ HTTP/1.1" 200 232
[27/Aug/2025 12:41:50] "GET /api/me/ HTTP/1.1" 200 232
[27/Aug/2025 12:41:50] "GET /api/charge-points/ HTTP/1.1" 200 2
[27/Aug/2025 12:41:50] "GET /api/sessions/ HTTP/1.1" 200 2
[27/Aug/2025 12:41:53] "GET /api/me/ HTTP/1.1" 200 232
[27/Aug/2025 12:41:53] "GET /api/charge-points/ HTTP/1.1" 200 2
[27/Aug/2025 12:41:53] "GET /api/charge-points/ HTTP/1.1" 200 2
[27/Aug/2025 12:41:53] "GET /api/sessions/ HTTP/1.1" 200 2
[27/Aug/2025 12:41:57] "GET /api/me/ HTTP/1.1" 200 232
[27/Aug/2025 12:41:57] "GET /api/charge-points/ HTTP/1.1" 200 2
[27/Aug/2025 12:41:57] "GET /api/charge-points/ HTTP/1.1" 200 2
[27/Aug/2025 12:41:57] "GET /api/sessions/ HTTP/1.1" 200 2
[27/Aug/2025 12:42:00] "GET /api/sessions/ HTTP/1.1" 200 2
[27/Aug/2025 12:42:00] "GET /api/charge-points/ HTTP/1.1" 200 2
[27/Aug/2025 12:42:02] "GET /api/charge-points/ HTTP/1.1" 200 2
[27/Aug/2025 12:42:02] "GET /api/sessions/ HTTP/1.1" 200 2
[27/Aug/2025 12:42:07] "GET /api/charge-points/ HTTP/1.1" 200 2
[27/Aug/2025 12:42:07] "GET /api/sessions/ HTTP/1.1" 200 2
[27/Aug/2025 12:42:12] "GET /api/sessions/ HTTP/1.1" 200 2
[27/Aug/2025 12:42:12] "GET /api/charge-points/ HTTP/1.1" 200 2
[27/Aug/2025 12:42:17] "GET /api/charge-points/ HTTP/1.1" 200 2
[27/Aug/2025 12:42:17] "GET /api/sessions/ HTTP/1.1" 200 2
[27/Aug/2025 12:42:22] "GET /api/charge-points/ HTTP/1.1" 200 2
[27/Aug/2025 12:42:22] "GET /api/sessions/ HTTP/1.1" 200 2
[27/Aug/2025 12:42:27] "GET /api/charge-points/ HTTP/1.1" 200 2
[27/Aug/2025 12:42:27] "GET /api/sessions/ HTTP/1.1" 200 2
[27/Aug/2025 12:42:32] "GET /api/charge-points/ HTTP/1.1" 200 2
[27/Aug/2025 12:42:32] "GET /api/sessions/ HTTP/1.1" 200 2
[27/Aug/2025 12:42:37] "GET /api/charge-points/ HTTP/1.1" 200 2
[27/Aug/2025 12:42:37] "GET /api/sessions/ HTTP/1.1" 200 2
[27/Aug/2025 12:42:42] "GET /api/charge-points/ HTTP/1.1" 200 2
[27/Aug/2025 12:42:42] "GET /api/sessions/ HTTP/1.1" 200 2
[27/Aug/2025 12:42:47] "GET /api/charge-points/ HTTP/1.1" 200 2
[27/Aug/2025 12:42:47] "GET /api/sessions/ HTTP/1.1" 200 2
[27/Aug/2025 12:42:52] "GET /api/charge-points/ HTTP/1.1" 200 2
[27/Aug/2025 12:42:52] "GET /api/sessions/ HTTP/1.1" 200 2
[27/Aug/2025 12:42:57] "GET /api/sessions/ HTTP/1.1" 200 2
[27/Aug/2025 12:42:57] "GET /api/charge-points/ HTTP/1.1" 200 2
[27/Aug/2025 12:43:02] "GET /api/sessions/ HTTP/1.1" 200 2
[27/Aug/2025 12:43:02] "GET /api/charge-points/ HTTP/1.1" 200 2
[27/Aug/2025 12:43:07] "GET /api/charge-points/ HTTP/1.1" 200 2
[27/Aug/2025 12:43:07] "GET /api/sessions/ HTTP/1.1" 200 2
[27/Aug/2025 12:43:12] "GET /api/charge-points/ HTTP/1.1" 200 2
[27/Aug/2025 12:43:12] "GET /api/sessions/ HTTP/1.1" 200 2
[27/Aug/2025 12:43:17] "GET /api/sessions/ HTTP/1.1" 200 2
[27/Aug/2025 12:43:17] "GET /api/charge-points/ HTTP/1.1" 200 2
[27/Aug/2025 12:43:22] "GET /api/sessions/ HTTP/1.1" 200 2
[27/Aug/2025 12:43:22] "GET /api/charge-points/ HTTP/1.1" 200 2
[27/Aug/2025 12:43:27] "GET /api/charge-points/ HTTP/1.1" 200 2
[27/Aug/2025 12:43:27] "GET /api/sessions/ HTTP/1.1" 200 2
[27/Aug/2025 12:43:32] "GET /api/charge-points/ HTTP/1.1" 200 2
[27/Aug/2025 12:43:32] "GET /api/sessions/ HTTP/1.1" 200 2
[27/Aug/2025 12:43:37] "GET /api/charge-points/ HTTP/1.1" 200 2
[27/Aug/2025 12:43:37] "GET /api/sessions/ HTTP/1.1" 200 2
[27/Aug/2025 12:43:42] "GET /api/sessions/ HTTP/1.1" 200 2
[27/Aug/2025 12:43:42] "GET /api/charge-points/ HTTP/1.1" 200 2
[27/Aug/2025 12:43:47] "GET /api/charge-points/ HTTP/1.1" 200 2
[27/Aug/2025 12:43:47] "GET /api/sessions/ HTTP/1.1" 200 2
[27/Aug/2025 12:43:52] "GET /api/sessions/ HTTP/1.1" 200 2
[27/Aug/2025 12:43:52] "GET /api/charge-points/ HTTP/1.1" 200 2
[27/Aug/2025 12:43:57] "GET /api/sessions/ HTTP/1.1" 200 2
[27/Aug/2025 12:43:57] "GET /api/charge-points/ HTTP/1.1" 200 2
[27/Aug/2025 12:44:02] "GET /api/charge-points/ HTTP/1.1" 200 2
[27/Aug/2025 12:44:02] "GET /api/sessions/ HTTP/1.1" 200 2
[27/Aug/2025 12:44:07] "GET /api/charge-points/ HTTP/1.1" 200 2
[27/Aug/2025 12:44:07] "GET /api/sessions/ HTTP/1.1" 200 2
[27/Aug/2025 12:44:12] "GET /api/charge-points/ HTTP/1.1" 200 2
[27/Aug/2025 12:44:12] "GET /api/sessions/ HTTP/1.1" 200 2
[27/Aug/2025 12:44:17] "GET /api/sessions/ HTTP/1.1" 200 2
[27/Aug/2025 12:44:17] "GET /api/charge-points/ HTTP/1.1" 200 2
[27/Aug/2025 12:44:22] "GET /api/charge-points/ HTTP/1.1" 200 2
[27/Aug/2025 12:44:22] "GET /api/sessions/ HTTP/1.1" 200 2
[27/Aug/2025 12:44:27] "GET /api/charge-points/ HTTP/1.1" 200 2
[27/Aug/2025 12:44:27] "GET /api/sessions/ HTTP/1.1" 200 2
[27/Aug/2025 12:44:32] "GET /api/charge-points/ HTTP/1.1" 200 2
[27/Aug/2025 12:44:32] "GET /api/sessions/ HTTP/1.1" 200 2
[27/Aug/2025 12:44:37] "GET /api/sessions/ HTTP/1.1" 200 2
[27/Aug/2025 12:44:37] "GET /api/charge-points/ HTTP/1.1" 200 2
[27/Aug/2025 12:44:43] "GET /api/me/ HTTP/1.1" 200 232
[27/Aug/2025 12:44:45] "GET /api/me/ HTTP/1.1" 200 232
[27/Aug/2025 12:44:45] "GET /api/sessions/ HTTP/1.1" 200 2
[27/Aug/2025 12:44:45] "GET /api/charge-points/ HTTP/1.1" 200 2
[27/Aug/2025 12:44:50] "GET /api/charge-points/ HTTP/1.1" 200 2
[27/Aug/2025 12:44:50] "GET /api/sessions/ HTTP/1.1" 200 2
[27/Aug/2025 12:44:55] "GET /api/charge-points/ HTTP/1.1" 200 2
[27/Aug/2025 12:44:55] "GET /api/sessions/ HTTP/1.1" 200 2
[27/Aug/2025 12:45:00] "GET /api/charge-points/ HTTP/1.1" 200 2
[27/Aug/2025 12:45:00] "GET /api/sessions/ HTTP/1.1" 200 2
[27/Aug/2025 12:45:05] "GET /api/sessions/ HTTP/1.1" 200 2
[27/Aug/2025 12:45:05] "GET /api/charge-points/ HTTP/1.1" 200 2
[27/Aug/2025 12:45:10] "GET /api/charge-points/ HTTP/1.1" 200 2
[27/Aug/2025 12:45:10] "GET /api/sessions/ HTTP/1.1" 200 2
[27/Aug/2025 12:45:12] "OPTIONS /api/auth/login/ HTTP/1.1" 200 0
[27/Aug/2025 12:45:12] "POST /api/auth/login/ HTTP/1.1" 200 537
[27/Aug/2025 12:45:13] "OPTIONS /api/me/ HTTP/1.1" 200 0
[27/Aug/2025 12:45:13] "GET /api/me/ HTTP/1.1" 200 164
[27/Aug/2025 12:45:13] "OPTIONS /api/public/charge-points/ HTTP/1.1" 200 0
[27/Aug/2025 12:45:14] "GET /api/public/charge-points/ HTTP/1.1" 200 2389
[27/Aug/2025 12:45:15] "GET /api/charge-points/ HTTP/1.1" 200 2
[27/Aug/2025 12:45:15] "GET /api/sessions/ HTTP/1.1" 200 2
[27/Aug/2025 12:45:16] "OPTIONS /api/charge-points/ HTTP/1.1" 200 0
[27/Aug/2025 12:45:16] "GET /api/charge-points/ HTTP/1.1" 200 1896
[27/Aug/2025 12:45:20] "GET /api/charge-points/ HTTP/1.1" 200 2
[27/Aug/2025 12:45:20] "GET /api/sessions/ HTTP/1.1" 200 2
[27/Aug/2025 12:45:21] "OPTIONS /api/transactions/ HTTP/1.1" 200 0
Not Found: /api/transactions/
[27/Aug/2025 12:45:21] "GET /api/transactions/ HTTP/1.1" 404 5699
[27/Aug/2025 12:45:25] "GET /api/public/charge-points/ HTTP/1.1" 200 2389
[27/Aug/2025 12:45:25] "GET /api/sessions/ HTTP/1.1" 200 2
[27/Aug/2025 12:45:25] "GET /api/charge-points/ HTTP/1.1" 200 2
[27/Aug/2025 12:45:28] "OPTIONS /api/public/charge-points/FIRST/ HTTP/1.1" 200 0
[27/Aug/2025 12:45:28] "GET /api/public/charge-points/FIRST/ HTTP/1.1" 200 312
[27/Aug/2025 12:45:30] "GET /api/charge-points/ HTTP/1.1" 200 2
[27/Aug/2025 12:45:30] "GET /api/sessions/ HTTP/1.1" 200 2
[27/Aug/2025 12:45:35] "GET /api/sessions/ HTTP/1.1" 200 2
[27/Aug/2025 12:45:35] "GET /api/charge-points/ HTTP/1.1" 200 2
[27/Aug/2025 12:45:40] "GET /api/charge-points/ HTTP/1.1" 200 2
[27/Aug/2025 12:45:40] "GET /api/sessions/ HTTP/1.1" 200 2
[27/Aug/2025 12:45:45] "GET /api/charge-points/ HTTP/1.1" 200 2
[27/Aug/2025 12:45:45] "GET /api/sessions/ HTTP/1.1" 200 2
[27/Aug/2025 12:45:50] "GET /api/sessions/ HTTP/1.1" 200 2
[27/Aug/2025 12:45:50] "GET /api/charge-points/ HTTP/1.1" 200 2
[27/Aug/2025 12:45:55] "GET /api/sessions/ HTTP/1.1" 200 2
[27/Aug/2025 12:45:55] "GET /api/charge-points/ HTTP/1.1" 200 2
[27/Aug/2025 12:46:00] "GET /api/charge-points/ HTTP/1.1" 200 2
[27/Aug/2025 12:46:00] "GET /api/sessions/ HTTP/1.1" 200 2
[27/Aug/2025 12:46:05] "GET /api/charge-points/ HTTP/1.1" 200 2
[27/Aug/2025 12:46:05] "GET /api/sessions/ HTTP/1.1" 200 2
[27/Aug/2025 12:46:10] "GET /api/charge-points/ HTTP/1.1" 200 2
[27/Aug/2025 12:46:10] "GET /api/sessions/ HTTP/1.1" 200 2
[27/Aug/2025 12:46:15] "GET /api/charge-points/ HTTP/1.1" 200 2
[27/Aug/2025 12:46:15] "GET /api/sessions/ HTTP/1.1" 200 2
[27/Aug/2025 12:46:20] "GET /api/sessions/ HTTP/1.1" 200 2
[27/Aug/2025 12:46:20] "GET /api/charge-points/ HTTP/1.1" 200 2
[27/Aug/2025 12:46:25] "GET /api/sessions/ HTTP/1.1" 200 2
[27/Aug/2025 12:46:25] "GET /api/charge-points/ HTTP/1.1" 200 2
[27/Aug/2025 12:46:30] "GET /api/charge-points/ HTTP/1.1" 200 2
[27/Aug/2025 12:46:30] "GET /api/sessions/ HTTP/1.1" 200 2
[27/Aug/2025 12:46:35] "GET /api/sessions/ HTTP/1.1" 200 2
[27/Aug/2025 12:46:35] "GET /api/charge-points/ HTTP/1.1" 200 2
[27/Aug/2025 12:46:40] "GET /api/charge-points/ HTTP/1.1" 200 2
[27/Aug/2025 12:46:40] "GET /api/sessions/ HTTP/1.1" 200 2
[27/Aug/2025 12:46:45] "GET /api/charge-points/ HTTP/1.1" 200 2
[27/Aug/2025 12:46:45] "GET /api/sessions/ HTTP/1.1" 200 2
[27/Aug/2025 12:46:50] "GET /api/sessions/ HTTP/1.1" 200 2
[27/Aug/2025 12:46:50] "GET /api/charge-points/ HTTP/1.1" 200 2
[27/Aug/2025 12:46:55] "GET /api/sessions/ HTTP/1.1" 200 2
[27/Aug/2025 12:46:55] "GET /api/charge-points/ HTTP/1.1" 200 2
[27/Aug/2025 12:47:00] "GET /api/sessions/ HTTP/1.1" 200 2
[27/Aug/2025 12:47:00] "GET /api/charge-points/ HTTP/1.1" 200 2
[27/Aug/2025 12:47:05] "GET /api/sessions/ HTTP/1.1" 200 2
[27/Aug/2025 12:47:05] "GET /api/charge-points/ HTTP/1.1" 200 2
[27/Aug/2025 12:47:10] "GET /api/sessions/ HTTP/1.1" 200 2
[27/Aug/2025 12:47:10] "GET /api/charge-points/ HTTP/1.1" 200 2
[27/Aug/2025 12:47:15] "GET /api/sessions/ HTTP/1.1" 200 2
[27/Aug/2025 12:47:15] "GET /api/charge-points/ HTTP/1.1" 200 2
[27/Aug/2025 12:47:20] "GET /api/charge-points/ HTTP/1.1" 200 2
[27/Aug/2025 12:47:20] "GET /api/sessions/ HTTP/1.1" 200 2
[27/Aug/2025 12:47:25] "GET /api/charge-points/ HTTP/1.1" 200 2
[27/Aug/2025 12:47:25] "GET /api/sessions/ HTTP/1.1" 200 2
[27/Aug/2025 12:47:30] "GET /api/sessions/ HTTP/1.1" 200 2
[27/Aug/2025 12:47:30] "GET /api/charge-points/ HTTP/1.1" 200 2
[27/Aug/2025 12:47:35] "GET /api/charge-points/ HTTP/1.1" 200 2
[27/Aug/2025 12:47:35] "GET /api/sessions/ HTTP/1.1" 200 2
[27/Aug/2025 12:47:40] "GET /api/sessions/ HTTP/1.1" 200 2
[27/Aug/2025 12:47:40] "GET /api/charge-points/ HTTP/1.1" 200 2
[27/Aug/2025 12:47:45] "GET /api/sessions/ HTTP/1.1" 200 2
[27/Aug/2025 12:47:45] "GET /api/charge-points/ HTTP/1.1" 200 2
[27/Aug/2025 12:47:50] "GET /api/me/ HTTP/1.1" 200 232
[27/Aug/2025 12:47:52] "GET /api/me/ HTTP/1.1" 200 232
[27/Aug/2025 12:47:52] "GET /api/charge-points/ HTTP/1.1" 200 2
[27/Aug/2025 12:47:52] "GET /api/sessions/ HTTP/1.1" 200 2
[27/Aug/2025 12:47:57] "GET /api/charge-points/ HTTP/1.1" 200 2
[27/Aug/2025 12:47:57] "GET /api/sessions/ HTTP/1.1" 200 2
[27/Aug/2025 12:48:02] "GET /api/charge-points/ HTTP/1.1" 200 2
[27/Aug/2025 12:48:02] "GET /api/sessions/ HTTP/1.1" 200 2
[27/Aug/2025 12:48:07] "GET /api/sessions/ HTTP/1.1" 200 2
[27/Aug/2025 12:48:07] "GET /api/charge-points/ HTTP/1.1" 200 2
[27/Aug/2025 12:48:12] "GET /api/sessions/ HTTP/1.1" 200 2
[27/Aug/2025 12:48:12] "GET /api/charge-points/ HTTP/1.1" 200 2
[27/Aug/2025 12:48:17] "GET /api/sessions/ HTTP/1.1" 200 2
[27/Aug/2025 12:48:17] "GET /api/charge-points/ HTTP/1.1" 200 2
[27/Aug/2025 12:48:21] "GET /api/me/ HTTP/1.1" 200 232
[27/Aug/2025 12:48:24] "GET /api/me/ HTTP/1.1" 200 232
[27/Aug/2025 12:48:24] "GET /api/charge-points/ HTTP/1.1" 200 2
[27/Aug/2025 12:48:24] "GET /api/sessions/ HTTP/1.1" 200 2
[27/Aug/2025 12:48:27] "GET /api/charge-points/ HTTP/1.1" 200 2
[27/Aug/2025 12:48:34] "GET /api/me/ HTTP/1.1" 200 232
[27/Aug/2025 12:48:34] "GET /api/charge-points/ HTTP/1.1" 200 2
[27/Aug/2025 12:48:34] "GET /api/sessions/ HTTP/1.1" 200 2
[27/Aug/2025 12:48:36] "GET /api/charge-points/ HTTP/1.1" 200 2
[27/Aug/2025 12:48:39] "GET /api/me/ HTTP/1.1" 200 232
[27/Aug/2025 12:48:39] "GET /api/sessions/ HTTP/1.1" 200 2
[27/Aug/2025 12:48:39] "GET /api/charge-points/ HTTP/1.1" 200 2
[27/Aug/2025 12:48:44] "GET /api/charge-points/ HTTP/1.1" 200 2
[27/Aug/2025 12:48:44] "GET /api/sessions/ HTTP/1.1" 200 2
[27/Aug/2025 12:48:46] "GET /api/public/charge-points/ HTTP/1.1" 200 2389
[27/Aug/2025 12:48:49] "GET /api/charge-points/ HTTP/1.1" 200 2
[27/Aug/2025 12:48:49] "GET /api/sessions/ HTTP/1.1" 200 2
[27/Aug/2025 12:48:52] "GET /api/me/ HTTP/1.1" 200 164
[27/Aug/2025 12:48:54] "GET /api/charge-points/ HTTP/1.1" 200 2
[27/Aug/2025 12:48:54] "GET /api/sessions/ HTTP/1.1" 200 2
[27/Aug/2025 12:48:55] "GET /api/public/charge-points/ HTTP/1.1" 200 2389
[27/Aug/2025 12:48:57] "GET /api/charge-points/ HTTP/1.1" 200 1896
[27/Aug/2025 12:48:59] "GET /api/sessions/ HTTP/1.1" 200 2
[27/Aug/2025 12:48:59] "GET /api/charge-points/ HTTP/1.1" 200 2
Not Found: /api/transactions/
[27/Aug/2025 12:49:00] "GET /api/transactions/ HTTP/1.1" 404 5699
[27/Aug/2025 12:49:02] "GET /api/public/charge-points/ HTTP/1.1" 200 2389
[27/Aug/2025 12:49:04] "GET /api/sessions/ HTTP/1.1" 200 2
[27/Aug/2025 12:49:04] "GET /api/charge-points/ HTTP/1.1" 200 2
[27/Aug/2025 12:49:04] "OPTIONS /api/public/charge-points/YES/ HTTP/1.1" 200 0
[27/Aug/2025 12:49:04] "GET /api/public/charge-points/YES/ HTTP/1.1" 200 297
[27/Aug/2025 12:49:09] "GET /api/sessions/ HTTP/1.1" 200 2
[27/Aug/2025 12:49:09] "GET /api/charge-points/ HTTP/1.1" 200 2
[27/Aug/2025 12:49:14] "GET /api/sessions/ HTTP/1.1" 200 2
[27/Aug/2025 12:49:14] "GET /api/charge-points/ HTTP/1.1" 200 2
[27/Aug/2025 12:49:19] "GET /api/charge-points/ HTTP/1.1" 200 2
[27/Aug/2025 12:49:19] "GET /api/sessions/ HTTP/1.1" 200 2
[27/Aug/2025 12:49:24] "GET /api/sessions/ HTTP/1.1" 200 2
[27/Aug/2025 12:49:24] "GET /api/charge-points/ HTTP/1.1" 200 2
[27/Aug/2025 12:49:29] "GET /api/charge-points/ HTTP/1.1" 200 2
[27/Aug/2025 12:49:29] "GET /api/sessions/ HTTP/1.1" 200 2
[27/Aug/2025 12:49:34] "GET /api/charge-points/ HTTP/1.1" 200 2
[27/Aug/2025 12:49:34] "GET /api/sessions/ HTTP/1.1" 200 2
[27/Aug/2025 12:49:39] "GET /api/sessions/ HTTP/1.1" 200 2
[27/Aug/2025 12:49:39] "GET /api/charge-points/ HTTP/1.1" 200 2
[27/Aug/2025 12:49:44] "GET /api/charge-points/ HTTP/1.1" 200 2
[27/Aug/2025 12:49:44] "GET /api/sessions/ HTTP/1.1" 200 2
[27/Aug/2025 12:49:49] "GET /api/charge-points/ HTTP/1.1" 200 2
[27/Aug/2025 12:49:49] "GET /api/sessions/ HTTP/1.1" 200 2
[27/Aug/2025 12:49:52] "GET /api/me/ HTTP/1.1" 200 232
[27/Aug/2025 12:49:55] "GET /api/me/ HTTP/1.1" 200 232
[27/Aug/2025 12:49:55] "GET /api/charge-points/ HTTP/1.1" 200 2
[27/Aug/2025 12:49:55] "GET /api/sessions/ HTTP/1.1" 200 2
[27/Aug/2025 12:49:56] "GET /api/charge-points/ HTTP/1.1" 200 2
[27/Aug/2025 12:50:13] "GET /api/me/ HTTP/1.1" 200 232
[27/Aug/2025 12:50:13] "GET /api/sessions/ HTTP/1.1" 200 2
[27/Aug/2025 12:50:13] "GET /api/charge-points/ HTTP/1.1" 200 2
[27/Aug/2025 12:50:15] "GET /api/charge-points/ HTTP/1.1" 200 2
[27/Aug/2025 12:50:18] "GET /api/me/ HTTP/1.1" 200 232
[27/Aug/2025 12:50:19] "GET /api/charge-points/ HTTP/1.1" 200 2
[27/Aug/2025 12:50:19] "GET /api/sessions/ HTTP/1.1" 200 2
[27/Aug/2025 12:50:21] "OPTIONS /api/auth/logout/ HTTP/1.1" 200 0
[27/Aug/2025 12:50:21] "POST /api/auth/logout/ HTTP/1.1" 200 30
[27/Aug/2025 12:50:36] "OPTIONS /api/auth/login/ HTTP/1.1" 200 0
[27/Aug/2025 12:50:36] "POST /api/auth/login/ HTTP/1.1" 200 563
[27/Aug/2025 12:50:36] "GET /api/me/ HTTP/1.1" 200 232
[27/Aug/2025 12:50:37] "GET /api/me/ HTTP/1.1" 200 232
[27/Aug/2025 12:50:37] "GET /api/charge-points/ HTTP/1.1" 200 2
[27/Aug/2025 12:50:37] "GET /api/sessions/ HTTP/1.1" 200 2
[27/Aug/2025 12:50:42] "GET /api/charge-points/ HTTP/1.1" 200 2
[27/Aug/2025 12:50:42] "GET /api/sessions/ HTTP/1.1" 200 2
[27/Aug/2025 12:50:44] "GET /api/me/ HTTP/1.1" 200 164
[27/Aug/2025 12:50:47] "GET /api/public/charge-points/ HTTP/1.1" 200 2389
[27/Aug/2025 12:50:47] "GET /api/charge-points/ HTTP/1.1" 200 2
[27/Aug/2025 12:50:47] "GET /api/sessions/ HTTP/1.1" 200 2
[27/Aug/2025 12:50:49] "GET /api/public/charge-points/YES/ HTTP/1.1" 200 297
[27/Aug/2025 12:50:52] "GET /api/charge-points/ HTTP/1.1" 200 1896
[27/Aug/2025 12:50:52] "GET /api/charge-points/ HTTP/1.1" 200 2
[27/Aug/2025 12:50:52] "GET /api/sessions/ HTTP/1.1" 200 2
Not Found: /api/transactions/
[27/Aug/2025 12:50:54] "GET /api/transactions/ HTTP/1.1" 404 5699
[27/Aug/2025 12:50:56] "GET /api/public/charge-points/ HTTP/1.1" 200 2389
[27/Aug/2025 12:50:57] "GET /api/charge-points/ HTTP/1.1" 200 2
[27/Aug/2025 12:50:57] "GET /api/sessions/ HTTP/1.1" 200 2
[27/Aug/2025 12:51:02] "GET /api/sessions/ HTTP/1.1" 200 2
[27/Aug/2025 12:51:02] "GET /api/charge-points/ HTTP/1.1" 200 2
[27/Aug/2025 12:51:07] "GET /api/charge-points/ HTTP/1.1" 200 2
[27/Aug/2025 12:51:07] "GET /api/sessions/ HTTP/1.1" 200 2
[27/Aug/2025 12:51:12] "GET /api/charge-points/ HTTP/1.1" 200 2
[27/Aug/2025 12:51:12] "GET /api/sessions/ HTTP/1.1" 200 2
[27/Aug/2025 12:51:17] "GET /api/charge-points/ HTTP/1.1" 200 2
[27/Aug/2025 12:51:17] "GET /api/sessions/ HTTP/1.1" 200 2
[27/Aug/2025 12:51:22] "GET /api/sessions/ HTTP/1.1" 200 2
[27/Aug/2025 12:51:22] "GET /api/charge-points/ HTTP/1.1" 200 2
[27/Aug/2025 12:51:23] "OPTIONS /api/auth/login/ HTTP/1.1" 200 0
[27/Aug/2025 12:51:23] "POST /api/auth/login/ HTTP/1.1" 200 537
[27/Aug/2025 12:51:24] "OPTIONS /api/me/ HTTP/1.1" 200 0
[27/Aug/2025 12:51:24] "GET /api/me/ HTTP/1.1" 200 164
[27/Aug/2025 12:51:25] "OPTIONS /api/public/charge-points/ HTTP/1.1" 200 0
[27/Aug/2025 12:51:25] "GET /api/public/charge-points/ HTTP/1.1" 200 2389
[27/Aug/2025 12:51:27] "GET /api/charge-points/ HTTP/1.1" 200 2
[27/Aug/2025 12:51:27] "GET /api/sessions/ HTTP/1.1" 200 2
[27/Aug/2025 12:51:31] "POST /api/auth/logout/ HTTP/1.1" 200 30
[27/Aug/2025 12:51:42] "POST /api/auth/login/ HTTP/1.1" 200 563
[27/Aug/2025 12:51:43] "GET /api/me/ HTTP/1.1" 200 232
[27/Aug/2025 12:51:43] "GET /api/me/ HTTP/1.1" 200 232
[27/Aug/2025 12:51:44] "GET /api/charge-points/ HTTP/1.1" 200 2
[27/Aug/2025 12:51:44] "GET /api/sessions/ HTTP/1.1" 200 2
[27/Aug/2025 12:51:49] "GET /api/charge-points/ HTTP/1.1" 200 2
[27/Aug/2025 12:51:49] "GET /api/sessions/ HTTP/1.1" 200 2
[27/Aug/2025 12:51:52] "GET /api/me/ HTTP/1.1" 200 232
[27/Aug/2025 12:51:55] "GET /api/me/ HTTP/1.1" 200 232
[27/Aug/2025 12:51:55] "GET /api/charge-points/ HTTP/1.1" 200 2
[27/Aug/2025 12:51:55] "GET /api/sessions/ HTTP/1.1" 200 2
[27/Aug/2025 12:52:00] "GET /api/charge-points/ HTTP/1.1" 200 2
[27/Aug/2025 12:52:00] "GET /api/sessions/ HTTP/1.1" 200 2
[27/Aug/2025 12:52:05] "GET /api/charge-points/ HTTP/1.1" 200 2
[27/Aug/2025 12:52:05] "GET /api/sessions/ HTTP/1.1" 200 2
[27/Aug/2025 12:52:10] "GET /api/charge-points/ HTTP/1.1" 200 2
[27/Aug/2025 12:52:10] "GET /api/sessions/ HTTP/1.1" 200 2
[27/Aug/2025 12:52:15] "GET /api/charge-points/ HTTP/1.1" 200 2
[27/Aug/2025 12:52:15] "GET /api/sessions/ HTTP/1.1" 200 2
[27/Aug/2025 12:52:20] "GET /api/charge-points/ HTTP/1.1" 200 2
[27/Aug/2025 12:52:20] "GET /api/sessions/ HTTP/1.1" 200 2
[27/Aug/2025 12:52:25] "GET /api/charge-points/ HTTP/1.1" 200 2
[27/Aug/2025 12:52:25] "GET /api/sessions/ HTTP/1.1" 200 2
[27/Aug/2025 12:52:30] "GET /api/charge-points/ HTTP/1.1" 200 2
[27/Aug/2025 12:52:30] "GET /api/sessions/ HTTP/1.1" 200 2
[27/Aug/2025 12:52:35] "GET /api/charge-points/ HTTP/1.1" 200 2
[27/Aug/2025 12:52:35] "GET /api/sessions/ HTTP/1.1" 200 2
[27/Aug/2025 12:52:40] "GET /api/sessions/ HTTP/1.1" 200 2
[27/Aug/2025 12:52:40] "GET /api/charge-points/ HTTP/1.1" 200 2
[27/Aug/2025 12:52:42] "POST /api/auth/logout/ HTTP/1.1" 200 30
[27/Aug/2025 12:52:54] "POST /api/auth/login/ HTTP/1.1" 200 563
[27/Aug/2025 12:52:55] "GET /api/me/ HTTP/1.1" 200 232
[27/Aug/2025 12:52:55] "GET /api/me/ HTTP/1.1" 200 232
[27/Aug/2025 12:52:55] "GET /api/charge-points/ HTTP/1.1" 200 2
[27/Aug/2025 12:52:55] "GET /api/sessions/ HTTP/1.1" 200 2
[27/Aug/2025 12:52:59] "GET /api/charge-points/ HTTP/1.1" 200 2
[27/Aug/2025 12:53:00] "GET /api/me/ HTTP/1.1" 200 232
[27/Aug/2025 12:53:01] "GET /api/charge-points/ HTTP/1.1" 200 2
[27/Aug/2025 12:53:01] "GET /api/sessions/ HTTP/1.1" 200 2
[27/Aug/2025 12:53:01] "GET /api/charge-points/ HTTP/1.1" 200 2
[27/Aug/2025 12:53:03] "GET /api/me/ HTTP/1.1" 200 232
[27/Aug/2025 12:53:03] "GET /api/charge-points/ HTTP/1.1" 200 2
[27/Aug/2025 12:53:03] "GET /api/sessions/ HTTP/1.1" 200 2
[27/Aug/2025 12:53:08] "GET /api/charge-points/ HTTP/1.1" 200 2
[27/Aug/2025 12:53:08] "GET /api/sessions/ HTTP/1.1" 200 2
[27/Aug/2025 12:53:13] "GET /api/charge-points/ HTTP/1.1" 200 2
[27/Aug/2025 12:53:13] "GET /api/sessions/ HTTP/1.1" 200 2
[27/Aug/2025 12:53:18] "GET /api/sessions/ HTTP/1.1" 200 2
[27/Aug/2025 12:53:18] "GET /api/charge-points/ HTTP/1.1" 200 2
[27/Aug/2025 12:53:23] "GET /api/sessions/ HTTP/1.1" 200 2
[27/Aug/2025 12:53:23] "GET /api/charge-points/ HTTP/1.1" 200 2
[27/Aug/2025 12:53:28] "GET /api/charge-points/ HTTP/1.1" 200 2
[27/Aug/2025 12:53:28] "GET /api/sessions/ HTTP/1.1" 200 2
[27/Aug/2025 12:53:33] "GET /api/charge-points/ HTTP/1.1" 200 2
[27/Aug/2025 12:53:33] "GET /api/sessions/ HTTP/1.1" 200 2
[27/Aug/2025 12:53:38] "GET /api/charge-points/ HTTP/1.1" 200 2
[27/Aug/2025 12:53:38] "GET /api/sessions/ HTTP/1.1" 200 2
[27/Aug/2025 12:53:43] "GET /api/charge-points/ HTTP/1.1" 200 2
[27/Aug/2025 12:53:43] "GET /api/sessions/ HTTP/1.1" 200 2
[27/Aug/2025 12:53:48] "GET /api/charge-points/ HTTP/1.1" 200 2
[27/Aug/2025 12:53:48] "GET /api/sessions/ HTTP/1.1" 200 2
[27/Aug/2025 12:53:53] "GET /api/charge-points/ HTTP/1.1" 200 2
[27/Aug/2025 12:53:53] "GET /api/sessions/ HTTP/1.1" 200 2
[27/Aug/2025 12:53:58] "GET /api/charge-points/ HTTP/1.1" 200 2
[27/Aug/2025 12:53:58] "GET /api/sessions/ HTTP/1.1" 200 2
[27/Aug/2025 12:54:03] "GET /api/charge-points/ HTTP/1.1" 200 2
[27/Aug/2025 12:54:03] "GET /api/sessions/ HTTP/1.1" 200 2
[27/Aug/2025 12:54:08] "GET /api/charge-points/ HTTP/1.1" 200 2
[27/Aug/2025 12:54:08] "GET /api/sessions/ HTTP/1.1" 200 2
[27/Aug/2025 12:54:13] "GET /api/charge-points/ HTTP/1.1" 200 2
[27/Aug/2025 12:54:13] "GET /api/sessions/ HTTP/1.1" 200 2
[27/Aug/2025 12:54:18] "GET /api/charge-points/ HTTP/1.1" 200 2
[27/Aug/2025 12:54:18] "GET /api/sessions/ HTTP/1.1" 200 2
[27/Aug/2025 12:54:23] "GET /api/charge-points/ HTTP/1.1" 200 2
[27/Aug/2025 12:54:23] "GET /api/sessions/ HTTP/1.1" 200 2
[27/Aug/2025 12:54:28] "GET /api/sessions/ HTTP/1.1" 200 2
[27/Aug/2025 12:54:28] "GET /api/charge-points/ HTTP/1.1" 200 2
[27/Aug/2025 12:54:28] "GET /api/me/ HTTP/1.1" 200 164
[27/Aug/2025 12:54:31] "GET /api/public/charge-points/ HTTP/1.1" 200 2389
[27/Aug/2025 12:54:33] "OPTIONS /api/public/charge-points/YES/ HTTP/1.1" 200 0
[27/Aug/2025 12:54:33] "GET /api/public/charge-points/YES/ HTTP/1.1" 200 297
[27/Aug/2025 12:54:33] "GET /api/charge-points/ HTTP/1.1" 200 2
[27/Aug/2025 12:54:33] "GET /api/sessions/ HTTP/1.1" 200 2
[27/Aug/2025 12:54:36] "OPTIONS /api/charge-points/ HTTP/1.1" 200 0
[27/Aug/2025 12:54:36] "GET /api/charge-points/ HTTP/1.1" 200 1896
[27/Aug/2025 12:54:38] "GET /api/charge-points/ HTTP/1.1" 200 2
[27/Aug/2025 12:54:38] "GET /api/sessions/ HTTP/1.1" 200 2
[27/Aug/2025 12:54:39] "GET /api/public/charge-points/ HTTP/1.1" 200 2389
[27/Aug/2025 12:54:40] "GET /api/charge-points/ HTTP/1.1" 200 1896
[27/Aug/2025 12:54:42] "GET /api/public/charge-points/ HTTP/1.1" 200 2389
[27/Aug/2025 12:54:43] "GET /api/charge-points/ HTTP/1.1" 200 2
[27/Aug/2025 12:54:43] "GET /api/sessions/ HTTP/1.1" 200 2
[27/Aug/2025 12:54:44] "GET /api/charge-points/ HTTP/1.1" 200 1896
[27/Aug/2025 12:54:48] "GET /api/charge-points/ HTTP/1.1" 200 2
[27/Aug/2025 12:54:48] "GET /api/sessions/ HTTP/1.1" 200 2
[27/Aug/2025 12:54:53] "OPTIONS /api/transactions/ HTTP/1.1" 200 0
Not Found: /api/transactions/
[27/Aug/2025 12:54:53] "GET /api/transactions/ HTTP/1.1" 404 5699
[27/Aug/2025 12:54:53] "GET /api/sessions/ HTTP/1.1" 200 2
[27/Aug/2025 12:54:53] "GET /api/charge-points/ HTTP/1.1" 200 2
[27/Aug/2025 12:54:58] "GET /api/sessions/ HTTP/1.1" 200 2
[27/Aug/2025 12:54:58] "GET /api/charge-points/ HTTP/1.1" 200 2
[27/Aug/2025 12:54:59] "GET /api/public/charge-points/ HTTP/1.1" 200 2389
[27/Aug/2025 12:55:03] "GET /api/sessions/ HTTP/1.1" 200 2
[27/Aug/2025 12:55:03] "GET /api/charge-points/ HTTP/1.1" 200 2
[27/Aug/2025 12:55:07] "GET /api/me/ HTTP/1.1" 200 164
[27/Aug/2025 12:55:08] "GET /api/charge-points/ HTTP/1.1" 200 2
[27/Aug/2025 12:55:08] "GET /api/sessions/ HTTP/1.1" 200 2
[27/Aug/2025 12:55:10] "GET /api/public/charge-points/ HTTP/1.1" 200 2389
[27/Aug/2025 12:55:13] "GET /api/charge-points/ HTTP/1.1" 200 2
[27/Aug/2025 12:55:13] "GET /api/sessions/ HTTP/1.1" 200 2
[27/Aug/2025 12:55:18] "GET /api/sessions/ HTTP/1.1" 200 2
[27/Aug/2025 12:55:18] "GET /api/charge-points/ HTTP/1.1" 200 2
[27/Aug/2025 12:55:19] "GET /api/me/ HTTP/1.1" 200 232
[27/Aug/2025 12:55:22] "GET /api/me/ HTTP/1.1" 200 232
[27/Aug/2025 12:55:22] "GET /api/charge-points/ HTTP/1.1" 200 2
[27/Aug/2025 12:55:22] "GET /api/sessions/ HTTP/1.1" 200 2
[27/Aug/2025 12:55:27] "GET /api/sessions/ HTTP/1.1" 200 2
[27/Aug/2025 12:55:27] "GET /api/charge-points/ HTTP/1.1" 200 2
[27/Aug/2025 12:55:32] "GET /api/charge-points/ HTTP/1.1" 200 2
[27/Aug/2025 12:55:32] "GET /api/sessions/ HTTP/1.1" 200 2
[27/Aug/2025 12:55:37] "GET /api/sessions/ HTTP/1.1" 200 2
[27/Aug/2025 12:55:37] "GET /api/charge-points/ HTTP/1.1" 200 2
[27/Aug/2025 12:55:38] "GET /api/charge-points/ HTTP/1.1" 200 2
[27/Aug/2025 12:55:43] "GET /api/me/ HTTP/1.1" 200 232
[27/Aug/2025 12:55:43] "GET /api/sessions/ HTTP/1.1" 200 2
[27/Aug/2025 12:55:43] "GET /api/charge-points/ HTTP/1.1" 200 2
[27/Aug/2025 12:55:45] "GET /api/charge-points/ HTTP/1.1" 200 2
[27/Aug/2025 12:55:47] "GET /api/me/ HTTP/1.1" 200 232
[27/Aug/2025 12:55:48] "GET /api/sessions/ HTTP/1.1" 200 2
[27/Aug/2025 12:55:48] "GET /api/charge-points/ HTTP/1.1" 200 2
[27/Aug/2025 12:55:53] "GET /api/sessions/ HTTP/1.1" 200 2
[27/Aug/2025 12:55:53] "GET /api/charge-points/ HTTP/1.1" 200 2
[27/Aug/2025 12:55:53] "GET /api/charge-points/ HTTP/1.1" 200 2
[27/Aug/2025 12:55:59] "GET /api/me/ HTTP/1.1" 200 232
[27/Aug/2025 12:55:59] "GET /api/charge-points/ HTTP/1.1" 200 2
[27/Aug/2025 12:55:59] "GET /api/sessions/ HTTP/1.1" 200 2
[27/Aug/2025 12:56:00] "POST /api/auth/logout/ HTTP/1.1" 200 30
[27/Aug/2025 13:13:10] "GET /api/me/ HTTP/1.1" 200 198
[27/Aug/2025 13:13:12] "GET /api/me/ HTTP/1.1" 200 198
[27/Aug/2025 13:13:12] "GET /api/charge-points/ HTTP/1.1" 200 967
[27/Aug/2025 13:13:12] "GET /api/sessions/ HTTP/1.1" 200 9138
[27/Aug/2025 13:13:17] "GET /api/charge-points/ HTTP/1.1" 200 967
[27/Aug/2025 13:13:17] "GET /api/sessions/ HTTP/1.1" 200 9141
[27/Aug/2025 13:13:22] "GET /api/charge-points/ HTTP/1.1" 200 967
[27/Aug/2025 13:13:22] "GET /api/sessions/ HTTP/1.1" 200 9141
[27/Aug/2025 13:13:27] "GET /api/charge-points/ HTTP/1.1" 200 967
[27/Aug/2025 13:13:27] "GET /api/sessions/ HTTP/1.1" 200 9141
[27/Aug/2025 13:13:32] "GET /api/charge-points/ HTTP/1.1" 200 967
[27/Aug/2025 13:13:32] "GET /api/sessions/ HTTP/1.1" 200 9141
[27/Aug/2025 13:13:38] "GET /api/charge-points/ HTTP/1.1" 200 967
[27/Aug/2025 13:13:38] "GET /api/sessions/ HTTP/1.1" 200 9141
[27/Aug/2025 13:13:43] "GET /api/charge-points/ HTTP/1.1" 200 967
[27/Aug/2025 13:13:43] "GET /api/sessions/ HTTP/1.1" 200 9141
[27/Aug/2025 13:13:48] "GET /api/charge-points/ HTTP/1.1" 200 967
[27/Aug/2025 13:13:48] "GET /api/sessions/ HTTP/1.1" 200 9141
[27/Aug/2025 13:13:53] "GET /api/charge-points/ HTTP/1.1" 200 967
[27/Aug/2025 13:13:53] "GET /api/sessions/ HTTP/1.1" 200 9141
[27/Aug/2025 13:13:58] "GET /api/charge-points/ HTTP/1.1" 200 967
[27/Aug/2025 13:13:58] "GET /api/sessions/ HTTP/1.1" 200 9141
[27/Aug/2025 13:14:03] "GET /api/charge-points/ HTTP/1.1" 200 967
[27/Aug/2025 13:14:03] "GET /api/sessions/ HTTP/1.1" 200 9141
[27/Aug/2025 13:14:08] "GET /api/charge-points/ HTTP/1.1" 200 967
[27/Aug/2025 13:14:08] "GET /api/sessions/ HTTP/1.1" 200 9141
[27/Aug/2025 13:14:13] "GET /api/charge-points/ HTTP/1.1" 200 967
[27/Aug/2025 13:14:13] "GET /api/sessions/ HTTP/1.1" 200 9141
[27/Aug/2025 13:14:18] "GET /api/charge-points/ HTTP/1.1" 200 967
[27/Aug/2025 13:14:18] "GET /api/sessions/ HTTP/1.1" 200 9141
[27/Aug/2025 13:14:23] "GET /api/charge-points/ HTTP/1.1" 200 967
[27/Aug/2025 13:14:23] "GET /api/sessions/ HTTP/1.1" 200 9141
[27/Aug/2025 13:14:28] "GET /api/sessions/ HTTP/1.1" 200 9141
[27/Aug/2025 13:14:28] "GET /api/charge-points/ HTTP/1.1" 200 967
[27/Aug/2025 13:14:32] "GET /api/charge-points/ HTTP/1.1" 200 967
[27/Aug/2025 13:14:32] "GET /api/sessions/ HTTP/1.1" 200 9141
[27/Aug/2025 13:14:37] "GET /api/charge-points/ HTTP/1.1" 200 967
[27/Aug/2025 13:14:37] "GET /api/sessions/ HTTP/1.1" 200 9141
[27/Aug/2025 13:14:42] "GET /api/charge-points/ HTTP/1.1" 200 967
[27/Aug/2025 13:14:42] "GET /api/sessions/ HTTP/1.1" 200 9141
[27/Aug/2025 13:14:47] "GET /api/charge-points/ HTTP/1.1" 200 967
[27/Aug/2025 13:14:47] "GET /api/sessions/ HTTP/1.1" 200 9141
[27/Aug/2025 13:14:52] "GET /api/charge-points/ HTTP/1.1" 200 967
[27/Aug/2025 13:14:52] "GET /api/sessions/ HTTP/1.1" 200 9141
[27/Aug/2025 13:14:57] "GET /api/charge-points/ HTTP/1.1" 200 967
[27/Aug/2025 13:14:57] "GET /api/sessions/ HTTP/1.1" 200 9141
[27/Aug/2025 13:15:02] "GET /api/sessions/ HTTP/1.1" 200 9137
[27/Aug/2025 13:15:02] "GET /api/charge-points/ HTTP/1.1" 200 967
[27/Aug/2025 13:15:07] "GET /api/charge-points/ HTTP/1.1" 200 967
[27/Aug/2025 13:15:07] "GET /api/sessions/ HTTP/1.1" 200 9141
[27/Aug/2025 13:15:12] "GET /api/charge-points/ HTTP/1.1" 200 967
[27/Aug/2025 13:15:12] "GET /api/sessions/ HTTP/1.1" 200 9141
[27/Aug/2025 13:15:17] "GET /api/charge-points/ HTTP/1.1" 200 967
[27/Aug/2025 13:15:17] "GET /api/sessions/ HTTP/1.1" 200 9141
[27/Aug/2025 13:15:22] "GET /api/charge-points/ HTTP/1.1" 200 967
[27/Aug/2025 13:15:22] "GET /api/sessions/ HTTP/1.1" 200 9141
[27/Aug/2025 13:15:28] "GET /api/sessions/ HTTP/1.1" 200 9141
[27/Aug/2025 13:15:28] "GET /api/charge-points/ HTTP/1.1" 200 967
[27/Aug/2025 13:15:32] "GET /api/sessions/ HTTP/1.1" 200 9141
[27/Aug/2025 13:15:32] "GET /api/charge-points/ HTTP/1.1" 200 967
[27/Aug/2025 13:15:38] "GET /api/charge-points/ HTTP/1.1" 200 967
[27/Aug/2025 13:15:38] "GET /api/sessions/ HTTP/1.1" 200 9141
[27/Aug/2025 13:15:43] "GET /api/charge-points/ HTTP/1.1" 200 967
[27/Aug/2025 13:15:43] "GET /api/sessions/ HTTP/1.1" 200 9141
[27/Aug/2025 13:15:48] "GET /api/charge-points/ HTTP/1.1" 200 967
[27/Aug/2025 13:15:48] "GET /api/sessions/ HTTP/1.1" 200 9141
[27/Aug/2025 13:15:53] "GET /api/charge-points/ HTTP/1.1" 200 967
[27/Aug/2025 13:15:53] "GET /api/sessions/ HTTP/1.1" 200 9141
[27/Aug/2025 13:15:58] "GET /api/charge-points/ HTTP/1.1" 200 967
[27/Aug/2025 13:15:58] "GET /api/sessions/ HTTP/1.1" 200 9141
[27/Aug/2025 13:16:03] "GET /api/charge-points/ HTTP/1.1" 200 967
[27/Aug/2025 13:16:03] "GET /api/sessions/ HTTP/1.1" 200 9141
[27/Aug/2025 13:16:08] "GET /api/charge-points/ HTTP/1.1" 200 967
[27/Aug/2025 13:16:08] "GET /api/sessions/ HTTP/1.1" 200 9141
[27/Aug/2025 13:16:13] "GET /api/charge-points/ HTTP/1.1" 200 967
[27/Aug/2025 13:16:13] "GET /api/sessions/ HTTP/1.1" 200 9141
[27/Aug/2025 13:16:18] "GET /api/charge-points/ HTTP/1.1" 200 967
[27/Aug/2025 13:16:18] "GET /api/sessions/ HTTP/1.1" 200 9141
[27/Aug/2025 13:16:23] "GET /api/charge-points/ HTTP/1.1" 200 967
[27/Aug/2025 13:16:23] "GET /api/sessions/ HTTP/1.1" 200 9141
[27/Aug/2025 13:16:28] "GET /api/charge-points/ HTTP/1.1" 200 967
[27/Aug/2025 13:16:28] "GET /api/sessions/ HTTP/1.1" 200 9141
[27/Aug/2025 13:16:33] "GET /api/charge-points/ HTTP/1.1" 200 967
[27/Aug/2025 13:16:33] "GET /api/sessions/ HTTP/1.1" 200 9141
[27/Aug/2025 13:17:25] "GET /api/charge-points/ HTTP/1.1" 200 967
[27/Aug/2025 13:17:25] "GET /api/sessions/ HTTP/1.1" 200 9141
[27/Aug/2025 13:18:25] "GET /api/charge-points/ HTTP/1.1" 200 967
[27/Aug/2025 13:18:25] "GET /api/sessions/ HTTP/1.1" 200 9141
[27/Aug/2025 13:18:29] "GET /api/me/ HTTP/1.1" 200 198
[27/Aug/2025 13:18:30] "GET /api/me/ HTTP/1.1" 200 133
[27/Aug/2025 13:18:30] "GET /api/public/charge-points/FIRST/ HTTP/1.1" 200 312
[27/Aug/2025 13:18:46] "POST /api/auth/login/ HTTP/1.1" 200 563
[27/Aug/2025 13:18:47] "GET /api/me/ HTTP/1.1" 200 198
[27/Aug/2025 13:18:47] "GET /api/me/ HTTP/1.1" 200 198
[27/Aug/2025 13:18:47] "GET /api/charge-points/ HTTP/1.1" 200 967
[27/Aug/2025 13:18:47] "GET /api/sessions/ HTTP/1.1" 200 9141
[27/Aug/2025 13:18:52] "GET /api/me/ HTTP/1.1" 200 198
[27/Aug/2025 13:18:52] "GET /api/charge-points/BURA/ HTTP/1.1" 200 245
[27/Aug/2025 13:19:59] "GET /api/me/ HTTP/1.1" 200 198
[27/Aug/2025 13:20:09] "POST /api/auth/login/ HTTP/1.1" 200 563
[27/Aug/2025 13:20:09] "GET /api/me/ HTTP/1.1" 200 198
[27/Aug/2025 13:20:10] "GET /api/me/ HTTP/1.1" 200 198
[27/Aug/2025 13:20:10] "GET /api/charge-points/ HTTP/1.1" 200 967
[27/Aug/2025 13:20:10] "GET /api/sessions/ HTTP/1.1" 200 9141
[27/Aug/2025 13:20:12] "GET /api/charge-points/ HTTP/1.1" 200 967
[27/Aug/2025 13:20:17] "GET /api/charge-points/BURA/ HTTP/1.1" 200 245
[27/Aug/2025 13:21:50] "GET /api/charge-points/ HTTP/1.1" 200 967
[27/Aug/2025 13:21:52] "GET /api/me/ HTTP/1.1" 200 198
[27/Aug/2025 13:21:52] "GET /api/charge-points/ HTTP/1.1" 200 967
[27/Aug/2025 13:21:52] "GET /api/sessions/ HTTP/1.1" 200 9141
[27/Aug/2025 13:21:57] "GET /api/charge-points/ HTTP/1.1" 200 967
[27/Aug/2025 13:21:57] "GET /api/sessions/ HTTP/1.1" 200 9141
[27/Aug/2025 13:22:02] "GET /api/charge-points/ HTTP/1.1" 200 967
[27/Aug/2025 13:22:02] "GET /api/sessions/ HTTP/1.1" 200 9141
[27/Aug/2025 13:22:08] "GET /api/charge-points/ HTTP/1.1" 200 967
[27/Aug/2025 13:22:08] "GET /api/sessions/ HTTP/1.1" 200 9141
[27/Aug/2025 13:22:13] "GET /api/charge-points/ HTTP/1.1" 200 967
[27/Aug/2025 13:22:13] "GET /api/sessions/ HTTP/1.1" 200 9141
[27/Aug/2025 13:22:18] "GET /api/charge-points/ HTTP/1.1" 200 967
[27/Aug/2025 13:22:18] "GET /api/sessions/ HTTP/1.1" 200 9141
[27/Aug/2025 13:22:23] "GET /api/charge-points/ HTTP/1.1" 200 967
[27/Aug/2025 13:22:23] "GET /api/sessions/ HTTP/1.1" 200 9141
[27/Aug/2025 13:22:28] "GET /api/charge-points/ HTTP/1.1" 200 967
[27/Aug/2025 13:22:28] "GET /api/sessions/ HTTP/1.1" 200 9141
[27/Aug/2025 13:22:33] "GET /api/charge-points/ HTTP/1.1" 200 967
[27/Aug/2025 13:22:33] "GET /api/sessions/ HTTP/1.1" 200 9141
[27/Aug/2025 13:22:38] "GET /api/charge-points/ HTTP/1.1" 200 967
[27/Aug/2025 13:22:38] "GET /api/sessions/ HTTP/1.1" 200 9141
[27/Aug/2025 13:22:43] "GET /api/charge-points/ HTTP/1.1" 200 967
[27/Aug/2025 13:22:43] "GET /api/sessions/ HTTP/1.1" 200 9141
[27/Aug/2025 13:22:48] "GET /api/charge-points/ HTTP/1.1" 200 967
[27/Aug/2025 13:22:48] "GET /api/sessions/ HTTP/1.1" 200 9141
[27/Aug/2025 13:22:53] "GET /api/charge-points/ HTTP/1.1" 200 967
[27/Aug/2025 13:22:53] "GET /api/sessions/ HTTP/1.1" 200 9141
[27/Aug/2025 13:22:57] "GET /api/charge-points/ HTTP/1.1" 200 967
[27/Aug/2025 13:22:57] "GET /api/sessions/ HTTP/1.1" 200 9141
[27/Aug/2025 13:23:02] "GET /api/charge-points/ HTTP/1.1" 200 967
[27/Aug/2025 13:23:02] "GET /api/sessions/ HTTP/1.1" 200 9141
[27/Aug/2025 13:23:07] "GET /api/charge-points/ HTTP/1.1" 200 967
[27/Aug/2025 13:23:07] "GET /api/sessions/ HTTP/1.1" 200 9141
[27/Aug/2025 13:23:12] "GET /api/charge-points/ HTTP/1.1" 200 967
[27/Aug/2025 13:23:12] "GET /api/sessions/ HTTP/1.1" 200 9141
[27/Aug/2025 13:23:17] "GET /api/charge-points/ HTTP/1.1" 200 967
[27/Aug/2025 13:23:17] "GET /api/sessions/ HTTP/1.1" 200 9141
[27/Aug/2025 13:23:22] "GET /api/charge-points/ HTTP/1.1" 200 967
[27/Aug/2025 13:23:22] "GET /api/sessions/ HTTP/1.1" 200 9141
[27/Aug/2025 13:23:27] "GET /api/charge-points/ HTTP/1.1" 200 967
[27/Aug/2025 13:23:27] "GET /api/sessions/ HTTP/1.1" 200 9141
[27/Aug/2025 13:23:32] "GET /api/charge-points/ HTTP/1.1" 200 967
[27/Aug/2025 13:23:32] "GET /api/sessions/ HTTP/1.1" 200 9141
[27/Aug/2025 13:23:37] "GET /api/sessions/ HTTP/1.1" 200 9141
[27/Aug/2025 13:23:37] "GET /api/charge-points/ HTTP/1.1" 200 967
[27/Aug/2025 13:23:43] "GET /api/charge-points/ HTTP/1.1" 200 967
[27/Aug/2025 13:23:43] "GET /api/sessions/ HTTP/1.1" 200 9141
[27/Aug/2025 13:23:48] "GET /api/charge-points/ HTTP/1.1" 200 967
[27/Aug/2025 13:23:48] "GET /api/sessions/ HTTP/1.1" 200 9141
[27/Aug/2025 13:23:53] "GET /api/charge-points/ HTTP/1.1" 200 967
[27/Aug/2025 13:23:53] "GET /api/sessions/ HTTP/1.1" 200 9141
[27/Aug/2025 13:23:58] "GET /api/charge-points/ HTTP/1.1" 200 967
[27/Aug/2025 13:23:58] "GET /api/sessions/ HTTP/1.1" 200 9141
[27/Aug/2025 13:24:03] "GET /api/charge-points/ HTTP/1.1" 200 967
[27/Aug/2025 13:24:03] "GET /api/sessions/ HTTP/1.1" 200 9141
[27/Aug/2025 13:24:08] "GET /api/charge-points/ HTTP/1.1" 200 967
[27/Aug/2025 13:24:08] "GET /api/sessions/ HTTP/1.1" 200 9141
[27/Aug/2025 13:24:13] "GET /api/charge-points/ HTTP/1.1" 200 967
[27/Aug/2025 13:24:13] "GET /api/sessions/ HTTP/1.1" 200 9141
[27/Aug/2025 13:24:18] "GET /api/charge-points/ HTTP/1.1" 200 967
[27/Aug/2025 13:24:18] "GET /api/sessions/ HTTP/1.1" 200 9141
[27/Aug/2025 13:24:23] "GET /api/charge-points/ HTTP/1.1" 200 967
[27/Aug/2025 13:24:23] "GET /api/sessions/ HTTP/1.1" 200 9141
[27/Aug/2025 13:24:28] "GET /api/charge-points/ HTTP/1.1" 200 967
[27/Aug/2025 13:24:28] "GET /api/sessions/ HTTP/1.1" 200 9141
[27/Aug/2025 13:24:33] "GET /api/charge-points/ HTTP/1.1" 200 967
[27/Aug/2025 13:24:33] "GET /api/sessions/ HTTP/1.1" 200 9141
[27/Aug/2025 13:24:37] "GET /api/sessions/ HTTP/1.1" 200 9141
[27/Aug/2025 13:24:37] "GET /api/charge-points/ HTTP/1.1" 200 967
[27/Aug/2025 13:24:43] "GET /api/charge-points/ HTTP/1.1" 200 967
[27/Aug/2025 13:24:43] "GET /api/sessions/ HTTP/1.1" 200 9141
[27/Aug/2025 13:24:48] "GET /api/charge-points/ HTTP/1.1" 200 967
[27/Aug/2025 13:24:48] "GET /api/sessions/ HTTP/1.1" 200 9141
[27/Aug/2025 13:24:53] "GET /api/charge-points/ HTTP/1.1" 200 967
[27/Aug/2025 13:24:53] "GET /api/sessions/ HTTP/1.1" 200 9141
[27/Aug/2025 13:24:58] "GET /api/charge-points/ HTTP/1.1" 200 967
[27/Aug/2025 13:24:58] "GET /api/sessions/ HTTP/1.1" 200 9141
[27/Aug/2025 13:25:03] "GET /api/sessions/ HTTP/1.1" 200 9141
[27/Aug/2025 13:25:03] "GET /api/charge-points/ HTTP/1.1" 200 967
[27/Aug/2025 13:25:08] "GET /api/charge-points/ HTTP/1.1" 200 967
[27/Aug/2025 13:25:08] "GET /api/sessions/ HTTP/1.1" 200 9141
[27/Aug/2025 13:25:13] "GET /api/charge-points/ HTTP/1.1" 200 967
[27/Aug/2025 13:25:13] "GET /api/sessions/ HTTP/1.1" 200 9141
[27/Aug/2025 13:25:17] "GET /api/charge-points/ HTTP/1.1" 200 967
[27/Aug/2025 13:25:17] "GET /api/sessions/ HTTP/1.1" 200 9138
[27/Aug/2025 13:25:22] "GET /api/charge-points/ HTTP/1.1" 200 967
[27/Aug/2025 13:25:22] "GET /api/sessions/ HTTP/1.1" 200 9141
[27/Aug/2025 13:25:27] "GET /api/sessions/ HTTP/1.1" 200 9141
[27/Aug/2025 13:25:27] "GET /api/charge-points/ HTTP/1.1" 200 967
[27/Aug/2025 13:25:33] "GET /api/charge-points/ HTTP/1.1" 200 967
[27/Aug/2025 13:25:33] "GET /api/sessions/ HTTP/1.1" 200 9137
[27/Aug/2025 13:25:37] "GET /api/charge-points/ HTTP/1.1" 200 967
[27/Aug/2025 13:25:37] "GET /api/sessions/ HTTP/1.1" 200 9141
[27/Aug/2025 13:25:38] "POST /api/auth/logout/ HTTP/1.1" 200 30
[27/Aug/2025 13:25:51] "POST /api/auth/login/ HTTP/1.1" 200 537
[27/Aug/2025 13:25:51] "GET /api/me/ HTTP/1.1" 200 133
[27/Aug/2025 13:25:52] "GET /api/public/charge-points/ HTTP/1.1" 200 2389
[27/Aug/2025 13:28:00] "OPTIONS /api/transactions/ HTTP/1.1" 200 0
Not Found: /api/transactions/
[27/Aug/2025 13:28:00] "GET /api/transactions/ HTTP/1.1" 404 5699
[27/Aug/2025 13:28:02] "GET /api/charge-points/ HTTP/1.1" 200 1896
[27/Aug/2025 13:28:11] "GET /api/public/charge-points/ HTTP/1.1" 200 2389
[27/Aug/2025 13:28:14] "GET /api/charge-points/ HTTP/1.1" 200 1896
[27/Aug/2025 13:28:15] "GET /api/public/charge-points/ HTTP/1.1" 200 2389
[27/Aug/2025 13:35:46] "OPTIONS /api/auth/refresh/ HTTP/1.1" 200 0
[27/Aug/2025 13:35:46] "POST /api/auth/refresh/ HTTP/1.1" 200 261
[27/Aug/2025 13:48:26] "GET /api/charge-points/ HTTP/1.1" 200 1896
Not Found: /api/transactions/
[27/Aug/2025 13:48:27] "GET /api/transactions/ HTTP/1.1" 404 5699
[27/Aug/2025 13:48:28] "OPTIONS /api/public/charge-points/ HTTP/1.1" 200 0
[27/Aug/2025 13:48:29] "GET /api/public/charge-points/ HTTP/1.1" 200 2389
[27/Aug/2025 13:50:53] "OPTIONS /api/auth/refresh/ HTTP/1.1" 200 0
[27/Aug/2025 13:50:53] "POST /api/auth/refresh/ HTTP/1.1" 200 261
[27/Aug/2025 14:25:22] "OPTIONS /api/auth/refresh/ HTTP/1.1" 200 0
[27/Aug/2025 14:25:22] "POST /api/auth/refresh/ HTTP/1.1" 200 261
[27/Aug/2025 14:35:17] "POST /api/auth/refresh/ HTTP/1.1" 200 261
[27/Aug/2025 14:50:23] "POST /api/auth/refresh/ HTTP/1.1" 200 261
Not Found: /
[27/Aug/2025 15:06:43] "GET / HTTP/1.1" 404 2062
[27/Aug/2025 15:06:45] code 505, message Invalid HTTP version (2.0)
[27/Aug/2025 15:06:45] "PRI * HTTP/2.0" 505 -
Not Found: /favicon.ico
[27/Aug/2025 15:06:52] "GET /favicon.ico HTTP/1.1" 404 2113
[27/Aug/2025 15:06:53] code 505, message Invalid HTTP version (2.0)
[27/Aug/2025 15:06:53] "PRI * HTTP/2.0" 505 -
[27/Aug/2025 15:07:02] code 400, message Bad request version ('À\x14À')
[27/Aug/2025 15:07:02] You're accessing the development server over HTTPS, but it only supports HTTP.
Not Found: /security.txt
[27/Aug/2025 15:07:03] "GET /security.txt HTTP/1.1" 404 2116
[27/Aug/2025 15:13:51,835] - Broken pipe from ('167.94.138.207', 43512)
Not Found: /
[27/Aug/2025 15:13:55] "GET / HTTP/1.1" 404 2062
[27/Aug/2025 15:13:55,438] - Broken pipe from ('167.94.138.207', 43518)
Not Found: /
[27/Aug/2025 15:14:01] "GET / HTTP/1.1" 404 2062
[27/Aug/2025 15:14:01] code 505, message Invalid HTTP version (2.0)
[27/Aug/2025 15:14:01] "PRI * HTTP/2.0" 505 -
Not Found: /favicon.ico
[27/Aug/2025 15:14:05] "GET /favicon.ico HTTP/1.1" 404 2113
[27/Aug/2025 15:14:06] code 505, message Invalid HTTP version (2.0)
[27/Aug/2025 15:14:06] "PRI * HTTP/2.0" 505 -
[27/Aug/2025 15:14:12] code 400, message Bad request version ('7¹«/')
[27/Aug/2025 15:14:12] You're accessing the development server over HTTPS, but it only supports HTTP.
Not Found: /security.txt
[27/Aug/2025 15:14:12] "GET /security.txt HTTP/1.1" 404 2116
[27/Aug/2025 20:44:02] code 400, message Bad HTTP/0.9 request type ('\x16\x03\x01\x00{\x01\x00\x00w\x03\x03¶)N¶³\x03S\x90-\x87Y\x93+ú\x19å\x82ÿ?\x9aR§ô¢o.Hè²Ô\x14}\x00\x00\x1aÀ/À+À\x11À\x07À\x13À')
[27/Aug/2025 20:44:02] You're accessing the development server over HTTPS, but it only supports HTTP.
[27/Aug/2025 20:44:03] code 400, message Bad request syntax ('\x16\x03\x01\x00{\x01\x00\x00w\x03\x03Ý')
[27/Aug/2025 20:44:03] You're accessing the development server over HTTPS, but it only supports HTTP.
Not Found: /
[27/Aug/2025 20:44:03] "GET / HTTP/1.1" 404 2062
Not Found: /login
[27/Aug/2025 20:44:03] "GET /login HTTP/1.1" 404 2095
Not Found: /
[27/Aug/2025 21:40:33] "GET / HTTP/1.1" 404 2062
Not Found: /
[28/Aug/2025 03:23:45] "GET / HTTP/1.0" 404 2057
Not Found: /
[28/Aug/2025 07:11:00] "GET / HTTP/1.1" 404 2057
Not Found: /favicon.ico
[28/Aug/2025 07:11:00] "GET /favicon.ico HTTP/1.1" 404 2108
[28/Aug/2025 07:26:09] "OPTIONS /api/auth/login/ HTTP/1.1" 200 0
[28/Aug/2025 07:26:09] "POST /api/auth/login/ HTTP/1.1" 200 563
[28/Aug/2025 07:26:10] "OPTIONS /api/me/ HTTP/1.1" 200 0
[28/Aug/2025 07:26:10] "GET /api/me/ HTTP/1.1" 200 198
[28/Aug/2025 07:26:11] "GET /api/me/ HTTP/1.1" 200 198
[28/Aug/2025 07:26:11] "OPTIONS /api/charge-points/ HTTP/1.1" 200 0
[28/Aug/2025 07:26:11] "OPTIONS /api/sessions/ HTTP/1.1" 200 0
[28/Aug/2025 07:26:11] "GET /api/charge-points/ HTTP/1.1" 200 967
[28/Aug/2025 07:26:11] "GET /api/sessions/ HTTP/1.1" 200 9138
[28/Aug/2025 07:26:16] "GET /api/charge-points/ HTTP/1.1" 200 967
[28/Aug/2025 07:26:16] "GET /api/sessions/ HTTP/1.1" 200 9141
[28/Aug/2025 07:26:18] "GET /api/charge-points/ HTTP/1.1" 200 967
[28/Aug/2025 07:26:23] "GET /api/me/ HTTP/1.1" 200 198
[28/Aug/2025 07:26:23] "GET /api/charge-points/ HTTP/1.1" 200 967
[28/Aug/2025 07:26:23] "GET /api/sessions/ HTTP/1.1" 200 9141
[28/Aug/2025 07:26:25] "GET /api/charge-points/ HTTP/1.1" 200 967
[28/Aug/2025 07:26:29] "GET /api/me/ HTTP/1.1" 200 198
[28/Aug/2025 07:26:29] "GET /api/charge-points/ HTTP/1.1" 200 967
[28/Aug/2025 07:26:29] "GET /api/sessions/ HTTP/1.1" 200 9141
[28/Aug/2025 07:26:34] "GET /api/charge-points/ HTTP/1.1" 200 967
[28/Aug/2025 07:26:34] "GET /api/sessions/ HTTP/1.1" 200 9141
[28/Aug/2025 07:26:39] "GET /api/charge-points/ HTTP/1.1" 200 967
[28/Aug/2025 07:26:39] "GET /api/sessions/ HTTP/1.1" 200 9141
[28/Aug/2025 07:26:44] "GET /api/charge-points/ HTTP/1.1" 200 967
[28/Aug/2025 07:26:44] "GET /api/sessions/ HTTP/1.1" 200 9141
[28/Aug/2025 07:26:49] "GET /api/charge-points/ HTTP/1.1" 200 967
[28/Aug/2025 07:26:49] "GET /api/sessions/ HTTP/1.1" 200 9141
[28/Aug/2025 07:26:54] "GET /api/sessions/ HTTP/1.1" 200 9141
[28/Aug/2025 07:26:54] "GET /api/charge-points/ HTTP/1.1" 200 967
[28/Aug/2025 07:26:59] "GET /api/charge-points/ HTTP/1.1" 200 967
[28/Aug/2025 07:26:59] "GET /api/sessions/ HTTP/1.1" 200 9141
[28/Aug/2025 07:27:04] "GET /api/sessions/ HTTP/1.1" 200 9141
[28/Aug/2025 07:27:04] "GET /api/charge-points/ HTTP/1.1" 200 967
[28/Aug/2025 07:27:09] "GET /api/charge-points/ HTTP/1.1" 200 967
[28/Aug/2025 07:27:09] "GET /api/sessions/ HTTP/1.1" 200 9141
[28/Aug/2025 07:27:14] "GET /api/charge-points/ HTTP/1.1" 200 967
[28/Aug/2025 07:27:14] "GET /api/sessions/ HTTP/1.1" 200 9141
[28/Aug/2025 07:27:19] "GET /api/charge-points/ HTTP/1.1" 200 967
[28/Aug/2025 07:27:19] "GET /api/sessions/ HTTP/1.1" 200 9141
[28/Aug/2025 07:27:24] "GET /api/charge-points/ HTTP/1.1" 200 967
[28/Aug/2025 07:27:24] "GET /api/sessions/ HTTP/1.1" 200 9141
[28/Aug/2025 07:27:29] "GET /api/charge-points/ HTTP/1.1" 200 967
[28/Aug/2025 07:27:29] "GET /api/sessions/ HTTP/1.1" 200 9141
[28/Aug/2025 07:27:34] "GET /api/charge-points/ HTTP/1.1" 200 967
[28/Aug/2025 07:27:34] "GET /api/sessions/ HTTP/1.1" 200 9141
[28/Aug/2025 07:27:39] "GET /api/charge-points/ HTTP/1.1" 200 967
[28/Aug/2025 07:27:39] "GET /api/sessions/ HTTP/1.1" 200 9141
[28/Aug/2025 07:27:44] "GET /api/charge-points/ HTTP/1.1" 200 967
[28/Aug/2025 07:27:44] "GET /api/sessions/ HTTP/1.1" 200 9141
[28/Aug/2025 07:27:49] "GET /api/charge-points/ HTTP/1.1" 200 967
[28/Aug/2025 07:27:49] "GET /api/sessions/ HTTP/1.1" 200 9141
[28/Aug/2025 07:27:52] "GET /api/me/ HTTP/1.1" 200 198
[28/Aug/2025 07:27:54] "OPTIONS /api/charge-points/BURA/ HTTP/1.1" 200 0
[28/Aug/2025 07:27:55] "GET /api/charge-points/BURA/ HTTP/1.1" 200 245
[28/Aug/2025 07:28:01] "GET /api/me/ HTTP/1.1" 200 198
[28/Aug/2025 07:28:03] "GET /api/me/ HTTP/1.1" 200 198
[28/Aug/2025 07:28:03] "GET /api/charge-points/ HTTP/1.1" 200 967
[28/Aug/2025 07:28:03] "GET /api/sessions/ HTTP/1.1" 200 9139
[28/Aug/2025 07:28:08] "GET /api/charge-points/ HTTP/1.1" 200 967
[28/Aug/2025 07:28:08] "GET /api/sessions/ HTTP/1.1" 200 9138
[28/Aug/2025 07:28:13] "GET /api/sessions/ HTTP/1.1" 200 9141
[28/Aug/2025 07:28:13] "GET /api/charge-points/ HTTP/1.1" 200 967
[28/Aug/2025 07:28:18] "GET /api/charge-points/ HTTP/1.1" 200 967
[28/Aug/2025 07:28:18] "GET /api/sessions/ HTTP/1.1" 200 9139
[28/Aug/2025 07:28:23] "GET /api/charge-points/ HTTP/1.1" 200 967
[28/Aug/2025 07:28:23] "GET /api/sessions/ HTTP/1.1" 200 9137
[28/Aug/2025 07:28:28] "GET /api/charge-points/ HTTP/1.1" 200 967
[28/Aug/2025 07:28:28] "GET /api/sessions/ HTTP/1.1" 200 9141
[28/Aug/2025 07:28:33] "GET /api/charge-points/ HTTP/1.1" 200 967
[28/Aug/2025 07:28:33] "GET /api/sessions/ HTTP/1.1" 200 9139
[28/Aug/2025 07:28:38] "GET /api/charge-points/ HTTP/1.1" 200 967
[28/Aug/2025 07:28:38] "GET /api/sessions/ HTTP/1.1" 200 9138
[28/Aug/2025 07:28:43] "GET /api/charge-points/ HTTP/1.1" 200 967
[28/Aug/2025 07:28:43] "GET /api/sessions/ HTTP/1.1" 200 9141
[28/Aug/2025 07:28:48] "GET /api/charge-points/ HTTP/1.1" 200 967
[28/Aug/2025 07:28:48] "GET /api/sessions/ HTTP/1.1" 200 9139
[28/Aug/2025 07:28:53] "GET /api/charge-points/ HTTP/1.1" 200 967
[28/Aug/2025 07:28:53] "GET /api/sessions/ HTTP/1.1" 200 9137
[28/Aug/2025 07:28:58] "GET /api/charge-points/ HTTP/1.1" 200 967
[28/Aug/2025 07:28:58] "GET /api/sessions/ HTTP/1.1" 200 9141
[28/Aug/2025 07:29:03] "GET /api/charge-points/ HTTP/1.1" 200 967
[28/Aug/2025 07:29:03] "GET /api/sessions/ HTTP/1.1" 200 9139
[28/Aug/2025 07:29:08] "GET /api/charge-points/ HTTP/1.1" 200 967
[28/Aug/2025 07:29:08] "GET /api/sessions/ HTTP/1.1" 200 9138
[28/Aug/2025 07:29:13] "GET /api/charge-points/ HTTP/1.1" 200 967
[28/Aug/2025 07:29:13] "GET /api/sessions/ HTTP/1.1" 200 9141
[28/Aug/2025 07:29:18] "GET /api/charge-points/ HTTP/1.1" 200 967
[28/Aug/2025 07:29:18] "GET /api/sessions/ HTTP/1.1" 200 9139
[28/Aug/2025 07:29:23] "GET /api/charge-points/ HTTP/1.1" 200 967
[28/Aug/2025 07:29:23] "GET /api/sessions/ HTTP/1.1" 200 9137
[28/Aug/2025 07:29:28] "GET /api/sessions/ HTTP/1.1" 200 9141
[28/Aug/2025 07:29:28] "GET /api/charge-points/ HTTP/1.1" 200 967
[28/Aug/2025 07:29:33] "GET /api/sessions/ HTTP/1.1" 200 9139
[28/Aug/2025 07:29:33] "GET /api/charge-points/ HTTP/1.1" 200 967
[28/Aug/2025 07:29:38] "GET /api/charge-points/ HTTP/1.1" 200 967
[28/Aug/2025 07:29:38] "GET /api/sessions/ HTTP/1.1" 200 9138
[28/Aug/2025 07:29:43] "GET /api/charge-points/ HTTP/1.1" 200 967
[28/Aug/2025 07:29:43] "GET /api/sessions/ HTTP/1.1" 200 9141
[28/Aug/2025 07:29:49] "GET /api/charge-points/ HTTP/1.1" 200 967
[28/Aug/2025 07:29:49] "GET /api/sessions/ HTTP/1.1" 200 9141
[28/Aug/2025 07:29:53] "GET /api/charge-points/ HTTP/1.1" 200 967
[28/Aug/2025 07:29:53] "GET /api/sessions/ HTTP/1.1" 200 9137
[28/Aug/2025 07:29:58] "GET /api/charge-points/ HTTP/1.1" 200 967
[28/Aug/2025 07:29:58] "GET /api/sessions/ HTTP/1.1" 200 9141
[28/Aug/2025 07:29:59] "GET /api/charge-points/ HTTP/1.1" 200 967
[28/Aug/2025 07:31:37] "GET /api/me/ HTTP/1.1" 200 198
[28/Aug/2025 07:31:37] "GET /api/charge-points/ HTTP/1.1" 200 967
[28/Aug/2025 07:31:37] "GET /api/sessions/ HTTP/1.1" 200 9141
[28/Aug/2025 07:31:42] "GET /api/charge-points/ HTTP/1.1" 200 967
[28/Aug/2025 07:31:42] "GET /api/sessions/ HTTP/1.1" 200 9141
[28/Aug/2025 07:31:47] "GET /api/charge-points/ HTTP/1.1" 200 967
[28/Aug/2025 07:31:47] "GET /api/sessions/ HTTP/1.1" 200 9141
[28/Aug/2025 07:31:52] "GET /api/charge-points/ HTTP/1.1" 200 967
[28/Aug/2025 07:31:52] "GET /api/sessions/ HTTP/1.1" 200 9141
[28/Aug/2025 07:31:57] "GET /api/charge-points/ HTTP/1.1" 200 967
[28/Aug/2025 07:31:57] "GET /api/sessions/ HTTP/1.1" 200 9141
[28/Aug/2025 07:32:02] "GET /api/charge-points/ HTTP/1.1" 200 967
[28/Aug/2025 07:32:02] "GET /api/sessions/ HTTP/1.1" 200 9141
[28/Aug/2025 07:32:07] "GET /api/charge-points/ HTTP/1.1" 200 967
[28/Aug/2025 07:32:07] "GET /api/sessions/ HTTP/1.1" 200 9141
[28/Aug/2025 07:32:12] "GET /api/sessions/ HTTP/1.1" 200 9141
[28/Aug/2025 07:32:12] "GET /api/charge-points/ HTTP/1.1" 200 967
[28/Aug/2025 07:32:17] "GET /api/sessions/ HTTP/1.1" 200 9141
[28/Aug/2025 07:32:17] "GET /api/charge-points/ HTTP/1.1" 200 967
[28/Aug/2025 07:32:22] "GET /api/charge-points/ HTTP/1.1" 200 967
[28/Aug/2025 07:32:22] "GET /api/sessions/ HTTP/1.1" 200 9141
[28/Aug/2025 07:32:27] "GET /api/charge-points/ HTTP/1.1" 200 967
[28/Aug/2025 07:32:27] "GET /api/sessions/ HTTP/1.1" 200 9141
[28/Aug/2025 07:32:33] "GET /api/charge-points/ HTTP/1.1" 200 967
[28/Aug/2025 07:32:33] "GET /api/sessions/ HTTP/1.1" 200 9141
[28/Aug/2025 07:32:38] "GET /api/charge-points/ HTTP/1.1" 200 967
[28/Aug/2025 07:32:38] "GET /api/sessions/ HTTP/1.1" 200 9141
[28/Aug/2025 07:32:43] "GET /api/charge-points/ HTTP/1.1" 200 967
[28/Aug/2025 07:32:43] "GET /api/sessions/ HTTP/1.1" 200 9141
[28/Aug/2025 07:32:48] "GET /api/charge-points/ HTTP/1.1" 200 967
[28/Aug/2025 07:32:48] "GET /api/sessions/ HTTP/1.1" 200 9141
[28/Aug/2025 07:32:53] "GET /api/charge-points/ HTTP/1.1" 200 967
[28/Aug/2025 07:32:53] "GET /api/sessions/ HTTP/1.1" 200 9141
[28/Aug/2025 07:32:58] "GET /api/charge-points/ HTTP/1.1" 200 967
[28/Aug/2025 07:32:58] "GET /api/sessions/ HTTP/1.1" 200 9141
[28/Aug/2025 07:33:03] "GET /api/sessions/ HTTP/1.1" 200 9141
[28/Aug/2025 07:33:03] "GET /api/charge-points/ HTTP/1.1" 200 967
[28/Aug/2025 07:33:08] "GET /api/charge-points/ HTTP/1.1" 200 967
[28/Aug/2025 07:33:08] "GET /api/sessions/ HTTP/1.1" 200 9141
[28/Aug/2025 07:33:13] "GET /api/charge-points/ HTTP/1.1" 200 967
[28/Aug/2025 07:33:13] "GET /api/sessions/ HTTP/1.1" 200 9141
[28/Aug/2025 07:33:18] "GET /api/charge-points/ HTTP/1.1" 200 967
[28/Aug/2025 07:33:18] "GET /api/sessions/ HTTP/1.1" 200 9141
[28/Aug/2025 07:33:23] "GET /api/charge-points/ HTTP/1.1" 200 967
[28/Aug/2025 07:33:23] "GET /api/sessions/ HTTP/1.1" 200 9141
[28/Aug/2025 07:33:28] "GET /api/charge-points/ HTTP/1.1" 200 967
[28/Aug/2025 07:33:28] "GET /api/sessions/ HTTP/1.1" 200 9141
[28/Aug/2025 07:34:06] "GET /api/charge-points/ HTTP/1.1" 200 967
[28/Aug/2025 07:34:06] "GET /api/sessions/ HTTP/1.1" 200 9141
[28/Aug/2025 07:35:06] "GET /api/charge-points/ HTTP/1.1" 200 967
[28/Aug/2025 07:35:06] "GET /api/sessions/ HTTP/1.1" 200 9141
[28/Aug/2025 07:36:06] "GET /api/charge-points/ HTTP/1.1" 200 967
[28/Aug/2025 07:36:06] "GET /api/sessions/ HTTP/1.1" 200 9141
[28/Aug/2025 07:37:08] "GET /api/charge-points/ HTTP/1.1" 200 967
[28/Aug/2025 07:37:08] "GET /api/sessions/ HTTP/1.1" 200 9141
[28/Aug/2025 07:38:06] "GET /api/charge-points/ HTTP/1.1" 200 967
[28/Aug/2025 07:38:06] "GET /api/sessions/ HTTP/1.1" 200 9141
[28/Aug/2025 07:39:06] "GET /api/charge-points/ HTTP/1.1" 200 967
[28/Aug/2025 07:39:06] "GET /api/sessions/ HTTP/1.1" 200 9141
[28/Aug/2025 07:40:06] "GET /api/charge-points/ HTTP/1.1" 200 967
[28/Aug/2025 07:40:06] "GET /api/sessions/ HTTP/1.1" 200 9141
[28/Aug/2025 07:41:06] "GET /api/charge-points/ HTTP/1.1" 200 967
[28/Aug/2025 07:41:06] "GET /api/sessions/ HTTP/1.1" 200 9139
[28/Aug/2025 07:42:06] "GET /api/sessions/ HTTP/1.1" 200 9141
[28/Aug/2025 07:42:06] "GET /api/charge-points/ HTTP/1.1" 200 967
[28/Aug/2025 07:43:06] "GET /api/sessions/ HTTP/1.1" 200 9141
[28/Aug/2025 07:43:06] "GET /api/charge-points/ HTTP/1.1" 200 967
[28/Aug/2025 07:44:06] "GET /api/sessions/ HTTP/1.1" 200 9141
[28/Aug/2025 07:44:06] "GET /api/charge-points/ HTTP/1.1" 200 967
[28/Aug/2025 07:45:06] "GET /api/sessions/ HTTP/1.1" 200 9141
[28/Aug/2025 07:45:06] "GET /api/charge-points/ HTTP/1.1" 200 967
[28/Aug/2025 07:46:06] "GET /api/sessions/ HTTP/1.1" 200 9141
[28/Aug/2025 07:46:06] "GET /api/charge-points/ HTTP/1.1" 200 967
[28/Aug/2025 07:47:06] "GET /api/sessions/ HTTP/1.1" 200 9141
[28/Aug/2025 07:47:06] "GET /api/charge-points/ HTTP/1.1" 200 967
[28/Aug/2025 07:48:06] "GET /api/sessions/ HTTP/1.1" 200 9141
[28/Aug/2025 07:48:06] "GET /api/charge-points/ HTTP/1.1" 200 967
[28/Aug/2025 07:49:06] "GET /api/charge-points/ HTTP/1.1" 200 967
[28/Aug/2025 07:49:06] "GET /api/sessions/ HTTP/1.1" 200 9141
[28/Aug/2025 07:50:06] "GET /api/charge-points/ HTTP/1.1" 200 967
[28/Aug/2025 07:50:06] "GET /api/sessions/ HTTP/1.1" 200 9141
[28/Aug/2025 07:51:06] "GET /api/sessions/ HTTP/1.1" 200 9141
[28/Aug/2025 07:51:06] "GET /api/charge-points/ HTTP/1.1" 200 967
[28/Aug/2025 07:52:06] "GET /api/charge-points/ HTTP/1.1" 200 967
[28/Aug/2025 07:52:06] "GET /api/sessions/ HTTP/1.1" 200 9141
[28/Aug/2025 07:53:06] "GET /api/sessions/ HTTP/1.1" 200 9141
[28/Aug/2025 07:53:06] "GET /api/charge-points/ HTTP/1.1" 200 967
[28/Aug/2025 07:54:06] "GET /api/charge-points/ HTTP/1.1" 200 967
[28/Aug/2025 07:54:06] "GET /api/sessions/ HTTP/1.1" 200 9141
[28/Aug/2025 07:55:06] "GET /api/sessions/ HTTP/1.1" 200 9141
[28/Aug/2025 07:55:06] "GET /api/charge-points/ HTTP/1.1" 200 967
[28/Aug/2025 07:56:06] "GET /api/sessions/ HTTP/1.1" 200 9141
[28/Aug/2025 07:56:06] "GET /api/charge-points/ HTTP/1.1" 200 967
[28/Aug/2025 07:57:06] "GET /api/charge-points/ HTTP/1.1" 200 967
[28/Aug/2025 07:57:06] "GET /api/sessions/ HTTP/1.1" 200 9141
[28/Aug/2025 07:58:06] "GET /api/sessions/ HTTP/1.1" 200 9141
[28/Aug/2025 07:58:06] "GET /api/charge-points/ HTTP/1.1" 200 967
[28/Aug/2025 07:59:06] "GET /api/sessions/ HTTP/1.1" 200 9141
[28/Aug/2025 07:59:06] "GET /api/charge-points/ HTTP/1.1" 200 967
[28/Aug/2025 07:59:39] "GET /api/sessions/ HTTP/1.1" 200 9141
[28/Aug/2025 07:59:39] "GET /api/charge-points/ HTTP/1.1" 200 967
[28/Aug/2025 07:59:43] "GET /api/sessions/ HTTP/1.1" 200 9141
[28/Aug/2025 07:59:43] "GET /api/charge-points/ HTTP/1.1" 200 967
[28/Aug/2025 07:59:48] "GET /api/sessions/ HTTP/1.1" 200 9141
[28/Aug/2025 07:59:48] "GET /api/charge-points/ HTTP/1.1" 200 967
[28/Aug/2025 07:59:53] "GET /api/sessions/ HTTP/1.1" 200 9141
[28/Aug/2025 07:59:53] "GET /api/charge-points/ HTTP/1.1" 200 967
[28/Aug/2025 07:59:58] "GET /api/sessions/ HTTP/1.1" 200 9141
[28/Aug/2025 07:59:58] "GET /api/charge-points/ HTTP/1.1" 200 967
[28/Aug/2025 08:00:03] "GET /api/charge-points/ HTTP/1.1" 200 967
[28/Aug/2025 08:00:03] "GET /api/sessions/ HTTP/1.1" 200 9141
[28/Aug/2025 08:00:08] "GET /api/sessions/ HTTP/1.1" 200 9141
[28/Aug/2025 08:00:08] "GET /api/charge-points/ HTTP/1.1" 200 967
[28/Aug/2025 08:00:13] "GET /api/sessions/ HTTP/1.1" 200 9141
[28/Aug/2025 08:00:13] "GET /api/charge-points/ HTTP/1.1" 200 967
[28/Aug/2025 08:00:18] "GET /api/sessions/ HTTP/1.1" 200 9141
[28/Aug/2025 08:00:18] "GET /api/charge-points/ HTTP/1.1" 200 967
[28/Aug/2025 08:00:23] "GET /api/sessions/ HTTP/1.1" 200 9141
[28/Aug/2025 08:00:23] "GET /api/charge-points/ HTTP/1.1" 200 967
[28/Aug/2025 08:00:28] "GET /api/sessions/ HTTP/1.1" 200 9141
[28/Aug/2025 08:00:28] "GET /api/charge-points/ HTTP/1.1" 200 967
[28/Aug/2025 08:00:33] "GET /api/sessions/ HTTP/1.1" 200 9141
[28/Aug/2025 08:00:33] "GET /api/charge-points/ HTTP/1.1" 200 967
[28/Aug/2025 08:00:38] "GET /api/sessions/ HTTP/1.1" 200 9141
[28/Aug/2025 08:00:38] "GET /api/charge-points/ HTTP/1.1" 200 967
[28/Aug/2025 08:01:06] "GET /api/charge-points/ HTTP/1.1" 200 967
[28/Aug/2025 08:01:06] "GET /api/sessions/ HTTP/1.1" 200 9141
[28/Aug/2025 08:02:06] "GET /api/sessions/ HTTP/1.1" 200 9141
[28/Aug/2025 08:02:06] "GET /api/charge-points/ HTTP/1.1" 200 967
[28/Aug/2025 08:03:06] "GET /api/sessions/ HTTP/1.1" 200 9141
[28/Aug/2025 08:03:06] "GET /api/charge-points/ HTTP/1.1" 200 967
[28/Aug/2025 08:04:06] "GET /api/charge-points/ HTTP/1.1" 200 967
[28/Aug/2025 08:04:06] "GET /api/sessions/ HTTP/1.1" 200 9141
[28/Aug/2025 08:05:06] "GET /api/charge-points/ HTTP/1.1" 200 967
[28/Aug/2025 08:05:06] "GET /api/sessions/ HTTP/1.1" 200 9141
[28/Aug/2025 08:06:06] "GET /api/sessions/ HTTP/1.1" 200 9141
[28/Aug/2025 08:06:06] "GET /api/charge-points/ HTTP/1.1" 200 967
[28/Aug/2025 08:07:06] "GET /api/charge-points/ HTTP/1.1" 200 967
[28/Aug/2025 08:07:06] "GET /api/sessions/ HTTP/1.1" 200 9141
[28/Aug/2025 08:08:06] "GET /api/sessions/ HTTP/1.1" 200 9141
[28/Aug/2025 08:08:06] "GET /api/charge-points/ HTTP/1.1" 200 967
[28/Aug/2025 08:09:06] "GET /api/charge-points/ HTTP/1.1" 200 967
[28/Aug/2025 08:09:06] "GET /api/sessions/ HTTP/1.1" 200 9141
[28/Aug/2025 08:10:06] "GET /api/charge-points/ HTTP/1.1" 200 967
[28/Aug/2025 08:10:06] "GET /api/sessions/ HTTP/1.1" 200 9141
[28/Aug/2025 08:11:06] "GET /api/charge-points/ HTTP/1.1" 200 967
[28/Aug/2025 08:11:06] "GET /api/sessions/ HTTP/1.1" 200 9141
[28/Aug/2025 08:12:06] "GET /api/charge-points/ HTTP/1.1" 200 967
[28/Aug/2025 08:12:06] "GET /api/sessions/ HTTP/1.1" 200 9141
[28/Aug/2025 08:13:06] "GET /api/sessions/ HTTP/1.1" 200 9141
[28/Aug/2025 08:13:06] "GET /api/charge-points/ HTTP/1.1" 200 967
[28/Aug/2025 08:14:06] "GET /api/charge-points/ HTTP/1.1" 200 967
[28/Aug/2025 08:14:06] "GET /api/sessions/ HTTP/1.1" 200 9141
[28/Aug/2025 08:15:06] "GET /api/charge-points/ HTTP/1.1" 200 967
[28/Aug/2025 08:15:06] "GET /api/sessions/ HTTP/1.1" 200 9141
[28/Aug/2025 08:16:06] "GET /api/charge-points/ HTTP/1.1" 200 967
[28/Aug/2025 08:16:06] "GET /api/sessions/ HTTP/1.1" 200 9141
[28/Aug/2025 08:17:06] "GET /api/charge-points/ HTTP/1.1" 200 967
[28/Aug/2025 08:17:06] "GET /api/sessions/ HTTP/1.1" 200 9141
[28/Aug/2025 08:18:06] "GET /api/charge-points/ HTTP/1.1" 200 967
[28/Aug/2025 08:18:06] "GET /api/sessions/ HTTP/1.1" 200 9141
[28/Aug/2025 08:19:06] "GET /api/charge-points/ HTTP/1.1" 200 967
[28/Aug/2025 08:19:06] "GET /api/sessions/ HTTP/1.1" 200 9141
[28/Aug/2025 08:20:06] "GET /api/charge-points/ HTTP/1.1" 200 967
[28/Aug/2025 08:20:06] "GET /api/sessions/ HTTP/1.1" 200 9141
[28/Aug/2025 08:21:06] "GET /api/sessions/ HTTP/1.1" 200 9141
[28/Aug/2025 08:21:06] "GET /api/charge-points/ HTTP/1.1" 200 967
[28/Aug/2025 08:22:07] "GET /api/sessions/ HTTP/1.1" 200 9141
[28/Aug/2025 08:22:07] "GET /api/charge-points/ HTTP/1.1" 200 967
[28/Aug/2025 08:23:06] "GET /api/charge-points/ HTTP/1.1" 200 967
[28/Aug/2025 08:23:06] "GET /api/sessions/ HTTP/1.1" 200 9141
[28/Aug/2025 08:24:06] "GET /api/charge-points/ HTTP/1.1" 200 967
[28/Aug/2025 08:24:06] "GET /api/sessions/ HTTP/1.1" 200 9141
[28/Aug/2025 08:25:06] "GET /api/charge-points/ HTTP/1.1" 200 967
[28/Aug/2025 08:25:06] "GET /api/sessions/ HTTP/1.1" 200 9141
[28/Aug/2025 08:25:41] "OPTIONS /api/auth/refresh/ HTTP/1.1" 200 0
[28/Aug/2025 08:25:41] "POST /api/auth/refresh/ HTTP/1.1" 200 270
[28/Aug/2025 08:26:06] "GET /api/charge-points/ HTTP/1.1" 200 967
[28/Aug/2025 08:26:06] "GET /api/sessions/ HTTP/1.1" 200 9141
[28/Aug/2025 08:27:06] "GET /api/charge-points/ HTTP/1.1" 200 967
[28/Aug/2025 08:27:06] "GET /api/sessions/ HTTP/1.1" 200 9141
[28/Aug/2025 08:28:06] "GET /api/charge-points/ HTTP/1.1" 200 967
[28/Aug/2025 08:28:06] "GET /api/sessions/ HTTP/1.1" 200 9141
[28/Aug/2025 08:29:06] "GET /api/charge-points/ HTTP/1.1" 200 967
[28/Aug/2025 08:29:06] "GET /api/sessions/ HTTP/1.1" 200 9141
[28/Aug/2025 08:30:06] "GET /api/charge-points/ HTTP/1.1" 200 967
[28/Aug/2025 08:30:06] "GET /api/sessions/ HTTP/1.1" 200 9141
[28/Aug/2025 08:31:09] "GET /api/charge-points/ HTTP/1.1" 200 967
[28/Aug/2025 08:31:09] "GET /api/sessions/ HTTP/1.1" 200 9141
[28/Aug/2025 08:31:29] "GET /api/charge-points/ HTTP/1.1" 200 967
[28/Aug/2025 08:31:29] "GET /api/sessions/ HTTP/1.1" 200 9141
[28/Aug/2025 08:31:33] "GET /api/charge-points/ HTTP/1.1" 200 967
[28/Aug/2025 08:31:33] "GET /api/sessions/ HTTP/1.1" 200 9141
[28/Aug/2025 08:31:38] "GET /api/charge-points/ HTTP/1.1" 200 967
[28/Aug/2025 08:31:38] "GET /api/sessions/ HTTP/1.1" 200 9141
[28/Aug/2025 08:31:43] "GET /api/charge-points/ HTTP/1.1" 200 967
[28/Aug/2025 08:31:43] "GET /api/sessions/ HTTP/1.1" 200 9141
[28/Aug/2025 08:31:48] "GET /api/charge-points/ HTTP/1.1" 200 967
[28/Aug/2025 08:31:48] "GET /api/sessions/ HTTP/1.1" 200 9141
[28/Aug/2025 08:31:53] "GET /api/sessions/ HTTP/1.1" 200 9141
[28/Aug/2025 08:31:53] "GET /api/charge-points/ HTTP/1.1" 200 967
[28/Aug/2025 08:31:58] "GET /api/charge-points/ HTTP/1.1" 200 967
[28/Aug/2025 08:31:58] "GET /api/sessions/ HTTP/1.1" 200 9141
[28/Aug/2025 08:32:03] "GET /api/charge-points/ HTTP/1.1" 200 967
[28/Aug/2025 08:32:03] "GET /api/sessions/ HTTP/1.1" 200 9141
[28/Aug/2025 08:32:08] "GET /api/charge-points/ HTTP/1.1" 200 967
[28/Aug/2025 08:32:08] "GET /api/sessions/ HTTP/1.1" 200 9141
[28/Aug/2025 08:32:13] "GET /api/charge-points/ HTTP/1.1" 200 967
[28/Aug/2025 08:32:13] "GET /api/sessions/ HTTP/1.1" 200 9141
[28/Aug/2025 08:32:18] "GET /api/charge-points/ HTTP/1.1" 200 967
[28/Aug/2025 08:32:18] "GET /api/sessions/ HTTP/1.1" 200 9141
[28/Aug/2025 08:32:23] "GET /api/charge-points/ HTTP/1.1" 200 967
[28/Aug/2025 08:32:23] "GET /api/sessions/ HTTP/1.1" 200 9141
[28/Aug/2025 08:32:28] "GET /api/charge-points/ HTTP/1.1" 200 967
[28/Aug/2025 08:32:28] "GET /api/sessions/ HTTP/1.1" 200 9141
[28/Aug/2025 08:33:06] "GET /api/charge-points/ HTTP/1.1" 200 967
[28/Aug/2025 08:33:06] "GET /api/sessions/ HTTP/1.1" 200 9141
[28/Aug/2025 08:34:06] "GET /api/charge-points/ HTTP/1.1" 200 967
[28/Aug/2025 08:34:06] "GET /api/sessions/ HTTP/1.1" 200 9141
[28/Aug/2025 08:35:06] "GET /api/charge-points/ HTTP/1.1" 200 967
[28/Aug/2025 08:35:06] "GET /api/sessions/ HTTP/1.1" 200 9141
[28/Aug/2025 08:35:58] "GET /api/charge-points/ HTTP/1.1" 200 967
[28/Aug/2025 08:35:58] "GET /api/sessions/ HTTP/1.1" 200 9141
[28/Aug/2025 08:36:03] "GET /api/charge-points/ HTTP/1.1" 200 967
[28/Aug/2025 08:36:03] "GET /api/sessions/ HTTP/1.1" 200 9141
[28/Aug/2025 08:36:08] "GET /api/charge-points/ HTTP/1.1" 200 967
[28/Aug/2025 08:36:08] "GET /api/sessions/ HTTP/1.1" 200 9141
[28/Aug/2025 08:36:13] "GET /api/charge-points/ HTTP/1.1" 200 967
[28/Aug/2025 08:36:13] "GET /api/sessions/ HTTP/1.1" 200 9141
[28/Aug/2025 08:36:18] "GET /api/charge-points/ HTTP/1.1" 200 967
[28/Aug/2025 08:36:18] "GET /api/sessions/ HTTP/1.1" 200 9141
[28/Aug/2025 08:36:23] "GET /api/charge-points/ HTTP/1.1" 200 967
[28/Aug/2025 08:36:23] "GET /api/sessions/ HTTP/1.1" 200 9141
[28/Aug/2025 08:36:28] "GET /api/charge-points/ HTTP/1.1" 200 967
[28/Aug/2025 08:36:28] "GET /api/sessions/ HTTP/1.1" 200 9141
[28/Aug/2025 08:36:33] "GET /api/charge-points/ HTTP/1.1" 200 967
[28/Aug/2025 08:36:33] "GET /api/sessions/ HTTP/1.1" 200 9141
[28/Aug/2025 08:36:38] "GET /api/charge-points/ HTTP/1.1" 200 967
[28/Aug/2025 08:36:38] "GET /api/sessions/ HTTP/1.1" 200 9141
[28/Aug/2025 08:36:43] "GET /api/charge-points/ HTTP/1.1" 200 967
[28/Aug/2025 08:36:43] "GET /api/sessions/ HTTP/1.1" 200 9141
[28/Aug/2025 08:36:48] "GET /api/sessions/ HTTP/1.1" 200 9141
[28/Aug/2025 08:36:48] "GET /api/charge-points/ HTTP/1.1" 200 967
[28/Aug/2025 08:36:53] "GET /api/charge-points/ HTTP/1.1" 200 967
[28/Aug/2025 08:36:53] "GET /api/sessions/ HTTP/1.1" 200 9141
[28/Aug/2025 08:36:58] "GET /api/sessions/ HTTP/1.1" 200 9141
[28/Aug/2025 08:36:58] "GET /api/charge-points/ HTTP/1.1" 200 967
[28/Aug/2025 08:37:03] "GET /api/charge-points/ HTTP/1.1" 200 967
[28/Aug/2025 08:37:03] "GET /api/sessions/ HTTP/1.1" 200 9141
[28/Aug/2025 08:37:08] "GET /api/charge-points/ HTTP/1.1" 200 967
[28/Aug/2025 08:37:08] "GET /api/sessions/ HTTP/1.1" 200 9141
[28/Aug/2025 08:37:13] "GET /api/charge-points/ HTTP/1.1" 200 967
[28/Aug/2025 08:37:13] "GET /api/sessions/ HTTP/1.1" 200 9141
[28/Aug/2025 08:38:06] "GET /api/sessions/ HTTP/1.1" 200 9141
[28/Aug/2025 08:38:06] "GET /api/charge-points/ HTTP/1.1" 200 967
[28/Aug/2025 08:39:06] "GET /api/charge-points/ HTTP/1.1" 200 967
[28/Aug/2025 08:39:06] "GET /api/sessions/ HTTP/1.1" 200 9141
[28/Aug/2025 08:40:06] "GET /api/charge-points/ HTTP/1.1" 200 967
[28/Aug/2025 08:40:06] "GET /api/sessions/ HTTP/1.1" 200 9141
[28/Aug/2025 08:41:06] "GET /api/charge-points/ HTTP/1.1" 200 967
[28/Aug/2025 08:41:06] "GET /api/sessions/ HTTP/1.1" 200 9141
[28/Aug/2025 08:42:06] "GET /api/sessions/ HTTP/1.1" 200 9141
[28/Aug/2025 08:42:06] "GET /api/charge-points/ HTTP/1.1" 200 967
[28/Aug/2025 08:43:06] "GET /api/charge-points/ HTTP/1.1" 200 967
[28/Aug/2025 08:43:06] "GET /api/sessions/ HTTP/1.1" 200 9141
[28/Aug/2025 08:44:06] "GET /api/charge-points/ HTTP/1.1" 200 967
[28/Aug/2025 08:44:06] "GET /api/sessions/ HTTP/1.1" 200 9141
[28/Aug/2025 08:45:06] "GET /api/charge-points/ HTTP/1.1" 200 967
[28/Aug/2025 08:45:06] "GET /api/sessions/ HTTP/1.1" 200 9141
[28/Aug/2025 08:46:06] "GET /api/charge-points/ HTTP/1.1" 200 967
[28/Aug/2025 08:46:06] "GET /api/sessions/ HTTP/1.1" 200 9141
[28/Aug/2025 08:47:06] "GET /api/charge-points/ HTTP/1.1" 200 967
[28/Aug/2025 08:47:06] "GET /api/sessions/ HTTP/1.1" 200 9141
[28/Aug/2025 08:48:02] "GET /api/charge-points/ HTTP/1.1" 200 967
[28/Aug/2025 08:48:02] "GET /api/sessions/ HTTP/1.1" 200 9141
[28/Aug/2025 08:48:08] "GET /api/charge-points/ HTTP/1.1" 200 967
[28/Aug/2025 08:48:08] "GET /api/sessions/ HTTP/1.1" 200 9141
[28/Aug/2025 08:48:13] "GET /api/charge-points/ HTTP/1.1" 200 967
[28/Aug/2025 08:48:13] "GET /api/sessions/ HTTP/1.1" 200 9141
[28/Aug/2025 08:48:18] "GET /api/sessions/ HTTP/1.1" 200 9141
[28/Aug/2025 08:48:18] "GET /api/charge-points/ HTTP/1.1" 200 967
[28/Aug/2025 08:48:23] "GET /api/charge-points/ HTTP/1.1" 200 967
[28/Aug/2025 08:48:23] "GET /api/sessions/ HTTP/1.1" 200 9141
[28/Aug/2025 08:48:28] "GET /api/charge-points/ HTTP/1.1" 200 967
[28/Aug/2025 08:48:28] "GET /api/sessions/ HTTP/1.1" 200 9141
[28/Aug/2025 08:48:33] "GET /api/charge-points/ HTTP/1.1" 200 967
[28/Aug/2025 08:48:33] "GET /api/sessions/ HTTP/1.1" 200 9141
[28/Aug/2025 08:48:38] "GET /api/charge-points/ HTTP/1.1" 200 967
[28/Aug/2025 08:48:38] "GET /api/sessions/ HTTP/1.1" 200 9141
[28/Aug/2025 08:48:43] "GET /api/charge-points/ HTTP/1.1" 200 967
[28/Aug/2025 08:48:43] "GET /api/sessions/ HTTP/1.1" 200 9141
[28/Aug/2025 08:48:48] "GET /api/charge-points/ HTTP/1.1" 200 967
[28/Aug/2025 08:48:48] "GET /api/sessions/ HTTP/1.1" 200 9141
[28/Aug/2025 08:48:53] "GET /api/charge-points/ HTTP/1.1" 200 967
[28/Aug/2025 08:48:53] "GET /api/sessions/ HTTP/1.1" 200 9141
[28/Aug/2025 08:48:58] "GET /api/charge-points/ HTTP/1.1" 200 967
[28/Aug/2025 08:48:58] "GET /api/sessions/ HTTP/1.1" 200 9141
[28/Aug/2025 08:49:06] "GET /api/charge-points/ HTTP/1.1" 200 967
[28/Aug/2025 08:49:06] "GET /api/sessions/ HTTP/1.1" 200 9141
[28/Aug/2025 08:50:06] "GET /api/charge-points/ HTTP/1.1" 200 967
[28/Aug/2025 08:50:06] "GET /api/sessions/ HTTP/1.1" 200 9141
[28/Aug/2025 08:51:06] "GET /api/charge-points/ HTTP/1.1" 200 967
[28/Aug/2025 08:51:06] "GET /api/sessions/ HTTP/1.1" 200 9141
[28/Aug/2025 08:52:06] "GET /api/charge-points/ HTTP/1.1" 200 967
[28/Aug/2025 08:52:06] "GET /api/sessions/ HTTP/1.1" 200 9141
[28/Aug/2025 08:53:06] "GET /api/charge-points/ HTTP/1.1" 200 967
[28/Aug/2025 08:53:06] "GET /api/sessions/ HTTP/1.1" 200 9141
[28/Aug/2025 08:54:06] "GET /api/charge-points/ HTTP/1.1" 200 967
[28/Aug/2025 08:54:06] "GET /api/sessions/ HTTP/1.1" 200 9141
[28/Aug/2025 08:55:06] "GET /api/charge-points/ HTTP/1.1" 200 967
[28/Aug/2025 08:55:06] "GET /api/sessions/ HTTP/1.1" 200 9141
[28/Aug/2025 08:56:06] "GET /api/charge-points/ HTTP/1.1" 200 967
[28/Aug/2025 08:56:06] "GET /api/sessions/ HTTP/1.1" 200 9141
[28/Aug/2025 08:56:32] "GET /api/charge-points/ HTTP/1.1" 200 967
[28/Aug/2025 08:56:32] "GET /api/sessions/ HTTP/1.1" 200 9137
[28/Aug/2025 08:56:38] "GET /api/sessions/ HTTP/1.1" 200 9141
[28/Aug/2025 08:56:38] "GET /api/charge-points/ HTTP/1.1" 200 967
[28/Aug/2025 08:56:43] "GET /api/charge-points/ HTTP/1.1" 200 967
[28/Aug/2025 08:56:43] "GET /api/sessions/ HTTP/1.1" 200 9141
[28/Aug/2025 08:56:48] "GET /api/sessions/ HTTP/1.1" 200 9141
[28/Aug/2025 08:56:48] "GET /api/charge-points/ HTTP/1.1" 200 967
[28/Aug/2025 08:56:53] "GET /api/charge-points/ HTTP/1.1" 200 967
[28/Aug/2025 08:56:53] "GET /api/sessions/ HTTP/1.1" 200 9141
[28/Aug/2025 08:56:58] "GET /api/charge-points/ HTTP/1.1" 200 967
[28/Aug/2025 08:56:58] "GET /api/sessions/ HTTP/1.1" 200 9141
[28/Aug/2025 08:57:03] "GET /api/charge-points/ HTTP/1.1" 200 967
[28/Aug/2025 08:57:03] "GET /api/sessions/ HTTP/1.1" 200 9141
[28/Aug/2025 08:57:08] "GET /api/sessions/ HTTP/1.1" 200 9141
[28/Aug/2025 08:57:08] "GET /api/charge-points/ HTTP/1.1" 200 967
[28/Aug/2025 08:57:13] "GET /api/charge-points/ HTTP/1.1" 200 967
[28/Aug/2025 08:57:13] "GET /api/sessions/ HTTP/1.1" 200 9141
[28/Aug/2025 08:57:18] "GET /api/charge-points/ HTTP/1.1" 200 967
[28/Aug/2025 08:57:18] "GET /api/sessions/ HTTP/1.1" 200 9141
[28/Aug/2025 08:57:23] "GET /api/charge-points/ HTTP/1.1" 200 967
[28/Aug/2025 08:57:23] "GET /api/sessions/ HTTP/1.1" 200 9141
[28/Aug/2025 08:57:28] "GET /api/sessions/ HTTP/1.1" 200 9141
[28/Aug/2025 08:57:28] "GET /api/charge-points/ HTTP/1.1" 200 967
[28/Aug/2025 08:58:06] "GET /api/charge-points/ HTTP/1.1" 200 967
[28/Aug/2025 08:58:06] "GET /api/sessions/ HTTP/1.1" 200 9141
[28/Aug/2025 08:59:06] "GET /api/charge-points/ HTTP/1.1" 200 967
[28/Aug/2025 08:59:06] "GET /api/sessions/ HTTP/1.1" 200 9141
[28/Aug/2025 09:00:06] "GET /api/charge-points/ HTTP/1.1" 200 967
[28/Aug/2025 09:00:06] "GET /api/sessions/ HTTP/1.1" 200 9141
[28/Aug/2025 09:01:06] "GET /api/charge-points/ HTTP/1.1" 200 967
[28/Aug/2025 09:01:06] "GET /api/sessions/ HTTP/1.1" 200 9141
[28/Aug/2025 09:02:06] "GET /api/charge-points/ HTTP/1.1" 200 967
[28/Aug/2025 09:02:06] "GET /api/sessions/ HTTP/1.1" 200 9141
[28/Aug/2025 09:03:06] "GET /api/charge-points/ HTTP/1.1" 200 967
[28/Aug/2025 09:03:06] "GET /api/sessions/ HTTP/1.1" 200 9141
[28/Aug/2025 09:04:06] "GET /api/charge-points/ HTTP/1.1" 200 967
[28/Aug/2025 09:04:06] "GET /api/sessions/ HTTP/1.1" 200 9141
[28/Aug/2025 09:05:06] "GET /api/charge-points/ HTTP/1.1" 200 967
[28/Aug/2025 09:05:06] "GET /api/sessions/ HTTP/1.1" 200 9141
[28/Aug/2025 09:06:06] "GET /api/charge-points/ HTTP/1.1" 200 967
[28/Aug/2025 09:06:06] "GET /api/sessions/ HTTP/1.1" 200 9141
[28/Aug/2025 09:07:06] "GET /api/charge-points/ HTTP/1.1" 200 967
[28/Aug/2025 09:07:06] "GET /api/sessions/ HTTP/1.1" 200 9141
[28/Aug/2025 09:07:56] "GET /api/charge-points/ HTTP/1.1" 200 967
[28/Aug/2025 09:07:56] "GET /api/sessions/ HTTP/1.1" 200 9141
[28/Aug/2025 09:07:58] "GET /api/charge-points/ HTTP/1.1" 200 967
[28/Aug/2025 09:07:58] "GET /api/sessions/ HTTP/1.1" 200 9141
[28/Aug/2025 09:08:03] "GET /api/charge-points/ HTTP/1.1" 200 967
[28/Aug/2025 09:08:03] "GET /api/sessions/ HTTP/1.1" 200 9141
[28/Aug/2025 09:08:08] "GET /api/charge-points/ HTTP/1.1" 200 967
[28/Aug/2025 09:08:08] "GET /api/sessions/ HTTP/1.1" 200 9141
[28/Aug/2025 09:08:13] "GET /api/charge-points/ HTTP/1.1" 200 967
[28/Aug/2025 09:08:13] "GET /api/sessions/ HTTP/1.1" 200 9141
[28/Aug/2025 09:08:18] "GET /api/charge-points/ HTTP/1.1" 200 967
[28/Aug/2025 09:08:18] "GET /api/sessions/ HTTP/1.1" 200 9141
[28/Aug/2025 09:08:23] "GET /api/charge-points/ HTTP/1.1" 200 967
[28/Aug/2025 09:08:23] "GET /api/sessions/ HTTP/1.1" 200 9141
[28/Aug/2025 09:08:28] "GET /api/charge-points/ HTTP/1.1" 200 967
[28/Aug/2025 09:08:28] "GET /api/sessions/ HTTP/1.1" 200 9141
[28/Aug/2025 09:08:33] "GET /api/charge-points/ HTTP/1.1" 200 967
[28/Aug/2025 09:08:33] "GET /api/sessions/ HTTP/1.1" 200 9141
[28/Aug/2025 09:08:38] "GET /api/charge-points/ HTTP/1.1" 200 967
[28/Aug/2025 09:08:38] "GET /api/sessions/ HTTP/1.1" 200 9141
[28/Aug/2025 09:08:43] "GET /api/charge-points/ HTTP/1.1" 200 967
[28/Aug/2025 09:08:43] "GET /api/sessions/ HTTP/1.1" 200 9141
[28/Aug/2025 09:08:49] "GET /api/charge-points/ HTTP/1.1" 200 967
[28/Aug/2025 09:08:49] "GET /api/sessions/ HTTP/1.1" 200 9139
[28/Aug/2025 09:08:53] "GET /api/charge-points/ HTTP/1.1" 200 967
[28/Aug/2025 09:08:53] "GET /api/sessions/ HTTP/1.1" 200 9141
[28/Aug/2025 09:09:06] "GET /api/charge-points/ HTTP/1.1" 200 967
[28/Aug/2025 09:09:06] "GET /api/sessions/ HTTP/1.1" 200 9141
[28/Aug/2025 09:09:19] "GET /api/charge-points/ HTTP/1.1" 200 967
[28/Aug/2025 09:09:19] "GET /api/sessions/ HTTP/1.1" 200 9141
[28/Aug/2025 09:09:22] "GET /api/charge-points/ HTTP/1.1" 200 967
[28/Aug/2025 09:09:22] "GET /api/sessions/ HTTP/1.1" 200 9141
[28/Aug/2025 09:09:27] "GET /api/charge-points/ HTTP/1.1" 200 967
[28/Aug/2025 09:09:27] "GET /api/sessions/ HTTP/1.1" 200 9141
[28/Aug/2025 09:09:32] "GET /api/charge-points/ HTTP/1.1" 200 967
[28/Aug/2025 09:09:32] "GET /api/sessions/ HTTP/1.1" 200 9141
[28/Aug/2025 09:09:37] "GET /api/charge-points/ HTTP/1.1" 200 967
[28/Aug/2025 09:09:37] "GET /api/sessions/ HTTP/1.1" 200 9141
[28/Aug/2025 09:09:42] "GET /api/charge-points/ HTTP/1.1" 200 967
[28/Aug/2025 09:09:42] "GET /api/sessions/ HTTP/1.1" 200 9141
[28/Aug/2025 09:09:47] "GET /api/sessions/ HTTP/1.1" 200 9141
[28/Aug/2025 09:09:47] "GET /api/charge-points/ HTTP/1.1" 200 967
[28/Aug/2025 09:09:52] "GET /api/charge-points/ HTTP/1.1" 200 967
[28/Aug/2025 09:09:52] "GET /api/sessions/ HTTP/1.1" 200 9141
[28/Aug/2025 09:09:57] "GET /api/charge-points/ HTTP/1.1" 200 967
[28/Aug/2025 09:09:57] "GET /api/sessions/ HTTP/1.1" 200 9141
[28/Aug/2025 09:10:02] "GET /api/charge-points/ HTTP/1.1" 200 967
[28/Aug/2025 09:10:02] "GET /api/sessions/ HTTP/1.1" 200 9141
[28/Aug/2025 09:10:07] "GET /api/charge-points/ HTTP/1.1" 200 967
[28/Aug/2025 09:10:07] "GET /api/sessions/ HTTP/1.1" 200 9141
[28/Aug/2025 09:10:12] "GET /api/charge-points/ HTTP/1.1" 200 967
[28/Aug/2025 09:10:12] "GET /api/sessions/ HTTP/1.1" 200 9141
[28/Aug/2025 09:10:17] "GET /api/charge-points/ HTTP/1.1" 200 967
[28/Aug/2025 09:10:17] "GET /api/sessions/ HTTP/1.1" 200 9141
[28/Aug/2025 09:10:23] "GET /api/sessions/ HTTP/1.1" 200 9141
[28/Aug/2025 09:10:23] "GET /api/charge-points/ HTTP/1.1" 200 967
[28/Aug/2025 09:10:28] "GET /api/charge-points/ HTTP/1.1" 200 967
[28/Aug/2025 09:10:28] "GET /api/sessions/ HTTP/1.1" 200 9141
[28/Aug/2025 09:10:33] "GET /api/charge-points/ HTTP/1.1" 200 967
[28/Aug/2025 09:10:33] "GET /api/sessions/ HTTP/1.1" 200 9141
[28/Aug/2025 09:10:38] "GET /api/charge-points/ HTTP/1.1" 200 967
[28/Aug/2025 09:10:38] "GET /api/sessions/ HTTP/1.1" 200 9141
[28/Aug/2025 09:10:43] "GET /api/charge-points/ HTTP/1.1" 200 967
[28/Aug/2025 09:10:43] "GET /api/sessions/ HTTP/1.1" 200 9141
[28/Aug/2025 09:10:48] "GET /api/charge-points/ HTTP/1.1" 200 967
[28/Aug/2025 09:10:48] "GET /api/sessions/ HTTP/1.1" 200 9141
[28/Aug/2025 09:10:53] "GET /api/charge-points/ HTTP/1.1" 200 967
[28/Aug/2025 09:10:53] "GET /api/sessions/ HTTP/1.1" 200 9141
[28/Aug/2025 09:10:58] "GET /api/charge-points/ HTTP/1.1" 200 967
[28/Aug/2025 09:10:58] "GET /api/sessions/ HTTP/1.1" 200 9141
[28/Aug/2025 09:11:04] "GET /api/sessions/ HTTP/1.1" 200 9139
[28/Aug/2025 09:11:04] "GET /api/charge-points/ HTTP/1.1" 200 967
[28/Aug/2025 09:11:08] "GET /api/sessions/ HTTP/1.1" 200 9141
[28/Aug/2025 09:11:08] "GET /api/charge-points/ HTTP/1.1" 200 967
[28/Aug/2025 09:11:13] "GET /api/charge-points/ HTTP/1.1" 200 967
[28/Aug/2025 09:11:13] "GET /api/sessions/ HTTP/1.1" 200 9141
[28/Aug/2025 09:11:18] "GET /api/charge-points/ HTTP/1.1" 200 967
[28/Aug/2025 09:11:18] "GET /api/sessions/ HTTP/1.1" 200 9141
[28/Aug/2025 09:11:24] "GET /api/sessions/ HTTP/1.1" 200 9141
[28/Aug/2025 09:11:24] "GET /api/charge-points/ HTTP/1.1" 200 967
[28/Aug/2025 09:11:28] "GET /api/charge-points/ HTTP/1.1" 200 967
[28/Aug/2025 09:11:28] "GET /api/sessions/ HTTP/1.1" 200 9141
[28/Aug/2025 09:11:33] "GET /api/charge-points/ HTTP/1.1" 200 967
[28/Aug/2025 09:11:33] "GET /api/sessions/ HTTP/1.1" 200 9141
[28/Aug/2025 09:11:38] "GET /api/charge-points/ HTTP/1.1" 200 967
[28/Aug/2025 09:11:38] "GET /api/sessions/ HTTP/1.1" 200 9141
[28/Aug/2025 09:11:43] "GET /api/sessions/ HTTP/1.1" 200 9141
[28/Aug/2025 09:11:43] "GET /api/charge-points/ HTTP/1.1" 200 967
[28/Aug/2025 09:11:48] "GET /api/charge-points/ HTTP/1.1" 200 967
[28/Aug/2025 09:11:48] "GET /api/sessions/ HTTP/1.1" 200 9141
[28/Aug/2025 09:11:53] "GET /api/sessions/ HTTP/1.1" 200 9141
[28/Aug/2025 09:11:53] "GET /api/charge-points/ HTTP/1.1" 200 967
[28/Aug/2025 09:11:58] "GET /api/charge-points/ HTTP/1.1" 200 967
[28/Aug/2025 09:11:58] "GET /api/sessions/ HTTP/1.1" 200 9141
[28/Aug/2025 09:12:03] "GET /api/charge-points/ HTTP/1.1" 200 967
[28/Aug/2025 09:12:03] "GET /api/sessions/ HTTP/1.1" 200 9141
[28/Aug/2025 09:12:08] "GET /api/charge-points/ HTTP/1.1" 200 967
[28/Aug/2025 09:12:08] "GET /api/sessions/ HTTP/1.1" 200 9141
[28/Aug/2025 09:12:13] "GET /api/charge-points/ HTTP/1.1" 200 967
[28/Aug/2025 09:12:13] "GET /api/sessions/ HTTP/1.1" 200 9141
[28/Aug/2025 09:12:18] "GET /api/charge-points/ HTTP/1.1" 200 967
[28/Aug/2025 09:12:18] "GET /api/sessions/ HTTP/1.1" 200 9141
[28/Aug/2025 09:12:23] "GET /api/charge-points/ HTTP/1.1" 200 967
[28/Aug/2025 09:12:23] "GET /api/sessions/ HTTP/1.1" 200 9141
[28/Aug/2025 09:13:06] "GET /api/charge-points/ HTTP/1.1" 200 967
[28/Aug/2025 09:13:06] "GET /api/sessions/ HTTP/1.1" 200 9141
[28/Aug/2025 09:14:06] "GET /api/charge-points/ HTTP/1.1" 200 967
[28/Aug/2025 09:14:06] "GET /api/sessions/ HTTP/1.1" 200 9141
[28/Aug/2025 09:14:45] "GET /api/charge-points/ HTTP/1.1" 200 967
[28/Aug/2025 09:14:45] "GET /api/sessions/ HTTP/1.1" 200 9141
[28/Aug/2025 09:14:47] "GET /api/charge-points/ HTTP/1.1" 200 967
[28/Aug/2025 09:14:47] "GET /api/sessions/ HTTP/1.1" 200 9141
[28/Aug/2025 09:14:52] "GET /api/charge-points/ HTTP/1.1" 200 967
[28/Aug/2025 09:14:52] "GET /api/sessions/ HTTP/1.1" 200 9141
[28/Aug/2025 09:14:57] "GET /api/charge-points/ HTTP/1.1" 200 967
[28/Aug/2025 09:14:57] "GET /api/sessions/ HTTP/1.1" 200 9141
[28/Aug/2025 09:15:02] "GET /api/sessions/ HTTP/1.1" 200 9141
[28/Aug/2025 09:15:02] "GET /api/charge-points/ HTTP/1.1" 200 967
[28/Aug/2025 09:15:07] "GET /api/charge-points/ HTTP/1.1" 200 967
[28/Aug/2025 09:15:07] "GET /api/sessions/ HTTP/1.1" 200 9141
[28/Aug/2025 09:15:12] "GET /api/charge-points/ HTTP/1.1" 200 967
[28/Aug/2025 09:15:12] "GET /api/sessions/ HTTP/1.1" 200 9141
[28/Aug/2025 09:15:17] "GET /api/charge-points/ HTTP/1.1" 200 967
[28/Aug/2025 09:15:17] "GET /api/sessions/ HTTP/1.1" 200 9141
[28/Aug/2025 09:15:22] "GET /api/charge-points/ HTTP/1.1" 200 967
[28/Aug/2025 09:15:22] "GET /api/sessions/ HTTP/1.1" 200 9141
[28/Aug/2025 09:15:27] "GET /api/charge-points/ HTTP/1.1" 200 967
[28/Aug/2025 09:15:27] "GET /api/sessions/ HTTP/1.1" 200 9141
[28/Aug/2025 09:15:33] "GET /api/charge-points/ HTTP/1.1" 200 967
[28/Aug/2025 09:15:33] "GET /api/sessions/ HTTP/1.1" 200 9141
[28/Aug/2025 09:15:38] "GET /api/charge-points/ HTTP/1.1" 200 967
[28/Aug/2025 09:15:38] "GET /api/sessions/ HTTP/1.1" 200 9141
[28/Aug/2025 09:15:43] "GET /api/charge-points/ HTTP/1.1" 200 967
[28/Aug/2025 09:15:43] "GET /api/sessions/ HTTP/1.1" 200 9141
[28/Aug/2025 09:15:48] "GET /api/charge-points/ HTTP/1.1" 200 967
[28/Aug/2025 09:15:48] "GET /api/sessions/ HTTP/1.1" 200 9141
[28/Aug/2025 09:15:53] "GET /api/charge-points/ HTTP/1.1" 200 967
[28/Aug/2025 09:15:53] "GET /api/sessions/ HTTP/1.1" 200 9141
[28/Aug/2025 09:15:58] "GET /api/charge-points/ HTTP/1.1" 200 967
[28/Aug/2025 09:15:58] "GET /api/sessions/ HTTP/1.1" 200 9141
[28/Aug/2025 09:16:03] "GET /api/charge-points/ HTTP/1.1" 200 967
[28/Aug/2025 09:16:03] "GET /api/sessions/ HTTP/1.1" 200 9141
[28/Aug/2025 09:16:08] "GET /api/charge-points/ HTTP/1.1" 200 967
[28/Aug/2025 09:16:08] "GET /api/sessions/ HTTP/1.1" 200 9141
[28/Aug/2025 09:16:13] "GET /api/charge-points/ HTTP/1.1" 200 967
[28/Aug/2025 09:16:13] "GET /api/sessions/ HTTP/1.1" 200 9141
[28/Aug/2025 09:16:18] "GET /api/charge-points/ HTTP/1.1" 200 967
[28/Aug/2025 09:16:18] "GET /api/sessions/ HTTP/1.1" 200 9141
[28/Aug/2025 09:16:23] "GET /api/sessions/ HTTP/1.1" 200 9141
[28/Aug/2025 09:16:23] "GET /api/charge-points/ HTTP/1.1" 200 967
[28/Aug/2025 09:17:06] "GET /api/charge-points/ HTTP/1.1" 200 967
[28/Aug/2025 09:17:06] "GET /api/sessions/ HTTP/1.1" 200 9141
[28/Aug/2025 09:17:28] "GET /api/charge-points/ HTTP/1.1" 200 967
[28/Aug/2025 09:17:28] "GET /api/sessions/ HTTP/1.1" 200 9141
[28/Aug/2025 09:17:33] "GET /api/sessions/ HTTP/1.1" 200 9141
[28/Aug/2025 09:17:33] "GET /api/charge-points/ HTTP/1.1" 200 967
[28/Aug/2025 09:17:38] "GET /api/charge-points/ HTTP/1.1" 200 967
[28/Aug/2025 09:17:38] "GET /api/sessions/ HTTP/1.1" 200 9141
[28/Aug/2025 09:17:43] "GET /api/charge-points/ HTTP/1.1" 200 967
[28/Aug/2025 09:17:43] "GET /api/sessions/ HTTP/1.1" 200 9141
[28/Aug/2025 09:17:48] "GET /api/charge-points/ HTTP/1.1" 200 967
[28/Aug/2025 09:17:48] "GET /api/sessions/ HTTP/1.1" 200 9141
[28/Aug/2025 09:17:53] "GET /api/charge-points/ HTTP/1.1" 200 967
[28/Aug/2025 09:17:53] "GET /api/sessions/ HTTP/1.1" 200 9141
[28/Aug/2025 09:17:58] "GET /api/charge-points/ HTTP/1.1" 200 967
[28/Aug/2025 09:17:58] "GET /api/sessions/ HTTP/1.1" 200 9141
[28/Aug/2025 09:18:03] "GET /api/charge-points/ HTTP/1.1" 200 967
[28/Aug/2025 09:18:03] "GET /api/sessions/ HTTP/1.1" 200 9141
[28/Aug/2025 09:18:08] "GET /api/charge-points/ HTTP/1.1" 200 967
[28/Aug/2025 09:18:08] "GET /api/sessions/ HTTP/1.1" 200 9141
[28/Aug/2025 09:18:13] "GET /api/charge-points/ HTTP/1.1" 200 967
[28/Aug/2025 09:18:13] "GET /api/sessions/ HTTP/1.1" 200 9141
[28/Aug/2025 09:18:18] "GET /api/charge-points/ HTTP/1.1" 200 967
[28/Aug/2025 09:18:18] "GET /api/sessions/ HTTP/1.1" 200 9141
[28/Aug/2025 09:18:23] "GET /api/charge-points/ HTTP/1.1" 200 967
[28/Aug/2025 09:18:23] "GET /api/sessions/ HTTP/1.1" 200 9141
[28/Aug/2025 09:18:28] "GET /api/charge-points/ HTTP/1.1" 200 967
[28/Aug/2025 09:18:28] "GET /api/sessions/ HTTP/1.1" 200 9141
[28/Aug/2025 09:19:06] "GET /api/charge-points/ HTTP/1.1" 200 967
[28/Aug/2025 09:19:06] "GET /api/sessions/ HTTP/1.1" 200 9141
[28/Aug/2025 09:20:06] "GET /api/charge-points/ HTTP/1.1" 200 967
[28/Aug/2025 09:20:06] "GET /api/sessions/ HTTP/1.1" 200 9141
[28/Aug/2025 09:21:06] "GET /api/charge-points/ HTTP/1.1" 200 967
[28/Aug/2025 09:21:06] "GET /api/sessions/ HTTP/1.1" 200 9141
Watching for file changes with StatReloader
[29/Aug/2025 14:38:23] "OPTIONS /api/auth/login/ HTTP/1.1" 200 0
[29/Aug/2025 14:38:23] "POST /api/auth/login/ HTTP/1.1" 200 563
[29/Aug/2025 14:38:23] "OPTIONS /api/me/ HTTP/1.1" 200 0
[29/Aug/2025 14:38:24] "GET /api/me/ HTTP/1.1" 200 198
[29/Aug/2025 14:38:24] "GET /api/me/ HTTP/1.1" 200 198
[29/Aug/2025 14:38:24] "OPTIONS /api/charge-points/ HTTP/1.1" 200 0
[29/Aug/2025 14:38:24] "OPTIONS /api/sessions/ HTTP/1.1" 200 0
[29/Aug/2025 14:38:24] "GET /api/charge-points/ HTTP/1.1" 200 969
[29/Aug/2025 14:38:25] "GET /api/sessions/ HTTP/1.1" 200 9728
[29/Aug/2025 14:38:29] "GET /api/sessions/ HTTP/1.1" 200 9733
[29/Aug/2025 14:38:29] "GET /api/charge-points/ HTTP/1.1" 200 969
[29/Aug/2025 14:38:34] "GET /api/sessions/ HTTP/1.1" 200 9733
[29/Aug/2025 14:38:34] "GET /api/charge-points/ HTTP/1.1" 200 969
[29/Aug/2025 14:38:39] "GET /api/sessions/ HTTP/1.1" 200 9733
[29/Aug/2025 14:38:39] "GET /api/charge-points/ HTTP/1.1" 200 969
[29/Aug/2025 14:38:44] "GET /api/sessions/ HTTP/1.1" 200 9733
[29/Aug/2025 14:38:44] "GET /api/charge-points/ HTTP/1.1" 200 969
[29/Aug/2025 14:38:49] "GET /api/sessions/ HTTP/1.1" 200 9733
[29/Aug/2025 14:38:49] "GET /api/charge-points/ HTTP/1.1" 200 969
[29/Aug/2025 14:38:54] "GET /api/sessions/ HTTP/1.1" 200 9733
[29/Aug/2025 14:38:54] "GET /api/charge-points/ HTTP/1.1" 200 969
[29/Aug/2025 14:38:59] "GET /api/sessions/ HTTP/1.1" 200 9733
[29/Aug/2025 14:38:59] "GET /api/charge-points/ HTTP/1.1" 200 969
[29/Aug/2025 14:39:04] "GET /api/sessions/ HTTP/1.1" 200 9733
[29/Aug/2025 14:39:04] "GET /api/charge-points/ HTTP/1.1" 200 969
[29/Aug/2025 14:39:09] "GET /api/sessions/ HTTP/1.1" 200 9733
[29/Aug/2025 14:39:09] "GET /api/charge-points/ HTTP/1.1" 200 969
[29/Aug/2025 14:39:14] "GET /api/sessions/ HTTP/1.1" 200 9733
[29/Aug/2025 14:39:14] "GET /api/charge-points/ HTTP/1.1" 200 969
[29/Aug/2025 14:39:19] "GET /api/sessions/ HTTP/1.1" 200 9733
[29/Aug/2025 14:39:19] "GET /api/charge-points/ HTTP/1.1" 200 969
[29/Aug/2025 14:39:23] "GET /api/me/ HTTP/1.1" 200 198
[29/Aug/2025 14:39:26] "OPTIONS /api/charge-points/BURA/ HTTP/1.1" 200 0
[29/Aug/2025 14:39:26] "GET /api/charge-points/BURA/ HTTP/1.1" 200 245
[29/Aug/2025 14:39:29] "GET /api/me/ HTTP/1.1" 200 198
[29/Aug/2025 14:39:32] "GET /api/me/ HTTP/1.1" 200 198
[29/Aug/2025 14:39:32] "GET /api/sessions/ HTTP/1.1" 200 9733
[29/Aug/2025 14:39:32] "GET /api/charge-points/ HTTP/1.1" 200 969
[29/Aug/2025 14:39:37] "GET /api/sessions/ HTTP/1.1" 200 9733
[29/Aug/2025 14:39:37] "GET /api/charge-points/ HTTP/1.1" 200 969
[29/Aug/2025 14:39:42] "GET /api/sessions/ HTTP/1.1" 200 9733
[29/Aug/2025 14:39:42] "GET /api/charge-points/ HTTP/1.1" 200 969
[29/Aug/2025 14:39:47] "GET /api/sessions/ HTTP/1.1" 200 9733
[29/Aug/2025 14:39:47] "GET /api/charge-points/ HTTP/1.1" 200 969
[29/Aug/2025 14:39:52] "GET /api/sessions/ HTTP/1.1" 200 9733
[29/Aug/2025 14:39:52] "GET /api/charge-points/ HTTP/1.1" 200 969
[29/Aug/2025 14:39:57] "GET /api/sessions/ HTTP/1.1" 200 9733
[29/Aug/2025 14:39:57] "GET /api/charge-points/ HTTP/1.1" 200 969
[29/Aug/2025 14:40:02] "GET /api/sessions/ HTTP/1.1" 200 9733
[29/Aug/2025 14:40:02] "GET /api/charge-points/ HTTP/1.1" 200 969
[29/Aug/2025 14:40:07] "GET /api/sessions/ HTTP/1.1" 200 9733
[29/Aug/2025 14:40:07] "GET /api/charge-points/ HTTP/1.1" 200 969
[29/Aug/2025 14:40:12] "GET /api/sessions/ HTTP/1.1" 200 9733
[29/Aug/2025 14:40:12] "GET /api/charge-points/ HTTP/1.1" 200 969
[29/Aug/2025 14:40:17] "GET /api/sessions/ HTTP/1.1" 200 9733
[29/Aug/2025 14:40:17] "GET /api/charge-points/ HTTP/1.1" 200 969
[29/Aug/2025 14:40:22] "GET /api/sessions/ HTTP/1.1" 200 9733
[29/Aug/2025 14:40:22] "GET /api/charge-points/ HTTP/1.1" 200 969
[29/Aug/2025 14:40:27] "GET /api/sessions/ HTTP/1.1" 200 9733
[29/Aug/2025 14:40:27] "GET /api/charge-points/ HTTP/1.1" 200 969
[29/Aug/2025 14:40:32] "GET /api/sessions/ HTTP/1.1" 200 9733
[29/Aug/2025 14:40:32] "GET /api/charge-points/ HTTP/1.1" 200 969
[29/Aug/2025 14:40:37] "GET /api/sessions/ HTTP/1.1" 200 9733
[29/Aug/2025 14:40:37] "GET /api/charge-points/ HTTP/1.1" 200 969
[29/Aug/2025 14:40:42] "GET /api/sessions/ HTTP/1.1" 200 9733
[29/Aug/2025 14:40:42] "GET /api/charge-points/ HTTP/1.1" 200 969
[29/Aug/2025 14:40:47] "GET /api/sessions/ HTTP/1.1" 200 9733
[29/Aug/2025 14:40:47] "GET /api/charge-points/ HTTP/1.1" 200 969
[29/Aug/2025 14:40:52] "GET /api/sessions/ HTTP/1.1" 200 9733
[29/Aug/2025 14:40:52] "GET /api/charge-points/ HTTP/1.1" 200 969
[29/Aug/2025 14:40:57] "GET /api/sessions/ HTTP/1.1" 200 9733
[29/Aug/2025 14:40:57] "GET /api/charge-points/ HTTP/1.1" 200 969
[29/Aug/2025 14:41:02] "GET /api/sessions/ HTTP/1.1" 200 9733
[29/Aug/2025 14:41:02] "GET /api/charge-points/ HTTP/1.1" 200 969
[29/Aug/2025 14:41:07] "GET /api/sessions/ HTTP/1.1" 200 9733
[29/Aug/2025 14:41:07] "GET /api/charge-points/ HTTP/1.1" 200 969
[29/Aug/2025 14:41:12] "GET /api/sessions/ HTTP/1.1" 200 9733
[29/Aug/2025 14:41:12] "GET /api/charge-points/ HTTP/1.1" 200 969
[29/Aug/2025 14:41:17] "GET /api/sessions/ HTTP/1.1" 200 9733
[29/Aug/2025 14:41:17] "GET /api/charge-points/ HTTP/1.1" 200 969
[29/Aug/2025 14:41:22] "GET /api/sessions/ HTTP/1.1" 200 9733
[29/Aug/2025 14:41:22] "GET /api/charge-points/ HTTP/1.1" 200 969
[29/Aug/2025 14:41:27] "GET /api/sessions/ HTTP/1.1" 200 9733
[29/Aug/2025 14:41:27] "GET /api/charge-points/ HTTP/1.1" 200 969
[29/Aug/2025 14:41:32] "GET /api/sessions/ HTTP/1.1" 200 9733
[29/Aug/2025 14:41:32] "GET /api/charge-points/ HTTP/1.1" 200 969
[29/Aug/2025 14:41:37] "GET /api/sessions/ HTTP/1.1" 200 9733
[29/Aug/2025 14:41:37] "GET /api/charge-points/ HTTP/1.1" 200 969
[29/Aug/2025 14:41:43] "GET /api/sessions/ HTTP/1.1" 200 9733
[29/Aug/2025 14:41:43] "GET /api/charge-points/ HTTP/1.1" 200 969
[29/Aug/2025 14:41:48] "GET /api/sessions/ HTTP/1.1" 200 9733
[29/Aug/2025 14:41:48] "GET /api/charge-points/ HTTP/1.1" 200 969
[29/Aug/2025 14:41:53] "GET /api/sessions/ HTTP/1.1" 200 9733
[29/Aug/2025 14:41:53] "GET /api/charge-points/ HTTP/1.1" 200 969
[29/Aug/2025 14:41:58] "GET /api/sessions/ HTTP/1.1" 200 9733
[29/Aug/2025 14:41:58] "GET /api/charge-points/ HTTP/1.1" 200 969
[29/Aug/2025 14:42:03] "GET /api/sessions/ HTTP/1.1" 200 9733
[29/Aug/2025 14:42:03] "GET /api/charge-points/ HTTP/1.1" 200 969
[29/Aug/2025 14:42:07] "GET /api/sessions/ HTTP/1.1" 200 9733
[29/Aug/2025 14:42:07] "GET /api/charge-points/ HTTP/1.1" 200 969
[29/Aug/2025 14:42:12] "GET /api/sessions/ HTTP/1.1" 200 9733
[29/Aug/2025 14:42:12] "GET /api/charge-points/ HTTP/1.1" 200 969
[29/Aug/2025 14:42:17] "GET /api/sessions/ HTTP/1.1" 200 9733
[29/Aug/2025 14:42:17] "GET /api/charge-points/ HTTP/1.1" 200 969
[29/Aug/2025 14:42:22] "GET /api/sessions/ HTTP/1.1" 200 9733
[29/Aug/2025 14:42:22] "GET /api/charge-points/ HTTP/1.1" 200 969
[29/Aug/2025 14:42:27] "GET /api/sessions/ HTTP/1.1" 200 9733
[29/Aug/2025 14:42:27] "GET /api/charge-points/ HTTP/1.1" 200 969
[29/Aug/2025 14:42:32] "GET /api/sessions/ HTTP/1.1" 200 9733
[29/Aug/2025 14:42:32] "GET /api/charge-points/ HTTP/1.1" 200 969
[29/Aug/2025 14:42:37] "GET /api/sessions/ HTTP/1.1" 200 9733
[29/Aug/2025 14:42:37] "GET /api/charge-points/ HTTP/1.1" 200 969
[29/Aug/2025 14:42:42] "GET /api/sessions/ HTTP/1.1" 200 9733
[29/Aug/2025 14:42:42] "GET /api/charge-points/ HTTP/1.1" 200 969
[29/Aug/2025 14:42:47] "GET /api/sessions/ HTTP/1.1" 200 9733
[29/Aug/2025 14:42:47] "GET /api/charge-points/ HTTP/1.1" 200 969
[29/Aug/2025 14:42:52] "GET /api/sessions/ HTTP/1.1" 200 9733
[29/Aug/2025 14:42:52] "GET /api/charge-points/ HTTP/1.1" 200 969
[29/Aug/2025 14:42:57] "GET /api/sessions/ HTTP/1.1" 200 9733
[29/Aug/2025 14:42:57] "GET /api/charge-points/ HTTP/1.1" 200 969
[29/Aug/2025 14:43:02] "GET /api/sessions/ HTTP/1.1" 200 9733
[29/Aug/2025 14:43:02] "GET /api/charge-points/ HTTP/1.1" 200 969
[29/Aug/2025 14:43:07] "GET /api/sessions/ HTTP/1.1" 200 9733
[29/Aug/2025 14:43:07] "GET /api/charge-points/ HTTP/1.1" 200 969
[29/Aug/2025 14:43:12] "GET /api/sessions/ HTTP/1.1" 200 9733
[29/Aug/2025 14:43:12] "GET /api/charge-points/ HTTP/1.1" 200 969
[29/Aug/2025 14:43:17] "GET /api/sessions/ HTTP/1.1" 200 9733
[29/Aug/2025 14:43:17] "GET /api/charge-points/ HTTP/1.1" 200 969
[29/Aug/2025 14:43:22] "GET /api/sessions/ HTTP/1.1" 200 9733
[29/Aug/2025 14:43:22] "GET /api/charge-points/ HTTP/1.1" 200 969
[29/Aug/2025 14:43:27] "GET /api/sessions/ HTTP/1.1" 200 9733
[29/Aug/2025 14:43:27] "GET /api/charge-points/ HTTP/1.1" 200 969
[29/Aug/2025 14:43:32] "GET /api/sessions/ HTTP/1.1" 200 9733
[29/Aug/2025 14:43:32] "GET /api/charge-points/ HTTP/1.1" 200 969
[29/Aug/2025 14:43:37] "GET /api/sessions/ HTTP/1.1" 200 9733
[29/Aug/2025 14:43:37] "GET /api/charge-points/ HTTP/1.1" 200 969
[29/Aug/2025 14:43:42] "GET /api/sessions/ HTTP/1.1" 200 9733
[29/Aug/2025 14:43:42] "GET /api/charge-points/ HTTP/1.1" 200 969
[29/Aug/2025 14:43:47] "GET /api/charge-points/ HTTP/1.1" 200 969
[29/Aug/2025 14:43:47] "GET /api/sessions/ HTTP/1.1" 200 9733
[29/Aug/2025 14:43:52] "GET /api/sessions/ HTTP/1.1" 200 9733
[29/Aug/2025 14:43:52] "GET /api/charge-points/ HTTP/1.1" 200 969
[29/Aug/2025 14:43:57] "GET /api/sessions/ HTTP/1.1" 200 9733
[29/Aug/2025 14:43:57] "GET /api/charge-points/ HTTP/1.1" 200 969
[29/Aug/2025 14:44:02] "GET /api/sessions/ HTTP/1.1" 200 9733
[29/Aug/2025 14:44:02] "GET /api/charge-points/ HTTP/1.1" 200 969
[29/Aug/2025 14:44:07] "GET /api/sessions/ HTTP/1.1" 200 9733
[29/Aug/2025 14:44:07] "GET /api/charge-points/ HTTP/1.1" 200 969
[29/Aug/2025 14:44:12] "GET /api/sessions/ HTTP/1.1" 200 9733
[29/Aug/2025 14:44:12] "GET /api/charge-points/ HTTP/1.1" 200 969
[29/Aug/2025 14:44:17] "GET /api/sessions/ HTTP/1.1" 200 9733
[29/Aug/2025 14:44:17] "GET /api/charge-points/ HTTP/1.1" 200 969
[29/Aug/2025 14:44:22] "GET /api/sessions/ HTTP/1.1" 200 9733
[29/Aug/2025 14:44:22] "GET /api/charge-points/ HTTP/1.1" 200 969
[29/Aug/2025 14:44:27] "GET /api/charge-points/ HTTP/1.1" 200 969
[29/Aug/2025 14:44:27] "GET /api/sessions/ HTTP/1.1" 200 9733
[29/Aug/2025 14:44:32] "GET /api/sessions/ HTTP/1.1" 200 9733
[29/Aug/2025 14:44:32] "GET /api/charge-points/ HTTP/1.1" 200 969
[29/Aug/2025 14:44:37] "GET /api/sessions/ HTTP/1.1" 200 9733
[29/Aug/2025 14:44:37] "GET /api/charge-points/ HTTP/1.1" 200 969
[29/Aug/2025 14:44:42] "GET /api/sessions/ HTTP/1.1" 200 9733
[29/Aug/2025 14:44:42] "GET /api/charge-points/ HTTP/1.1" 200 969
[29/Aug/2025 14:44:47] "GET /api/sessions/ HTTP/1.1" 200 9733
[29/Aug/2025 14:44:47] "GET /api/charge-points/ HTTP/1.1" 200 969
[29/Aug/2025 14:44:52] "GET /api/sessions/ HTTP/1.1" 200 9733
[29/Aug/2025 14:44:52] "GET /api/charge-points/ HTTP/1.1" 200 969
[29/Aug/2025 14:44:57] "GET /api/sessions/ HTTP/1.1" 200 9733
[29/Aug/2025 14:44:57] "GET /api/charge-points/ HTTP/1.1" 200 969
[29/Aug/2025 14:45:02] "GET /api/sessions/ HTTP/1.1" 200 9733
[29/Aug/2025 14:45:02] "GET /api/charge-points/ HTTP/1.1" 200 969
[29/Aug/2025 14:45:07] "GET /api/sessions/ HTTP/1.1" 200 9733
[29/Aug/2025 14:45:07] "GET /api/charge-points/ HTTP/1.1" 200 969
[29/Aug/2025 14:45:12] "GET /api/sessions/ HTTP/1.1" 200 9733
[29/Aug/2025 14:45:12] "GET /api/charge-points/ HTTP/1.1" 200 969
[29/Aug/2025 14:45:17] "GET /api/sessions/ HTTP/1.1" 200 9733
[29/Aug/2025 14:45:17] "GET /api/charge-points/ HTTP/1.1" 200 969
[29/Aug/2025 14:45:22] "GET /api/sessions/ HTTP/1.1" 200 9733
[29/Aug/2025 14:45:22] "GET /api/charge-points/ HTTP/1.1" 200 969
[29/Aug/2025 14:45:27] "GET /api/charge-points/ HTTP/1.1" 200 969
[29/Aug/2025 14:45:27] "GET /api/sessions/ HTTP/1.1" 200 9733
[29/Aug/2025 14:45:32] "GET /api/sessions/ HTTP/1.1" 200 9733
[29/Aug/2025 14:45:32] "GET /api/charge-points/ HTTP/1.1" 200 969
[29/Aug/2025 14:45:37] "GET /api/sessions/ HTTP/1.1" 200 9733
[29/Aug/2025 14:45:37] "GET /api/charge-points/ HTTP/1.1" 200 969
[29/Aug/2025 14:45:42] "GET /api/sessions/ HTTP/1.1" 200 9733
[29/Aug/2025 14:45:42] "GET /api/charge-points/ HTTP/1.1" 200 969
[29/Aug/2025 14:45:47] "GET /api/sessions/ HTTP/1.1" 200 9733
[29/Aug/2025 14:45:47] "GET /api/charge-points/ HTTP/1.1" 200 969
[29/Aug/2025 14:45:52] "GET /api/sessions/ HTTP/1.1" 200 9733
[29/Aug/2025 14:45:52] "GET /api/charge-points/ HTTP/1.1" 200 969
[29/Aug/2025 14:45:57] "GET /api/sessions/ HTTP/1.1" 200 9733
[29/Aug/2025 14:45:57] "GET /api/charge-points/ HTTP/1.1" 200 969
[29/Aug/2025 14:46:02] "GET /api/sessions/ HTTP/1.1" 200 9733
[29/Aug/2025 14:46:02] "GET /api/charge-points/ HTTP/1.1" 200 969
[29/Aug/2025 14:46:07] "GET /api/sessions/ HTTP/1.1" 200 9733
[29/Aug/2025 14:46:07] "GET /api/charge-points/ HTTP/1.1" 200 969
[29/Aug/2025 14:46:12] "GET /api/sessions/ HTTP/1.1" 200 9733
[29/Aug/2025 14:46:12] "GET /api/charge-points/ HTTP/1.1" 200 969
[29/Aug/2025 14:46:17] "GET /api/sessions/ HTTP/1.1" 200 9733
[29/Aug/2025 14:46:17] "GET /api/charge-points/ HTTP/1.1" 200 969
[29/Aug/2025 14:46:25] "GET /api/charge-points/ HTTP/1.1" 200 969
[29/Aug/2025 14:46:25] "GET /api/sessions/ HTTP/1.1" 200 9733
[29/Aug/2025 14:46:30] "GET /api/me/ HTTP/1.1" 200 198
[29/Aug/2025 14:46:32] "GET /api/me/ HTTP/1.1" 200 198
[29/Aug/2025 14:46:32] "GET /api/charge-points/ HTTP/1.1" 200 969
[29/Aug/2025 14:46:32] "GET /api/sessions/ HTTP/1.1" 200 9733
[29/Aug/2025 14:46:37] "GET /api/charge-points/ HTTP/1.1" 200 969
[29/Aug/2025 14:46:37] "GET /api/sessions/ HTTP/1.1" 200 9733
[29/Aug/2025 14:46:42] "GET /api/charge-points/ HTTP/1.1" 200 969
[29/Aug/2025 14:46:42] "GET /api/sessions/ HTTP/1.1" 200 9733
[29/Aug/2025 14:46:47] "GET /api/charge-points/ HTTP/1.1" 200 969
[29/Aug/2025 14:46:47] "GET /api/sessions/ HTTP/1.1" 200 9733
[29/Aug/2025 14:46:52] "GET /api/charge-points/ HTTP/1.1" 200 969
[29/Aug/2025 14:46:52] "GET /api/sessions/ HTTP/1.1" 200 9733
[29/Aug/2025 14:46:57] "GET /api/sessions/ HTTP/1.1" 200 9733
[29/Aug/2025 14:46:57] "GET /api/charge-points/ HTTP/1.1" 200 969
[29/Aug/2025 14:47:02] "GET /api/charge-points/ HTTP/1.1" 200 969
[29/Aug/2025 14:47:02] "GET /api/sessions/ HTTP/1.1" 200 9733
[29/Aug/2025 14:47:07] "GET /api/charge-points/ HTTP/1.1" 200 969
[29/Aug/2025 14:47:07] "GET /api/sessions/ HTTP/1.1" 200 9733
[29/Aug/2025 14:47:12] "GET /api/charge-points/ HTTP/1.1" 200 969
[29/Aug/2025 14:47:12] "GET /api/sessions/ HTTP/1.1" 200 9733
[29/Aug/2025 14:47:17] "GET /api/charge-points/ HTTP/1.1" 200 969
[29/Aug/2025 14:47:17] "GET /api/sessions/ HTTP/1.1" 200 9733
[29/Aug/2025 14:47:22] "GET /api/charge-points/ HTTP/1.1" 200 969
[29/Aug/2025 14:47:22] "GET /api/sessions/ HTTP/1.1" 200 9733
[29/Aug/2025 14:47:27] "GET /api/charge-points/ HTTP/1.1" 200 969
[29/Aug/2025 14:47:27] "GET /api/sessions/ HTTP/1.1" 200 9733
[29/Aug/2025 14:47:32] "GET /api/charge-points/ HTTP/1.1" 200 969
[29/Aug/2025 14:47:32] "GET /api/sessions/ HTTP/1.1" 200 9733
[29/Aug/2025 14:47:37] "GET /api/charge-points/ HTTP/1.1" 200 969
[29/Aug/2025 14:47:37] "GET /api/sessions/ HTTP/1.1" 200 9733
[29/Aug/2025 14:47:42] "GET /api/charge-points/ HTTP/1.1" 200 969
[29/Aug/2025 14:47:42] "GET /api/sessions/ HTTP/1.1" 200 9733
[29/Aug/2025 14:47:47] "GET /api/charge-points/ HTTP/1.1" 200 969
[29/Aug/2025 14:47:47] "GET /api/sessions/ HTTP/1.1" 200 9733
[29/Aug/2025 14:47:52] "GET /api/charge-points/ HTTP/1.1" 200 969
[29/Aug/2025 14:47:52] "GET /api/sessions/ HTTP/1.1" 200 9733
[29/Aug/2025 14:47:57] "GET /api/charge-points/ HTTP/1.1" 200 969
[29/Aug/2025 14:47:57] "GET /api/sessions/ HTTP/1.1" 200 9733
[29/Aug/2025 14:48:02] "GET /api/charge-points/ HTTP/1.1" 200 969
[29/Aug/2025 14:48:02] "GET /api/sessions/ HTTP/1.1" 200 9733
[29/Aug/2025 14:48:07] "GET /api/charge-points/ HTTP/1.1" 200 969
[29/Aug/2025 14:48:07] "GET /api/sessions/ HTTP/1.1" 200 9733
[29/Aug/2025 14:48:12] "GET /api/charge-points/ HTTP/1.1" 200 969
[29/Aug/2025 14:48:12] "GET /api/sessions/ HTTP/1.1" 200 9733
[29/Aug/2025 14:48:17] "GET /api/charge-points/ HTTP/1.1" 200 969
[29/Aug/2025 14:48:17] "GET /api/sessions/ HTTP/1.1" 200 9733
[29/Aug/2025 14:48:22] "GET /api/charge-points/ HTTP/1.1" 200 969
[29/Aug/2025 14:48:22] "GET /api/sessions/ HTTP/1.1" 200 9733
[29/Aug/2025 14:48:27] "GET /api/charge-points/ HTTP/1.1" 200 969
[29/Aug/2025 14:48:27] "GET /api/sessions/ HTTP/1.1" 200 9733
[29/Aug/2025 14:48:32] "GET /api/charge-points/ HTTP/1.1" 200 969
[29/Aug/2025 14:48:32] "GET /api/sessions/ HTTP/1.1" 200 9733
[29/Aug/2025 14:48:37] "GET /api/charge-points/ HTTP/1.1" 200 969
[29/Aug/2025 14:48:37] "GET /api/sessions/ HTTP/1.1" 200 9733
[29/Aug/2025 14:48:42] "GET /api/sessions/ HTTP/1.1" 200 9733
[29/Aug/2025 14:48:42] "GET /api/charge-points/ HTTP/1.1" 200 969
[29/Aug/2025 14:48:47] "GET /api/charge-points/ HTTP/1.1" 200 969
[29/Aug/2025 14:48:47] "GET /api/sessions/ HTTP/1.1" 200 9733
[29/Aug/2025 14:48:52] "GET /api/charge-points/ HTTP/1.1" 200 969
[29/Aug/2025 14:48:52] "GET /api/sessions/ HTTP/1.1" 200 9733
[29/Aug/2025 14:48:57] "GET /api/charge-points/ HTTP/1.1" 200 969
[29/Aug/2025 14:48:57] "GET /api/sessions/ HTTP/1.1" 200 9733
[29/Aug/2025 14:49:02] "GET /api/charge-points/ HTTP/1.1" 200 969
[29/Aug/2025 14:49:02] "GET /api/sessions/ HTTP/1.1" 200 9733
[29/Aug/2025 14:49:07] "GET /api/charge-points/ HTTP/1.1" 200 969
[29/Aug/2025 14:49:07] "GET /api/sessions/ HTTP/1.1" 200 9733
[29/Aug/2025 14:49:12] "GET /api/charge-points/ HTTP/1.1" 200 969
[29/Aug/2025 14:49:12] "GET /api/sessions/ HTTP/1.1" 200 9733
[29/Aug/2025 14:49:17] "GET /api/charge-points/ HTTP/1.1" 200 969
[29/Aug/2025 14:49:17] "GET /api/sessions/ HTTP/1.1" 200 9733
[29/Aug/2025 14:49:22] "GET /api/charge-points/ HTTP/1.1" 200 969
[29/Aug/2025 14:49:22] "GET /api/sessions/ HTTP/1.1" 200 9733
[29/Aug/2025 14:49:27] "GET /api/charge-points/ HTTP/1.1" 200 969
[29/Aug/2025 14:49:27] "GET /api/sessions/ HTTP/1.1" 200 9733
[29/Aug/2025 14:49:32] "GET /api/charge-points/ HTTP/1.1" 200 969
[29/Aug/2025 14:49:32] "GET /api/sessions/ HTTP/1.1" 200 9733
[29/Aug/2025 14:49:37] "GET /api/charge-points/ HTTP/1.1" 200 969
[29/Aug/2025 14:49:37] "GET /api/sessions/ HTTP/1.1" 200 9733
[29/Aug/2025 14:49:42] "GET /api/charge-points/ HTTP/1.1" 200 969
[29/Aug/2025 14:49:42] "GET /api/sessions/ HTTP/1.1" 200 9733
[29/Aug/2025 14:49:47] "GET /api/charge-points/ HTTP/1.1" 200 969
[29/Aug/2025 14:49:47] "GET /api/sessions/ HTTP/1.1" 200 9733
[29/Aug/2025 14:49:52] "GET /api/charge-points/ HTTP/1.1" 200 969
[29/Aug/2025 14:49:52] "GET /api/sessions/ HTTP/1.1" 200 9733
[29/Aug/2025 14:49:57] "GET /api/charge-points/ HTTP/1.1" 200 969
[29/Aug/2025 14:49:57] "GET /api/sessions/ HTTP/1.1" 200 9733
[29/Aug/2025 14:50:02] "GET /api/sessions/ HTTP/1.1" 200 9733
[29/Aug/2025 14:50:02] "GET /api/charge-points/ HTTP/1.1" 200 969
[29/Aug/2025 14:50:07] "GET /api/charge-points/ HTTP/1.1" 200 969
[29/Aug/2025 14:50:07] "GET /api/sessions/ HTTP/1.1" 200 9733
[29/Aug/2025 14:50:12] "GET /api/charge-points/ HTTP/1.1" 200 969
[29/Aug/2025 14:50:12] "GET /api/sessions/ HTTP/1.1" 200 9733
[29/Aug/2025 14:50:17] "GET /api/charge-points/ HTTP/1.1" 200 969
[29/Aug/2025 14:50:17] "GET /api/sessions/ HTTP/1.1" 200 9733
[29/Aug/2025 14:50:22] "GET /api/sessions/ HTTP/1.1" 200 9733
[29/Aug/2025 14:50:22] "GET /api/charge-points/ HTTP/1.1" 200 969
[29/Aug/2025 14:50:27] "GET /api/charge-points/ HTTP/1.1" 200 969
[29/Aug/2025 14:50:27] "GET /api/sessions/ HTTP/1.1" 200 9733
[29/Aug/2025 14:50:32] "GET /api/charge-points/ HTTP/1.1" 200 969
[29/Aug/2025 14:50:32] "GET /api/sessions/ HTTP/1.1" 200 9733
[29/Aug/2025 14:50:37] "GET /api/charge-points/ HTTP/1.1" 200 969
[29/Aug/2025 14:50:37] "GET /api/sessions/ HTTP/1.1" 200 9733
[29/Aug/2025 14:50:42] "GET /api/charge-points/ HTTP/1.1" 200 969
[29/Aug/2025 14:50:42] "GET /api/sessions/ HTTP/1.1" 200 9733
[29/Aug/2025 14:50:47] "GET /api/sessions/ HTTP/1.1" 200 9733
[29/Aug/2025 14:50:47] "GET /api/charge-points/ HTTP/1.1" 200 969
[29/Aug/2025 14:50:52] "GET /api/charge-points/ HTTP/1.1" 200 969
[29/Aug/2025 14:50:52] "GET /api/sessions/ HTTP/1.1" 200 9733
[29/Aug/2025 14:50:57] "GET /api/charge-points/ HTTP/1.1" 200 969
[29/Aug/2025 14:50:57] "GET /api/sessions/ HTTP/1.1" 200 9733
[29/Aug/2025 14:51:02] "GET /api/charge-points/ HTTP/1.1" 200 969
[29/Aug/2025 14:51:02] "GET /api/sessions/ HTTP/1.1" 200 9733
[29/Aug/2025 14:51:07] "GET /api/charge-points/ HTTP/1.1" 200 969
[29/Aug/2025 14:51:07] "GET /api/sessions/ HTTP/1.1" 200 9733
[29/Aug/2025 14:51:12] "GET /api/charge-points/ HTTP/1.1" 200 969
[29/Aug/2025 14:51:12] "GET /api/sessions/ HTTP/1.1" 200 9733
[29/Aug/2025 14:51:17] "GET /api/charge-points/ HTTP/1.1" 200 969
[29/Aug/2025 14:51:17] "GET /api/sessions/ HTTP/1.1" 200 9733
[29/Aug/2025 14:51:22] "GET /api/charge-points/ HTTP/1.1" 200 969
[29/Aug/2025 14:51:22] "GET /api/sessions/ HTTP/1.1" 200 9733
[29/Aug/2025 14:51:27] "GET /api/charge-points/ HTTP/1.1" 200 969
[29/Aug/2025 14:51:27] "GET /api/sessions/ HTTP/1.1" 200 9733
[29/Aug/2025 14:51:32] "GET /api/charge-points/ HTTP/1.1" 200 969
[29/Aug/2025 14:51:32] "GET /api/sessions/ HTTP/1.1" 200 9733
[29/Aug/2025 14:51:37] "GET /api/charge-points/ HTTP/1.1" 200 969
[29/Aug/2025 14:51:37] "GET /api/sessions/ HTTP/1.1" 200 9733
[29/Aug/2025 14:51:42] "GET /api/charge-points/ HTTP/1.1" 200 969
[29/Aug/2025 14:51:42] "GET /api/sessions/ HTTP/1.1" 200 9733
[29/Aug/2025 14:51:47] "GET /api/charge-points/ HTTP/1.1" 200 969
[29/Aug/2025 14:51:47] "GET /api/sessions/ HTTP/1.1" 200 9733
[29/Aug/2025 14:51:52] "GET /api/sessions/ HTTP/1.1" 200 9733
[29/Aug/2025 14:51:52] "GET /api/charge-points/ HTTP/1.1" 200 969
[29/Aug/2025 14:51:57] "GET /api/charge-points/ HTTP/1.1" 200 969
[29/Aug/2025 14:51:57] "GET /api/sessions/ HTTP/1.1" 200 9733
[29/Aug/2025 14:52:02] "GET /api/charge-points/ HTTP/1.1" 200 969
[29/Aug/2025 14:52:02] "GET /api/sessions/ HTTP/1.1" 200 9733
[29/Aug/2025 14:52:07] "GET /api/charge-points/ HTTP/1.1" 200 969
[29/Aug/2025 14:52:07] "GET /api/sessions/ HTTP/1.1" 200 9733
[29/Aug/2025 14:52:12] "GET /api/charge-points/ HTTP/1.1" 200 969
[29/Aug/2025 14:52:12] "GET /api/sessions/ HTTP/1.1" 200 9733
[29/Aug/2025 14:52:17] "GET /api/charge-points/ HTTP/1.1" 200 969
[29/Aug/2025 14:52:17] "GET /api/sessions/ HTTP/1.1" 200 9733
[29/Aug/2025 14:52:22] "GET /api/sessions/ HTTP/1.1" 200 9733
[29/Aug/2025 14:52:22] "GET /api/charge-points/ HTTP/1.1" 200 969
[29/Aug/2025 14:52:27] "GET /api/sessions/ HTTP/1.1" 200 9733
[29/Aug/2025 14:52:27] "GET /api/charge-points/ HTTP/1.1" 200 969
[29/Aug/2025 14:52:32] "GET /api/charge-points/ HTTP/1.1" 200 969
[29/Aug/2025 14:52:32] "GET /api/sessions/ HTTP/1.1" 200 9733
[29/Aug/2025 14:52:37] "GET /api/sessions/ HTTP/1.1" 200 9733
[29/Aug/2025 14:52:37] "GET /api/charge-points/ HTTP/1.1" 200 969
[29/Aug/2025 14:52:42] "GET /api/charge-points/ HTTP/1.1" 200 969
[29/Aug/2025 14:52:42] "GET /api/sessions/ HTTP/1.1" 200 9733
[29/Aug/2025 14:52:47] "GET /api/charge-points/ HTTP/1.1" 200 969
[29/Aug/2025 14:52:47] "GET /api/sessions/ HTTP/1.1" 200 9733
[29/Aug/2025 14:52:52] "GET /api/charge-points/ HTTP/1.1" 200 969
[29/Aug/2025 14:52:52] "GET /api/sessions/ HTTP/1.1" 200 9733
[29/Aug/2025 14:52:57] "GET /api/charge-points/ HTTP/1.1" 200 969
[29/Aug/2025 14:52:57] "GET /api/sessions/ HTTP/1.1" 200 9733
[29/Aug/2025 14:53:02] "GET /api/charge-points/ HTTP/1.1" 200 969
[29/Aug/2025 14:53:02] "GET /api/sessions/ HTTP/1.1" 200 9733
[29/Aug/2025 14:53:07] "GET /api/charge-points/ HTTP/1.1" 200 969
[29/Aug/2025 14:53:07] "GET /api/sessions/ HTTP/1.1" 200 9733
[29/Aug/2025 14:53:12] "GET /api/sessions/ HTTP/1.1" 200 9733
[29/Aug/2025 14:53:12] "GET /api/charge-points/ HTTP/1.1" 200 969
[29/Aug/2025 14:53:17] "GET /api/charge-points/ HTTP/1.1" 200 969
[29/Aug/2025 14:53:17] "GET /api/sessions/ HTTP/1.1" 200 9733
[29/Aug/2025 14:53:22] "GET /api/charge-points/ HTTP/1.1" 200 969
[29/Aug/2025 14:53:22] "GET /api/sessions/ HTTP/1.1" 200 9733
[29/Aug/2025 14:53:27] "GET /api/charge-points/ HTTP/1.1" 200 969
[29/Aug/2025 14:53:27] "GET /api/sessions/ HTTP/1.1" 200 9733
[29/Aug/2025 14:53:32] "GET /api/charge-points/ HTTP/1.1" 200 969
[29/Aug/2025 14:53:32] "GET /api/sessions/ HTTP/1.1" 200 9733
[29/Aug/2025 14:53:37] "GET /api/charge-points/ HTTP/1.1" 200 969
[29/Aug/2025 14:53:37] "GET /api/sessions/ HTTP/1.1" 200 9733
[29/Aug/2025 14:53:42] "GET /api/sessions/ HTTP/1.1" 200 9733
[29/Aug/2025 14:53:42] "GET /api/charge-points/ HTTP/1.1" 200 969
[29/Aug/2025 14:53:47] "GET /api/charge-points/ HTTP/1.1" 200 969
[29/Aug/2025 14:53:47] "GET /api/sessions/ HTTP/1.1" 200 9733
[29/Aug/2025 14:53:52] "GET /api/charge-points/ HTTP/1.1" 200 969
[29/Aug/2025 14:53:52] "GET /api/sessions/ HTTP/1.1" 200 9733
[29/Aug/2025 14:53:57] "GET /api/sessions/ HTTP/1.1" 200 9733
[29/Aug/2025 14:53:57] "GET /api/charge-points/ HTTP/1.1" 200 969
[29/Aug/2025 14:54:02] "GET /api/charge-points/ HTTP/1.1" 200 969
[29/Aug/2025 14:54:02] "GET /api/sessions/ HTTP/1.1" 200 9733
[29/Aug/2025 14:54:07] "GET /api/charge-points/ HTTP/1.1" 200 969
[29/Aug/2025 14:54:07] "GET /api/sessions/ HTTP/1.1" 200 9733
[29/Aug/2025 14:54:12] "GET /api/charge-points/ HTTP/1.1" 200 969
[29/Aug/2025 14:54:12] "GET /api/sessions/ HTTP/1.1" 200 9733
[29/Aug/2025 14:54:17] "GET /api/charge-points/ HTTP/1.1" 200 969
[29/Aug/2025 14:54:17] "GET /api/sessions/ HTTP/1.1" 200 9733
[29/Aug/2025 14:54:22] "GET /api/sessions/ HTTP/1.1" 200 9733
[29/Aug/2025 14:54:22] "GET /api/charge-points/ HTTP/1.1" 200 969
[29/Aug/2025 14:54:27] "GET /api/charge-points/ HTTP/1.1" 200 969
[29/Aug/2025 14:54:27] "GET /api/sessions/ HTTP/1.1" 200 9733
[29/Aug/2025 14:54:32] "GET /api/charge-points/ HTTP/1.1" 200 969
[29/Aug/2025 14:54:32] "GET /api/sessions/ HTTP/1.1" 200 9733
[29/Aug/2025 14:54:37] "GET /api/sessions/ HTTP/1.1" 200 9733
[29/Aug/2025 14:54:37] "GET /api/charge-points/ HTTP/1.1" 200 969
[29/Aug/2025 14:54:42] "GET /api/charge-points/ HTTP/1.1" 200 969
[29/Aug/2025 14:54:42] "GET /api/sessions/ HTTP/1.1" 200 9733
[29/Aug/2025 14:54:47] "GET /api/charge-points/ HTTP/1.1" 200 969
[29/Aug/2025 14:54:47] "GET /api/sessions/ HTTP/1.1" 200 9733
[29/Aug/2025 14:54:52] "GET /api/charge-points/ HTTP/1.1" 200 969
[29/Aug/2025 14:54:52] "GET /api/sessions/ HTTP/1.1" 200 9733
[29/Aug/2025 14:54:57] "GET /api/sessions/ HTTP/1.1" 200 9733
[29/Aug/2025 14:54:57] "GET /api/charge-points/ HTTP/1.1" 200 969
[29/Aug/2025 14:55:02] "GET /api/charge-points/ HTTP/1.1" 200 969
[29/Aug/2025 14:55:02] "GET /api/sessions/ HTTP/1.1" 200 9733
[29/Aug/2025 14:55:07] "GET /api/charge-points/ HTTP/1.1" 200 969
[29/Aug/2025 14:55:07] "GET /api/sessions/ HTTP/1.1" 200 9733
[29/Aug/2025 14:55:12] "GET /api/charge-points/ HTTP/1.1" 200 969
[29/Aug/2025 14:55:12] "GET /api/sessions/ HTTP/1.1" 200 9733
[29/Aug/2025 14:55:17] "GET /api/charge-points/ HTTP/1.1" 200 969
[29/Aug/2025 14:55:17] "GET /api/sessions/ HTTP/1.1" 200 9733
[29/Aug/2025 14:55:22] "GET /api/sessions/ HTTP/1.1" 200 9733
[29/Aug/2025 14:55:22] "GET /api/charge-points/ HTTP/1.1" 200 969
[29/Aug/2025 14:55:27] "GET /api/charge-points/ HTTP/1.1" 200 969
[29/Aug/2025 14:55:27] "GET /api/sessions/ HTTP/1.1" 200 9733
[29/Aug/2025 14:55:32] "GET /api/charge-points/ HTTP/1.1" 200 969
[29/Aug/2025 14:55:32] "GET /api/sessions/ HTTP/1.1" 200 9733
[29/Aug/2025 14:55:37] "GET /api/charge-points/ HTTP/1.1" 200 969
[29/Aug/2025 14:55:37] "GET /api/sessions/ HTTP/1.1" 200 9733
[29/Aug/2025 14:55:42] "GET /api/charge-points/ HTTP/1.1" 200 969
[29/Aug/2025 14:55:42] "GET /api/sessions/ HTTP/1.1" 200 9733
[29/Aug/2025 14:55:47] "GET /api/charge-points/ HTTP/1.1" 200 969
[29/Aug/2025 14:55:47] "GET /api/sessions/ HTTP/1.1" 200 9733
[29/Aug/2025 14:55:52] "GET /api/sessions/ HTTP/1.1" 200 9733
[29/Aug/2025 14:55:52] "GET /api/charge-points/ HTTP/1.1" 200 969
[29/Aug/2025 14:55:57] "GET /api/charge-points/ HTTP/1.1" 200 969
[29/Aug/2025 14:55:57] "GET /api/sessions/ HTTP/1.1" 200 9733
[29/Aug/2025 14:56:02] "GET /api/charge-points/ HTTP/1.1" 200 969
[29/Aug/2025 14:56:02] "GET /api/sessions/ HTTP/1.1" 200 9733
[29/Aug/2025 14:56:07] "GET /api/charge-points/ HTTP/1.1" 200 969
[29/Aug/2025 14:56:07] "GET /api/sessions/ HTTP/1.1" 200 9733
[29/Aug/2025 14:56:12] "GET /api/charge-points/ HTTP/1.1" 200 969
[29/Aug/2025 14:56:12] "GET /api/sessions/ HTTP/1.1" 200 9733
[29/Aug/2025 14:56:17] "GET /api/charge-points/ HTTP/1.1" 200 969
[29/Aug/2025 14:56:17] "GET /api/sessions/ HTTP/1.1" 200 9733
[29/Aug/2025 14:56:22] "GET /api/charge-points/ HTTP/1.1" 200 969
[29/Aug/2025 14:56:22] "GET /api/sessions/ HTTP/1.1" 200 9733
[29/Aug/2025 14:56:27] "GET /api/sessions/ HTTP/1.1" 200 9733
[29/Aug/2025 14:56:27] "GET /api/charge-points/ HTTP/1.1" 200 969
[29/Aug/2025 14:56:32] "GET /api/charge-points/ HTTP/1.1" 200 969
[29/Aug/2025 14:56:32] "GET /api/sessions/ HTTP/1.1" 200 9733
[29/Aug/2025 14:56:37] "GET /api/charge-points/ HTTP/1.1" 200 969
[29/Aug/2025 14:56:37] "GET /api/sessions/ HTTP/1.1" 200 9733
[29/Aug/2025 14:56:42] "GET /api/charge-points/ HTTP/1.1" 200 969
[29/Aug/2025 14:56:42] "GET /api/sessions/ HTTP/1.1" 200 9733
[29/Aug/2025 14:56:47] "GET /api/charge-points/ HTTP/1.1" 200 969
[29/Aug/2025 14:56:47] "GET /api/sessions/ HTTP/1.1" 200 9733
[29/Aug/2025 14:56:52] "GET /api/charge-points/ HTTP/1.1" 200 969
[29/Aug/2025 14:56:52] "GET /api/sessions/ HTTP/1.1" 200 9733
[29/Aug/2025 14:56:57] "GET /api/charge-points/ HTTP/1.1" 200 969
[29/Aug/2025 14:56:57] "GET /api/sessions/ HTTP/1.1" 200 9733
[29/Aug/2025 14:57:02] "GET /api/charge-points/ HTTP/1.1" 200 969
[29/Aug/2025 14:57:02] "GET /api/sessions/ HTTP/1.1" 200 9733
[29/Aug/2025 14:57:07] "GET /api/charge-points/ HTTP/1.1" 200 969
[29/Aug/2025 14:57:07] "GET /api/sessions/ HTTP/1.1" 200 9733
[29/Aug/2025 14:57:12] "GET /api/charge-points/ HTTP/1.1" 200 969
[29/Aug/2025 14:57:12] "GET /api/sessions/ HTTP/1.1" 200 9733
[29/Aug/2025 14:57:17] "GET /api/sessions/ HTTP/1.1" 200 9733
[29/Aug/2025 14:57:17] "GET /api/charge-points/ HTTP/1.1" 200 969
[29/Aug/2025 14:57:22] "GET /api/charge-points/ HTTP/1.1" 200 969
[29/Aug/2025 14:57:22] "GET /api/sessions/ HTTP/1.1" 200 9733
[29/Aug/2025 14:57:27] "GET /api/charge-points/ HTTP/1.1" 200 969
[29/Aug/2025 14:57:27] "GET /api/sessions/ HTTP/1.1" 200 9733
[29/Aug/2025 14:57:32] "GET /api/charge-points/ HTTP/1.1" 200 969
[29/Aug/2025 14:57:32] "GET /api/sessions/ HTTP/1.1" 200 9733
[29/Aug/2025 14:57:37] "GET /api/charge-points/ HTTP/1.1" 200 969
[29/Aug/2025 14:57:37] "GET /api/sessions/ HTTP/1.1" 200 9733
[29/Aug/2025 14:57:42] "GET /api/sessions/ HTTP/1.1" 200 9733
[29/Aug/2025 14:57:42] "GET /api/charge-points/ HTTP/1.1" 200 969
[29/Aug/2025 14:57:47] "GET /api/charge-points/ HTTP/1.1" 200 969
[29/Aug/2025 14:57:47] "GET /api/sessions/ HTTP/1.1" 200 9733
[29/Aug/2025 14:57:52] "GET /api/charge-points/ HTTP/1.1" 200 969
[29/Aug/2025 14:57:52] "GET /api/sessions/ HTTP/1.1" 200 9733
[29/Aug/2025 14:57:57] "GET /api/charge-points/ HTTP/1.1" 200 969
[29/Aug/2025 14:57:57] "GET /api/sessions/ HTTP/1.1" 200 9733
[29/Aug/2025 14:58:02] "GET /api/charge-points/ HTTP/1.1" 200 969
[29/Aug/2025 14:58:02] "GET /api/sessions/ HTTP/1.1" 200 9733
[29/Aug/2025 14:58:07] "GET /api/sessions/ HTTP/1.1" 200 9733
[29/Aug/2025 14:58:07] "GET /api/charge-points/ HTTP/1.1" 200 969
[29/Aug/2025 14:58:12] "GET /api/charge-points/ HTTP/1.1" 200 969
[29/Aug/2025 14:58:12] "GET /api/sessions/ HTTP/1.1" 200 9733
[29/Aug/2025 14:58:17] "GET /api/charge-points/ HTTP/1.1" 200 969
[29/Aug/2025 14:58:17] "GET /api/sessions/ HTTP/1.1" 200 9733
[29/Aug/2025 14:58:22] "GET /api/charge-points/ HTTP/1.1" 200 969
[29/Aug/2025 14:58:22] "GET /api/sessions/ HTTP/1.1" 200 9733
[29/Aug/2025 14:58:27] "GET /api/charge-points/ HTTP/1.1" 200 969
[29/Aug/2025 14:58:27] "GET /api/sessions/ HTTP/1.1" 200 9733
[29/Aug/2025 14:58:32] "GET /api/charge-points/ HTTP/1.1" 200 969
[29/Aug/2025 14:58:32] "GET /api/sessions/ HTTP/1.1" 200 9733
[29/Aug/2025 14:58:37] "GET /api/charge-points/ HTTP/1.1" 200 969
[29/Aug/2025 14:58:37] "GET /api/sessions/ HTTP/1.1" 200 9733
[29/Aug/2025 14:58:42] "GET /api/charge-points/ HTTP/1.1" 200 969
[29/Aug/2025 14:58:42] "GET /api/sessions/ HTTP/1.1" 200 9733
[29/Aug/2025 14:58:47] "GET /api/sessions/ HTTP/1.1" 200 9733
[29/Aug/2025 14:58:47] "GET /api/charge-points/ HTTP/1.1" 200 969
[29/Aug/2025 14:58:52] "GET /api/charge-points/ HTTP/1.1" 200 969
[29/Aug/2025 14:58:52] "GET /api/sessions/ HTTP/1.1" 200 9733
[29/Aug/2025 14:58:57] "GET /api/charge-points/ HTTP/1.1" 200 969
[29/Aug/2025 14:58:57] "GET /api/sessions/ HTTP/1.1" 200 9733
[29/Aug/2025 14:59:02] "GET /api/charge-points/ HTTP/1.1" 200 969
[29/Aug/2025 14:59:02] "GET /api/sessions/ HTTP/1.1" 200 9733
[29/Aug/2025 14:59:07] "GET /api/charge-points/ HTTP/1.1" 200 969
[29/Aug/2025 14:59:07] "GET /api/sessions/ HTTP/1.1" 200 9733
[29/Aug/2025 14:59:12] "GET /api/charge-points/ HTTP/1.1" 200 969
[29/Aug/2025 14:59:12] "GET /api/sessions/ HTTP/1.1" 200 9733
[29/Aug/2025 14:59:17] "GET /api/sessions/ HTTP/1.1" 200 9733
[29/Aug/2025 14:59:17] "GET /api/charge-points/ HTTP/1.1" 200 969
[29/Aug/2025 14:59:22] "GET /api/charge-points/ HTTP/1.1" 200 969
[29/Aug/2025 14:59:22] "GET /api/sessions/ HTTP/1.1" 200 9733
[29/Aug/2025 14:59:27] "GET /api/charge-points/ HTTP/1.1" 200 969
[29/Aug/2025 14:59:27] "GET /api/sessions/ HTTP/1.1" 200 9733
[29/Aug/2025 14:59:33] "GET /api/charge-points/ HTTP/1.1" 200 969
[29/Aug/2025 14:59:33] "GET /api/sessions/ HTTP/1.1" 200 9733
[29/Aug/2025 14:59:38] "GET /api/charge-points/ HTTP/1.1" 200 969
[29/Aug/2025 14:59:38] "GET /api/sessions/ HTTP/1.1" 200 9733
[29/Aug/2025 14:59:43] "GET /api/charge-points/ HTTP/1.1" 200 969
[29/Aug/2025 14:59:43] "GET /api/sessions/ HTTP/1.1" 200 9733
[29/Aug/2025 14:59:48] "GET /api/charge-points/ HTTP/1.1" 200 969
[29/Aug/2025 14:59:48] "GET /api/sessions/ HTTP/1.1" 200 9733
[29/Aug/2025 14:59:53] "GET /api/charge-points/ HTTP/1.1" 200 969
[29/Aug/2025 14:59:53] "GET /api/sessions/ HTTP/1.1" 200 9733
[29/Aug/2025 14:59:58] "GET /api/charge-points/ HTTP/1.1" 200 969
[29/Aug/2025 14:59:58] "GET /api/sessions/ HTTP/1.1" 200 9733
[29/Aug/2025 15:00:03] "GET /api/charge-points/ HTTP/1.1" 200 969
[29/Aug/2025 15:00:03] "GET /api/sessions/ HTTP/1.1" 200 9733
[29/Aug/2025 15:00:08] "GET /api/charge-points/ HTTP/1.1" 200 969
[29/Aug/2025 15:00:08] "GET /api/sessions/ HTTP/1.1" 200 9733
[29/Aug/2025 15:00:13] "GET /api/sessions/ HTTP/1.1" 200 9733
[29/Aug/2025 15:00:13] "GET /api/charge-points/ HTTP/1.1" 200 969
[29/Aug/2025 15:00:18] "GET /api/charge-points/ HTTP/1.1" 200 969
[29/Aug/2025 15:00:18] "GET /api/sessions/ HTTP/1.1" 200 9733
[29/Aug/2025 15:00:23] "GET /api/charge-points/ HTTP/1.1" 200 969
[29/Aug/2025 15:00:23] "GET /api/sessions/ HTTP/1.1" 200 9733
[29/Aug/2025 15:00:28] "GET /api/charge-points/ HTTP/1.1" 200 969
[29/Aug/2025 15:00:28] "GET /api/sessions/ HTTP/1.1" 200 9733
[29/Aug/2025 15:00:45] "GET /api/charge-points/ HTTP/1.1" 200 969
[29/Aug/2025 15:00:45] "GET /api/sessions/ HTTP/1.1" 200 9733
[29/Aug/2025 15:00:47] "GET /api/charge-points/ HTTP/1.1" 200 969
[29/Aug/2025 15:00:47] "GET /api/sessions/ HTTP/1.1" 200 9733
[29/Aug/2025 15:00:52] "GET /api/charge-points/ HTTP/1.1" 200 969
[29/Aug/2025 15:00:52] "GET /api/sessions/ HTTP/1.1" 200 9733
[29/Aug/2025 15:00:57] "GET /api/charge-points/ HTTP/1.1" 200 969
[29/Aug/2025 15:00:57] "GET /api/sessions/ HTTP/1.1" 200 9733
[29/Aug/2025 15:01:02] "GET /api/charge-points/ HTTP/1.1" 200 969
[29/Aug/2025 15:01:02] "GET /api/sessions/ HTTP/1.1" 200 9733
[29/Aug/2025 15:01:07] "GET /api/charge-points/ HTTP/1.1" 200 969
[29/Aug/2025 15:01:07] "GET /api/sessions/ HTTP/1.1" 200 9733
[29/Aug/2025 15:01:12] "GET /api/charge-points/ HTTP/1.1" 200 969
[29/Aug/2025 15:01:12] "GET /api/sessions/ HTTP/1.1" 200 9733
[29/Aug/2025 15:01:17] "GET /api/charge-points/ HTTP/1.1" 200 969
[29/Aug/2025 15:01:17] "GET /api/sessions/ HTTP/1.1" 200 9733
[29/Aug/2025 15:01:22] "GET /api/charge-points/ HTTP/1.1" 200 969
[29/Aug/2025 15:01:22] "GET /api/sessions/ HTTP/1.1" 200 9733
[29/Aug/2025 15:01:27] "GET /api/charge-points/ HTTP/1.1" 200 969
[29/Aug/2025 15:01:27] "GET /api/sessions/ HTTP/1.1" 200 9733
[29/Aug/2025 15:01:32] "GET /api/charge-points/ HTTP/1.1" 200 969
[29/Aug/2025 15:01:32] "GET /api/sessions/ HTTP/1.1" 200 9733
[29/Aug/2025 15:01:37] "GET /api/sessions/ HTTP/1.1" 200 9733
[29/Aug/2025 15:01:37] "GET /api/charge-points/ HTTP/1.1" 200 969
[29/Aug/2025 15:01:42] "GET /api/charge-points/ HTTP/1.1" 200 969
[29/Aug/2025 15:01:42] "GET /api/sessions/ HTTP/1.1" 200 9733
[29/Aug/2025 15:01:47] "GET /api/sessions/ HTTP/1.1" 200 9733
[29/Aug/2025 15:01:47] "GET /api/charge-points/ HTTP/1.1" 200 969
[29/Aug/2025 15:01:52] "GET /api/charge-points/ HTTP/1.1" 200 969
[29/Aug/2025 15:01:52] "GET /api/sessions/ HTTP/1.1" 200 9733
[29/Aug/2025 15:01:57] "GET /api/charge-points/ HTTP/1.1" 200 969
[29/Aug/2025 15:01:57] "GET /api/sessions/ HTTP/1.1" 200 9733
[29/Aug/2025 15:02:02] "GET /api/charge-points/ HTTP/1.1" 200 969
[29/Aug/2025 15:02:02] "GET /api/sessions/ HTTP/1.1" 200 9733
[29/Aug/2025 15:02:07] "GET /api/charge-points/ HTTP/1.1" 200 969
[29/Aug/2025 15:02:07] "GET /api/sessions/ HTTP/1.1" 200 9733
[29/Aug/2025 15:02:12] "GET /api/charge-points/ HTTP/1.1" 200 969
[29/Aug/2025 15:02:12] "GET /api/sessions/ HTTP/1.1" 200 9733
[29/Aug/2025 15:02:17] "GET /api/sessions/ HTTP/1.1" 200 9733
[29/Aug/2025 15:02:17] "GET /api/charge-points/ HTTP/1.1" 200 969
[29/Aug/2025 15:02:22] "GET /api/charge-points/ HTTP/1.1" 200 969
[29/Aug/2025 15:02:22] "GET /api/sessions/ HTTP/1.1" 200 9733
[29/Aug/2025 15:02:27] "GET /api/charge-points/ HTTP/1.1" 200 969
[29/Aug/2025 15:02:27] "GET /api/sessions/ HTTP/1.1" 200 9733
[29/Aug/2025 15:02:32] "GET /api/charge-points/ HTTP/1.1" 200 969
[29/Aug/2025 15:02:32] "GET /api/sessions/ HTTP/1.1" 200 9733
[29/Aug/2025 15:02:37] "GET /api/charge-points/ HTTP/1.1" 200 969
[29/Aug/2025 15:02:37] "GET /api/sessions/ HTTP/1.1" 200 9733
[29/Aug/2025 15:02:42] "GET /api/charge-points/ HTTP/1.1" 200 969
[29/Aug/2025 15:02:42] "GET /api/sessions/ HTTP/1.1" 200 9733
[29/Aug/2025 15:02:47] "GET /api/charge-points/ HTTP/1.1" 200 969
[29/Aug/2025 15:02:47] "GET /api/sessions/ HTTP/1.1" 200 9733
[29/Aug/2025 15:02:52] "GET /api/charge-points/ HTTP/1.1" 200 969
[29/Aug/2025 15:02:52] "GET /api/sessions/ HTTP/1.1" 200 9733
[29/Aug/2025 15:02:57] "GET /api/charge-points/ HTTP/1.1" 200 969
[29/Aug/2025 15:02:57] "GET /api/sessions/ HTTP/1.1" 200 9733
[29/Aug/2025 15:03:02] "GET /api/charge-points/ HTTP/1.1" 200 969
[29/Aug/2025 15:03:02] "GET /api/sessions/ HTTP/1.1" 200 9733
[29/Aug/2025 15:03:07] "GET /api/sessions/ HTTP/1.1" 200 9733
[29/Aug/2025 15:03:07] "GET /api/charge-points/ HTTP/1.1" 200 969
[29/Aug/2025 15:03:12] "GET /api/charge-points/ HTTP/1.1" 200 969
[29/Aug/2025 15:03:12] "GET /api/sessions/ HTTP/1.1" 200 9733
[29/Aug/2025 15:03:17] "GET /api/charge-points/ HTTP/1.1" 200 969
[29/Aug/2025 15:03:17] "GET /api/sessions/ HTTP/1.1" 200 9733
[29/Aug/2025 15:03:22] "GET /api/charge-points/ HTTP/1.1" 200 969
[29/Aug/2025 15:03:22] "GET /api/sessions/ HTTP/1.1" 200 9733
[29/Aug/2025 15:03:27] "GET /api/charge-points/ HTTP/1.1" 200 969
[29/Aug/2025 15:03:27] "GET /api/sessions/ HTTP/1.1" 200 9733
[29/Aug/2025 15:03:32] "GET /api/charge-points/ HTTP/1.1" 200 969
[29/Aug/2025 15:03:32] "GET /api/sessions/ HTTP/1.1" 200 9733
[29/Aug/2025 15:03:37] "GET /api/charge-points/ HTTP/1.1" 200 969
[29/Aug/2025 15:03:37] "GET /api/sessions/ HTTP/1.1" 200 9733
[29/Aug/2025 15:03:42] "GET /api/charge-points/ HTTP/1.1" 200 969
[29/Aug/2025 15:03:42] "GET /api/sessions/ HTTP/1.1" 200 9733
[29/Aug/2025 15:03:47] "GET /api/charge-points/ HTTP/1.1" 200 969
[29/Aug/2025 15:03:47] "GET /api/sessions/ HTTP/1.1" 200 9733
[29/Aug/2025 15:03:52] "GET /api/charge-points/ HTTP/1.1" 200 969
[29/Aug/2025 15:03:52] "GET /api/sessions/ HTTP/1.1" 200 9733
[29/Aug/2025 15:03:57] "GET /api/charge-points/ HTTP/1.1" 200 969
[29/Aug/2025 15:03:57] "GET /api/sessions/ HTTP/1.1" 200 9733
[29/Aug/2025 15:04:02] "GET /api/charge-points/ HTTP/1.1" 200 969
[29/Aug/2025 15:04:02] "GET /api/sessions/ HTTP/1.1" 200 9733
[29/Aug/2025 15:04:07] "GET /api/charge-points/ HTTP/1.1" 200 969
[29/Aug/2025 15:04:07] "GET /api/sessions/ HTTP/1.1" 200 9733
[29/Aug/2025 15:04:12] "GET /api/charge-points/ HTTP/1.1" 200 969
[29/Aug/2025 15:04:12] "GET /api/sessions/ HTTP/1.1" 200 9733
[29/Aug/2025 15:04:17] "GET /api/charge-points/ HTTP/1.1" 200 969
[29/Aug/2025 15:04:17] "GET /api/sessions/ HTTP/1.1" 200 9733
[29/Aug/2025 15:04:22] "GET /api/charge-points/ HTTP/1.1" 200 969
[29/Aug/2025 15:04:22] "GET /api/sessions/ HTTP/1.1" 200 9733
[29/Aug/2025 15:04:27] "GET /api/charge-points/ HTTP/1.1" 200 969
[29/Aug/2025 15:04:27] "GET /api/sessions/ HTTP/1.1" 200 9733
[29/Aug/2025 15:04:32] "GET /api/charge-points/ HTTP/1.1" 200 969
[29/Aug/2025 15:04:32] "GET /api/sessions/ HTTP/1.1" 200 9733
[29/Aug/2025 15:04:37] "GET /api/charge-points/ HTTP/1.1" 200 969
[29/Aug/2025 15:04:37] "GET /api/sessions/ HTTP/1.1" 200 9733
[29/Aug/2025 15:04:42] "GET /api/charge-points/ HTTP/1.1" 200 969
[29/Aug/2025 15:04:42] "GET /api/sessions/ HTTP/1.1" 200 9733
[29/Aug/2025 15:04:47] "GET /api/charge-points/ HTTP/1.1" 200 969
[29/Aug/2025 15:04:47] "GET /api/sessions/ HTTP/1.1" 200 9733
[29/Aug/2025 15:04:52] "GET /api/charge-points/ HTTP/1.1" 200 969
[29/Aug/2025 15:04:52] "GET /api/sessions/ HTTP/1.1" 200 9733
[29/Aug/2025 15:04:57] "GET /api/charge-points/ HTTP/1.1" 200 969
[29/Aug/2025 15:04:57] "GET /api/sessions/ HTTP/1.1" 200 9733
[29/Aug/2025 15:05:02] "GET /api/charge-points/ HTTP/1.1" 200 969
[29/Aug/2025 15:05:02] "GET /api/sessions/ HTTP/1.1" 200 9733
[29/Aug/2025 15:05:07] "GET /api/charge-points/ HTTP/1.1" 200 969
[29/Aug/2025 15:05:07] "GET /api/sessions/ HTTP/1.1" 200 9733
[29/Aug/2025 15:05:12] "GET /api/charge-points/ HTTP/1.1" 200 969
[29/Aug/2025 15:05:12] "GET /api/sessions/ HTTP/1.1" 200 9733
[29/Aug/2025 15:05:17] "GET /api/charge-points/ HTTP/1.1" 200 969
[29/Aug/2025 15:05:17] "GET /api/sessions/ HTTP/1.1" 200 9733
[29/Aug/2025 15:05:22] "GET /api/charge-points/ HTTP/1.1" 200 969
[29/Aug/2025 15:05:22] "GET /api/sessions/ HTTP/1.1" 200 9733
[29/Aug/2025 15:05:27] "GET /api/charge-points/ HTTP/1.1" 200 969
[29/Aug/2025 15:05:27] "GET /api/sessions/ HTTP/1.1" 200 9733
[29/Aug/2025 15:05:32] "GET /api/charge-points/ HTTP/1.1" 200 969
[29/Aug/2025 15:05:32] "GET /api/sessions/ HTTP/1.1" 200 9733
[29/Aug/2025 15:05:37] "GET /api/charge-points/ HTTP/1.1" 200 969
[29/Aug/2025 15:05:37] "GET /api/sessions/ HTTP/1.1" 200 9733
[29/Aug/2025 15:05:42] "GET /api/charge-points/ HTTP/1.1" 200 969
[29/Aug/2025 15:05:42] "GET /api/sessions/ HTTP/1.1" 200 9733
[29/Aug/2025 15:05:47] "GET /api/charge-points/ HTTP/1.1" 200 969
[29/Aug/2025 15:05:47] "GET /api/sessions/ HTTP/1.1" 200 9733
[29/Aug/2025 15:05:52] "GET /api/charge-points/ HTTP/1.1" 200 969
[29/Aug/2025 15:05:52] "GET /api/sessions/ HTTP/1.1" 200 9733
[29/Aug/2025 15:05:57] "GET /api/sessions/ HTTP/1.1" 200 9733
[29/Aug/2025 15:05:57] "GET /api/charge-points/ HTTP/1.1" 200 969
[29/Aug/2025 15:06:02] "GET /api/charge-points/ HTTP/1.1" 200 969
[29/Aug/2025 15:06:02] "GET /api/sessions/ HTTP/1.1" 200 9733
[29/Aug/2025 15:06:07] "GET /api/charge-points/ HTTP/1.1" 200 969
[29/Aug/2025 15:06:07] "GET /api/sessions/ HTTP/1.1" 200 9733
[29/Aug/2025 15:06:12] "GET /api/charge-points/ HTTP/1.1" 200 969
[29/Aug/2025 15:06:12] "GET /api/sessions/ HTTP/1.1" 200 9733
[29/Aug/2025 15:06:17] "GET /api/sessions/ HTTP/1.1" 200 9733
[29/Aug/2025 15:06:17] "GET /api/charge-points/ HTTP/1.1" 200 969
[29/Aug/2025 15:06:22] "GET /api/charge-points/ HTTP/1.1" 200 969
[29/Aug/2025 15:06:22] "GET /api/sessions/ HTTP/1.1" 200 9733
[29/Aug/2025 15:06:27] "GET /api/charge-points/ HTTP/1.1" 200 969
[29/Aug/2025 15:06:27] "GET /api/sessions/ HTTP/1.1" 200 9733
[29/Aug/2025 15:06:32] "GET /api/charge-points/ HTTP/1.1" 200 969
[29/Aug/2025 15:06:32] "GET /api/sessions/ HTTP/1.1" 200 9733
[29/Aug/2025 15:06:37] "GET /api/charge-points/ HTTP/1.1" 200 969
[29/Aug/2025 15:06:37] "GET /api/sessions/ HTTP/1.1" 200 9733
[29/Aug/2025 15:06:42] "GET /api/charge-points/ HTTP/1.1" 200 969
[29/Aug/2025 15:06:42] "GET /api/sessions/ HTTP/1.1" 200 9733
[29/Aug/2025 15:06:47] "GET /api/charge-points/ HTTP/1.1" 200 969
[29/Aug/2025 15:06:47] "GET /api/sessions/ HTTP/1.1" 200 9733
[29/Aug/2025 15:06:52] "GET /api/charge-points/ HTTP/1.1" 200 969
[29/Aug/2025 15:06:52] "GET /api/sessions/ HTTP/1.1" 200 9733
[29/Aug/2025 15:06:57] "GET /api/sessions/ HTTP/1.1" 200 9733
[29/Aug/2025 15:06:57] "GET /api/charge-points/ HTTP/1.1" 200 969
[29/Aug/2025 15:07:02] "GET /api/charge-points/ HTTP/1.1" 200 969
[29/Aug/2025 15:07:02] "GET /api/sessions/ HTTP/1.1" 200 9733
[29/Aug/2025 15:07:07] "GET /api/charge-points/ HTTP/1.1" 200 969
[29/Aug/2025 15:07:07] "GET /api/sessions/ HTTP/1.1" 200 9733
[29/Aug/2025 15:07:12] "GET /api/sessions/ HTTP/1.1" 200 9733
[29/Aug/2025 15:07:12] "GET /api/charge-points/ HTTP/1.1" 200 969
[29/Aug/2025 15:07:17] "GET /api/charge-points/ HTTP/1.1" 200 969
[29/Aug/2025 15:07:17] "GET /api/sessions/ HTTP/1.1" 200 9733
[29/Aug/2025 15:07:22] "GET /api/charge-points/ HTTP/1.1" 200 969
[29/Aug/2025 15:07:22] "GET /api/sessions/ HTTP/1.1" 200 9733
[29/Aug/2025 15:07:27] "GET /api/charge-points/ HTTP/1.1" 200 969
[29/Aug/2025 15:07:27] "GET /api/sessions/ HTTP/1.1" 200 9733
[29/Aug/2025 15:07:32] "GET /api/charge-points/ HTTP/1.1" 200 969
[29/Aug/2025 15:07:32] "GET /api/sessions/ HTTP/1.1" 200 9733
[29/Aug/2025 15:07:37] "GET /api/charge-points/ HTTP/1.1" 200 969
[29/Aug/2025 15:07:37] "GET /api/sessions/ HTTP/1.1" 200 9733
[29/Aug/2025 15:07:42] "GET /api/charge-points/ HTTP/1.1" 200 969
[29/Aug/2025 15:07:42] "GET /api/sessions/ HTTP/1.1" 200 9733
[29/Aug/2025 15:07:47] "GET /api/charge-points/ HTTP/1.1" 200 969
[29/Aug/2025 15:07:47] "GET /api/sessions/ HTTP/1.1" 200 9733
[29/Aug/2025 15:07:52] "GET /api/charge-points/ HTTP/1.1" 200 969
[29/Aug/2025 15:07:52] "GET /api/sessions/ HTTP/1.1" 200 9733
[29/Aug/2025 15:07:57] "GET /api/charge-points/ HTTP/1.1" 200 969
[29/Aug/2025 15:07:57] "GET /api/sessions/ HTTP/1.1" 200 9733
[29/Aug/2025 15:08:02] "GET /api/charge-points/ HTTP/1.1" 200 969
[29/Aug/2025 15:08:02] "GET /api/sessions/ HTTP/1.1" 200 9733
[29/Aug/2025 15:08:08] "GET /api/charge-points/ HTTP/1.1" 200 969
[29/Aug/2025 15:08:08] "GET /api/sessions/ HTTP/1.1" 200 9733
[29/Aug/2025 15:08:13] "GET /api/charge-points/ HTTP/1.1" 200 969
[29/Aug/2025 15:08:13] "GET /api/sessions/ HTTP/1.1" 200 9733
[29/Aug/2025 15:08:18] "GET /api/charge-points/ HTTP/1.1" 200 969
[29/Aug/2025 15:08:18] "GET /api/sessions/ HTTP/1.1" 200 9733
[29/Aug/2025 15:08:23] "GET /api/charge-points/ HTTP/1.1" 200 969
[29/Aug/2025 15:08:23] "GET /api/sessions/ HTTP/1.1" 200 9733
[29/Aug/2025 15:08:28] "GET /api/charge-points/ HTTP/1.1" 200 969
[29/Aug/2025 15:08:28] "GET /api/sessions/ HTTP/1.1" 200 9733
[29/Aug/2025 15:08:33] "GET /api/charge-points/ HTTP/1.1" 200 969
[29/Aug/2025 15:08:33] "GET /api/sessions/ HTTP/1.1" 200 9733
[29/Aug/2025 15:08:38] "GET /api/charge-points/ HTTP/1.1" 200 969
[29/Aug/2025 15:08:38] "GET /api/sessions/ HTTP/1.1" 200 9733
[29/Aug/2025 15:08:43] "GET /api/charge-points/ HTTP/1.1" 200 969
[29/Aug/2025 15:08:43] "GET /api/sessions/ HTTP/1.1" 200 9733
[29/Aug/2025 15:08:48] "GET /api/charge-points/ HTTP/1.1" 200 969
[29/Aug/2025 15:08:48] "GET /api/sessions/ HTTP/1.1" 200 9733
[29/Aug/2025 15:08:53] "GET /api/charge-points/ HTTP/1.1" 200 969
[29/Aug/2025 15:08:53] "GET /api/sessions/ HTTP/1.1" 200 9733
[29/Aug/2025 15:08:58] "GET /api/charge-points/ HTTP/1.1" 200 969
[29/Aug/2025 15:08:58] "GET /api/sessions/ HTTP/1.1" 200 9733
[29/Aug/2025 15:09:03] "GET /api/charge-points/ HTTP/1.1" 200 969
[29/Aug/2025 15:09:03] "GET /api/sessions/ HTTP/1.1" 200 9733
[29/Aug/2025 15:09:31] "GET /api/charge-points/ HTTP/1.1" 200 969
[29/Aug/2025 15:09:31] "GET /api/sessions/ HTTP/1.1" 200 9733
[29/Aug/2025 15:10:31] "GET /api/charge-points/ HTTP/1.1" 200 969
[29/Aug/2025 15:10:31] "GET /api/sessions/ HTTP/1.1" 200 9733
[29/Aug/2025 15:11:31] "GET /api/charge-points/ HTTP/1.1" 200 969
[29/Aug/2025 15:11:31] "GET /api/sessions/ HTTP/1.1" 200 9733
[29/Aug/2025 15:12:31] "GET /api/charge-points/ HTTP/1.1" 200 969
[29/Aug/2025 15:12:31] "GET /api/sessions/ HTTP/1.1" 200 9733
[29/Aug/2025 15:13:31] "GET /api/charge-points/ HTTP/1.1" 200 969
[29/Aug/2025 15:13:31] "GET /api/sessions/ HTTP/1.1" 200 9733
[29/Aug/2025 15:14:15] "GET /api/charge-points/ HTTP/1.1" 200 969
[29/Aug/2025 15:14:15] "GET /api/sessions/ HTTP/1.1" 200 9727
[29/Aug/2025 15:14:17] "OPTIONS /api/auth/logout/ HTTP/1.1" 200 0
[29/Aug/2025 15:14:17] "GET /api/charge-points/ HTTP/1.1" 200 969
[29/Aug/2025 15:14:17] "GET /api/sessions/ HTTP/1.1" 200 9733
[29/Aug/2025 15:14:17] "POST /api/auth/logout/ HTTP/1.1" 200 30
[29/Aug/2025 15:14:38] "POST /api/auth/login/ HTTP/1.1" 200 537
[29/Aug/2025 15:14:38] "GET /api/me/ HTTP/1.1" 200 133
[29/Aug/2025 15:14:39] "OPTIONS /api/public/charge-points/ HTTP/1.1" 200 0
[29/Aug/2025 15:14:39] "GET /api/public/charge-points/ HTTP/1.1" 200 2391
[29/Aug/2025 15:16:41] "GET /api/charge-points/ HTTP/1.1" 200 1898
[29/Aug/2025 15:16:56] "GET /api/public/charge-points/ HTTP/1.1" 200 2391
[29/Aug/2025 15:18:05] "OPTIONS /api/public/charge-points/YES/ HTTP/1.1" 200 0
[29/Aug/2025 15:18:05] "GET /api/public/charge-points/YES/ HTTP/1.1" 200 297
[29/Aug/2025 15:18:14] "OPTIONS /api/public/charge-points/YES/checkout/ HTTP/1.1" 200 0
Internal Server Error: /api/public/charge-points/YES/checkout/
Traceback (most recent call last):
  File "/root/evcsms/evcsms/.ocpp/lib/python3.13/site-packages/django/core/handlers/exception.py", line 55, in inner
    response = get_response(request)
  File "/root/evcsms/evcsms/.ocpp/lib/python3.13/site-packages/django/core/handlers/base.py", line 197, in _get_response
    response = wrapped_callback(request, *callback_args, **callback_kwargs)
  File "/root/evcsms/evcsms/.ocpp/lib/python3.13/site-packages/django/views/decorators/csrf.py", line 56, in wrapper_view
    return view_func(*args, **kwargs)
  File "/root/evcsms/evcsms/.ocpp/lib/python3.13/site-packages/django/views/generic/base.py", line 104, in view
    return self.dispatch(request, *args, **kwargs)
           ~~~~~~~~~~~~~^^^^^^^^^^^^^^^^^^^^^^^^^^
  File "/root/evcsms/evcsms/.ocpp/lib/python3.13/site-packages/rest_framework/views.py", line 509, in dispatch
    response = self.handle_exception(exc)
  File "/root/evcsms/evcsms/.ocpp/lib/python3.13/site-packages/rest_framework/views.py", line 469, in handle_exception
    self.raise_uncaught_exception(exc)
    ~~~~~~~~~~~~~~~~~~~~~~~~~~~~~^^^^^
  File "/root/evcsms/evcsms/.ocpp/lib/python3.13/site-packages/rest_framework/views.py", line 480, in raise_uncaught_exception
    raise exc
  File "/root/evcsms/evcsms/.ocpp/lib/python3.13/site-packages/rest_framework/views.py", line 506, in dispatch
    response = handler(request, *args, **kwargs)
  File "/root/evcsms/evcsms/csms/views.py", line 201, in post
    session = stripe.checkout.Session.create(
        mode="payment",
    ...<15 lines>...
        }
    )
  File "/root/evcsms/evcsms/.ocpp/lib/python3.13/site-packages/stripe/checkout/_session.py", line 5019, in create
    cls._static_request(
    ~~~~~~~~~~~~~~~~~~~^
        "post",
        ^^^^^^^
        cls.class_url(),
        ^^^^^^^^^^^^^^^^
        params=params,
        ^^^^^^^^^^^^^^
    ),
    ^
  File "/root/evcsms/evcsms/.ocpp/lib/python3.13/site-packages/stripe/_api_resource.py", line 172, in _static_request
    return _APIRequestor._global_instance().request(
           ~~~~~~~~~~~~~~~~~~~~~~~~~~~~~~~~~~~~~~~~^
        method_,
        ^^^^^^^^
    ...<3 lines>...
        base_address=base_address,
        ^^^^^^^^^^^^^^^^^^^^^^^^^^
    )
    ^
  File "/root/evcsms/evcsms/.ocpp/lib/python3.13/site-packages/stripe/_api_requestor.py", line 197, in request
    resp = requestor._interpret_response(rbody, rcode, rheaders, api_mode)
  File "/root/evcsms/evcsms/.ocpp/lib/python3.13/site-packages/stripe/_api_requestor.py", line 853, in _interpret_response
    self.handle_error_response(
    ~~~~~~~~~~~~~~~~~~~~~~~~~~^
        rbody, rcode, resp.data, rheaders, api_mode
        ^^^^^^^^^^^^^^^^^^^^^^^^^^^^^^^^^^^^^^^^^^^
    )
    ^
  File "/root/evcsms/evcsms/.ocpp/lib/python3.13/site-packages/stripe/_api_requestor.py", line 336, in handle_error_response
    raise err
stripe._error.AuthenticationError: You did not provide an API key. You need to provide your API key in the Authorization header, using Bearer auth (e.g. 'Authorization: Bearer YOUR_SECRET_KEY'). See https://stripe.com/docs/api#authentication for details, or we can help at https://support.stripe.com/.
[29/Aug/2025 15:18:14] "POST /api/public/charge-points/YES/checkout/ HTTP/1.1" 500 124455
[29/Aug/2025 15:18:50] "GET /api/me/ HTTP/1.1" 200 133
[29/Aug/2025 15:18:52] "GET /api/public/charge-points/YES/ HTTP/1.1" 200 297
Internal Server Error: /api/public/charge-points/YES/checkout/
Traceback (most recent call last):
  File "/root/evcsms/evcsms/.ocpp/lib/python3.13/site-packages/django/core/handlers/exception.py", line 55, in inner
    response = get_response(request)
  File "/root/evcsms/evcsms/.ocpp/lib/python3.13/site-packages/django/core/handlers/base.py", line 197, in _get_response
    response = wrapped_callback(request, *callback_args, **callback_kwargs)
  File "/root/evcsms/evcsms/.ocpp/lib/python3.13/site-packages/django/views/decorators/csrf.py", line 56, in wrapper_view
    return view_func(*args, **kwargs)
  File "/root/evcsms/evcsms/.ocpp/lib/python3.13/site-packages/django/views/generic/base.py", line 104, in view
    return self.dispatch(request, *args, **kwargs)
           ~~~~~~~~~~~~~^^^^^^^^^^^^^^^^^^^^^^^^^^
  File "/root/evcsms/evcsms/.ocpp/lib/python3.13/site-packages/rest_framework/views.py", line 509, in dispatch
    response = self.handle_exception(exc)
  File "/root/evcsms/evcsms/.ocpp/lib/python3.13/site-packages/rest_framework/views.py", line 469, in handle_exception
    self.raise_uncaught_exception(exc)
    ~~~~~~~~~~~~~~~~~~~~~~~~~~~~~^^^^^
  File "/root/evcsms/evcsms/.ocpp/lib/python3.13/site-packages/rest_framework/views.py", line 480, in raise_uncaught_exception
    raise exc
  File "/root/evcsms/evcsms/.ocpp/lib/python3.13/site-packages/rest_framework/views.py", line 506, in dispatch
    response = handler(request, *args, **kwargs)
  File "/root/evcsms/evcsms/csms/views.py", line 201, in post
    session = stripe.checkout.Session.create(
        mode="payment",
    ...<15 lines>...
        }
    )
  File "/root/evcsms/evcsms/.ocpp/lib/python3.13/site-packages/stripe/checkout/_session.py", line 5019, in create
    cls._static_request(
    ~~~~~~~~~~~~~~~~~~~^
        "post",
        ^^^^^^^
        cls.class_url(),
        ^^^^^^^^^^^^^^^^
        params=params,
        ^^^^^^^^^^^^^^
    ),
    ^
  File "/root/evcsms/evcsms/.ocpp/lib/python3.13/site-packages/stripe/_api_resource.py", line 172, in _static_request
    return _APIRequestor._global_instance().request(
           ~~~~~~~~~~~~~~~~~~~~~~~~~~~~~~~~~~~~~~~~^
        method_,
        ^^^^^^^^
    ...<3 lines>...
        base_address=base_address,
        ^^^^^^^^^^^^^^^^^^^^^^^^^^
    )
    ^
  File "/root/evcsms/evcsms/.ocpp/lib/python3.13/site-packages/stripe/_api_requestor.py", line 197, in request
    resp = requestor._interpret_response(rbody, rcode, rheaders, api_mode)
  File "/root/evcsms/evcsms/.ocpp/lib/python3.13/site-packages/stripe/_api_requestor.py", line 853, in _interpret_response
    self.handle_error_response(
    ~~~~~~~~~~~~~~~~~~~~~~~~~~^
        rbody, rcode, resp.data, rheaders, api_mode
        ^^^^^^^^^^^^^^^^^^^^^^^^^^^^^^^^^^^^^^^^^^^
    )
    ^
  File "/root/evcsms/evcsms/.ocpp/lib/python3.13/site-packages/stripe/_api_requestor.py", line 336, in handle_error_response
    raise err
stripe._error.AuthenticationError: You did not provide an API key. You need to provide your API key in the Authorization header, using Bearer auth (e.g. 'Authorization: Bearer YOUR_SECRET_KEY'). See https://stripe.com/docs/api#authentication for details, or we can help at https://support.stripe.com/.
[29/Aug/2025 15:18:54] "POST /api/public/charge-points/YES/checkout/ HTTP/1.1" 500 124455
[29/Aug/2025 15:20:14] "GET /api/public/charge-points/ HTTP/1.1" 200 2391
[29/Aug/2025 15:20:17] "GET /api/charge-points/ HTTP/1.1" 200 1898
[29/Aug/2025 15:20:19] "GET /api/public/charge-points/ HTTP/1.1" 200 2391
[29/Aug/2025 15:20:21] "GET /api/charge-points/ HTTP/1.1" 200 1898
[29/Aug/2025 15:20:23] "GET /api/public/charge-points/ HTTP/1.1" 200 2391
[29/Aug/2025 15:20:48] "OPTIONS /api/transactions/ HTTP/1.1" 200 0
Not Found: /api/transactions/
[29/Aug/2025 15:20:48] "GET /api/transactions/ HTTP/1.1" 404 5876
[29/Aug/2025 15:20:52] "GET /api/public/charge-points/ HTTP/1.1" 200 2391
Not Found: /api/transactions/
[29/Aug/2025 15:21:00] "GET /api/transactions/ HTTP/1.1" 404 5876
[29/Aug/2025 15:21:14] "GET /api/public/charge-points/ HTTP/1.1" 200 2391
[29/Aug/2025 15:23:14] "GET /api/charge-points/ HTTP/1.1" 200 1898
[29/Aug/2025 15:23:16] "GET /api/public/charge-points/ HTTP/1.1" 200 2391
[29/Aug/2025 15:23:34] "GET /api/charge-points/ HTTP/1.1" 200 1898
[29/Aug/2025 15:23:36] "GET /api/public/charge-points/ HTTP/1.1" 200 2391
Not Found: /api/transactions/
[29/Aug/2025 15:25:13] "GET /api/transactions/ HTTP/1.1" 404 5876
[29/Aug/2025 15:25:32] "GET /api/public/charge-points/ HTTP/1.1" 200 2391
[29/Aug/2025 15:25:33] "GET /api/charge-points/ HTTP/1.1" 200 1898
[29/Aug/2025 15:25:36] "GET /api/charge-points/ HTTP/1.1" 200 1898
[29/Aug/2025 15:25:46] "GET /api/public/charge-points/ HTTP/1.1" 200 2391
[29/Aug/2025 15:25:55] "GET /api/charge-points/ HTTP/1.1" 200 1898
[29/Aug/2025 15:25:57] "GET /api/public/charge-points/ HTTP/1.1" 200 2391
Not Found: /api/transactions/
[29/Aug/2025 15:26:44] "GET /api/transactions/ HTTP/1.1" 404 5876
[29/Aug/2025 15:26:55] "GET /api/public/charge-points/ HTTP/1.1" 200 2391
[29/Aug/2025 15:31:32] "GET /api/public/charge-points/ HTTP/1.1" 200 2391
[29/Aug/2025 15:31:35] "POST /api/auth/logout/ HTTP/1.1" 200 30
Unauthorized: /api/auth/login/
[29/Aug/2025 15:32:15] "POST /api/auth/login/ HTTP/1.1" 401 63
[29/Aug/2025 15:32:22] "POST /api/auth/login/ HTTP/1.1" 200 563
[29/Aug/2025 15:32:22] "GET /api/me/ HTTP/1.1" 200 198
[29/Aug/2025 15:32:22] "GET /api/me/ HTTP/1.1" 200 198
[29/Aug/2025 15:32:22] "GET /api/charge-points/ HTTP/1.1" 200 969
[29/Aug/2025 15:32:23] "GET /api/sessions/ HTTP/1.1" 200 9731
[29/Aug/2025 15:32:27] "GET /api/charge-points/ HTTP/1.1" 200 969
[29/Aug/2025 15:32:27] "GET /api/sessions/ HTTP/1.1" 200 9728
[29/Aug/2025 15:32:32] "GET /api/charge-points/ HTTP/1.1" 200 969
[29/Aug/2025 15:32:32] "GET /api/sessions/ HTTP/1.1" 200 9729
[29/Aug/2025 15:32:37] "GET /api/charge-points/ HTTP/1.1" 200 969
[29/Aug/2025 15:32:37] "GET /api/sessions/ HTTP/1.1" 200 9732
[29/Aug/2025 15:32:42] "GET /api/charge-points/ HTTP/1.1" 200 969
[29/Aug/2025 15:32:42] "GET /api/sessions/ HTTP/1.1" 200 9727
[29/Aug/2025 15:32:47] "GET /api/charge-points/ HTTP/1.1" 200 969
[29/Aug/2025 15:32:47] "GET /api/sessions/ HTTP/1.1" 200 9730
[29/Aug/2025 15:32:52] "GET /api/charge-points/ HTTP/1.1" 200 969
[29/Aug/2025 15:32:52] "GET /api/sessions/ HTTP/1.1" 200 9731
[29/Aug/2025 15:32:57] "GET /api/charge-points/ HTTP/1.1" 200 969
[29/Aug/2025 15:32:57] "GET /api/sessions/ HTTP/1.1" 200 9728
[29/Aug/2025 15:33:02] "GET /api/charge-points/ HTTP/1.1" 200 969
[29/Aug/2025 15:33:02] "GET /api/sessions/ HTTP/1.1" 200 9729
[29/Aug/2025 15:33:07] "GET /api/charge-points/ HTTP/1.1" 200 969
[29/Aug/2025 15:33:07] "GET /api/sessions/ HTTP/1.1" 200 9732
[29/Aug/2025 15:33:12] "GET /api/charge-points/ HTTP/1.1" 200 969
[29/Aug/2025 15:33:12] "GET /api/sessions/ HTTP/1.1" 200 9727
[29/Aug/2025 15:33:17] "GET /api/charge-points/ HTTP/1.1" 200 969
[29/Aug/2025 15:33:17] "GET /api/sessions/ HTTP/1.1" 200 9730
[29/Aug/2025 15:33:22] "GET /api/charge-points/ HTTP/1.1" 200 969
[29/Aug/2025 15:33:22] "GET /api/sessions/ HTTP/1.1" 200 9731
[29/Aug/2025 15:33:27] "GET /api/charge-points/ HTTP/1.1" 200 969
[29/Aug/2025 15:33:27] "GET /api/sessions/ HTTP/1.1" 200 9728
[29/Aug/2025 15:33:32] "GET /api/charge-points/ HTTP/1.1" 200 969
[29/Aug/2025 15:33:32] "GET /api/sessions/ HTTP/1.1" 200 9729
[29/Aug/2025 15:33:37] "GET /api/charge-points/ HTTP/1.1" 200 969
[29/Aug/2025 15:33:37] "GET /api/sessions/ HTTP/1.1" 200 9732
[29/Aug/2025 15:33:42] "GET /api/charge-points/ HTTP/1.1" 200 969
[29/Aug/2025 15:33:42] "GET /api/sessions/ HTTP/1.1" 200 9727
[29/Aug/2025 15:33:47] "GET /api/charge-points/ HTTP/1.1" 200 969
[29/Aug/2025 15:33:47] "GET /api/sessions/ HTTP/1.1" 200 9730
[29/Aug/2025 15:33:52] "GET /api/charge-points/ HTTP/1.1" 200 969
[29/Aug/2025 15:33:52] "GET /api/sessions/ HTTP/1.1" 200 9731
[29/Aug/2025 15:33:57] "GET /api/charge-points/ HTTP/1.1" 200 969
[29/Aug/2025 15:33:57] "GET /api/sessions/ HTTP/1.1" 200 9728
[29/Aug/2025 15:34:02] "GET /api/charge-points/ HTTP/1.1" 200 969
[29/Aug/2025 15:34:02] "GET /api/sessions/ HTTP/1.1" 200 9729
[29/Aug/2025 15:34:07] "GET /api/charge-points/ HTTP/1.1" 200 969
[29/Aug/2025 15:34:07] "GET /api/sessions/ HTTP/1.1" 200 9732
[29/Aug/2025 15:34:12] "GET /api/charge-points/ HTTP/1.1" 200 969
[29/Aug/2025 15:34:12] "GET /api/sessions/ HTTP/1.1" 200 9727
[29/Aug/2025 15:34:17] "GET /api/charge-points/ HTTP/1.1" 200 969
[29/Aug/2025 15:34:17] "GET /api/sessions/ HTTP/1.1" 200 9730
[29/Aug/2025 15:34:22] "GET /api/charge-points/ HTTP/1.1" 200 969
[29/Aug/2025 15:34:22] "GET /api/sessions/ HTTP/1.1" 200 9731
[29/Aug/2025 15:34:27] "GET /api/charge-points/ HTTP/1.1" 200 969
[29/Aug/2025 15:34:27] "GET /api/sessions/ HTTP/1.1" 200 9728
[29/Aug/2025 15:34:32] "GET /api/charge-points/ HTTP/1.1" 200 969
[29/Aug/2025 15:34:32] "GET /api/sessions/ HTTP/1.1" 200 9729
[29/Aug/2025 15:34:37] "GET /api/charge-points/ HTTP/1.1" 200 969
[29/Aug/2025 15:34:37] "GET /api/sessions/ HTTP/1.1" 200 9732
[29/Aug/2025 15:34:42] "GET /api/charge-points/ HTTP/1.1" 200 969
[29/Aug/2025 15:34:42] "GET /api/sessions/ HTTP/1.1" 200 9727
[29/Aug/2025 15:34:47] "GET /api/charge-points/ HTTP/1.1" 200 969
[29/Aug/2025 15:34:47] "GET /api/sessions/ HTTP/1.1" 200 9730
[29/Aug/2025 15:34:52] "GET /api/charge-points/ HTTP/1.1" 200 969
[29/Aug/2025 15:34:52] "GET /api/sessions/ HTTP/1.1" 200 9731
[29/Aug/2025 15:34:57] "GET /api/charge-points/ HTTP/1.1" 200 969
[29/Aug/2025 15:34:57] "GET /api/sessions/ HTTP/1.1" 200 9728
[29/Aug/2025 15:35:02] "GET /api/charge-points/ HTTP/1.1" 200 969
[29/Aug/2025 15:35:02] "GET /api/sessions/ HTTP/1.1" 200 9729
[29/Aug/2025 15:35:07] "GET /api/charge-points/ HTTP/1.1" 200 969
[29/Aug/2025 15:35:07] "GET /api/sessions/ HTTP/1.1" 200 9732
[29/Aug/2025 15:35:12] "GET /api/charge-points/ HTTP/1.1" 200 969
[29/Aug/2025 15:35:12] "GET /api/sessions/ HTTP/1.1" 200 9727
[29/Aug/2025 15:35:17] "GET /api/charge-points/ HTTP/1.1" 200 969
[29/Aug/2025 15:35:17] "GET /api/sessions/ HTTP/1.1" 200 9730
[29/Aug/2025 15:35:22] "GET /api/charge-points/ HTTP/1.1" 200 969
[29/Aug/2025 15:35:22] "GET /api/sessions/ HTTP/1.1" 200 9731
[29/Aug/2025 15:35:27] "GET /api/charge-points/ HTTP/1.1" 200 969
[29/Aug/2025 15:35:27] "GET /api/sessions/ HTTP/1.1" 200 9728
[29/Aug/2025 15:35:32] "GET /api/charge-points/ HTTP/1.1" 200 969
[29/Aug/2025 15:35:32] "GET /api/sessions/ HTTP/1.1" 200 9729
[29/Aug/2025 15:35:37] "GET /api/charge-points/ HTTP/1.1" 200 969
[29/Aug/2025 15:35:37] "GET /api/sessions/ HTTP/1.1" 200 9732
[29/Aug/2025 15:35:42] "GET /api/charge-points/ HTTP/1.1" 200 969
[29/Aug/2025 15:35:42] "GET /api/sessions/ HTTP/1.1" 200 9727
[29/Aug/2025 15:35:47] "GET /api/charge-points/ HTTP/1.1" 200 969
[29/Aug/2025 15:35:47] "GET /api/sessions/ HTTP/1.1" 200 9730
[29/Aug/2025 15:35:52] "GET /api/charge-points/ HTTP/1.1" 200 969
[29/Aug/2025 15:35:52] "GET /api/sessions/ HTTP/1.1" 200 9731
[29/Aug/2025 15:35:58] "GET /api/charge-points/ HTTP/1.1" 200 969
[29/Aug/2025 15:35:58] "GET /api/sessions/ HTTP/1.1" 200 9728
[29/Aug/2025 15:36:02] "GET /api/charge-points/ HTTP/1.1" 200 969
[29/Aug/2025 15:36:02] "GET /api/sessions/ HTTP/1.1" 200 9729
[29/Aug/2025 15:36:07] "GET /api/charge-points/ HTTP/1.1" 200 969
[29/Aug/2025 15:36:07] "GET /api/sessions/ HTTP/1.1" 200 9732
[29/Aug/2025 15:36:12] "GET /api/charge-points/ HTTP/1.1" 200 969
[29/Aug/2025 15:36:12] "GET /api/sessions/ HTTP/1.1" 200 9727
[29/Aug/2025 15:36:17] "GET /api/charge-points/ HTTP/1.1" 200 969
[29/Aug/2025 15:36:17] "GET /api/sessions/ HTTP/1.1" 200 9730
[29/Aug/2025 15:36:22] "GET /api/charge-points/ HTTP/1.1" 200 969
[29/Aug/2025 15:36:22] "GET /api/sessions/ HTTP/1.1" 200 9731
[29/Aug/2025 15:36:27] "GET /api/charge-points/ HTTP/1.1" 200 969
[29/Aug/2025 15:36:27] "GET /api/sessions/ HTTP/1.1" 200 9728
[29/Aug/2025 15:36:32] "GET /api/charge-points/ HTTP/1.1" 200 969
[29/Aug/2025 15:36:32] "GET /api/sessions/ HTTP/1.1" 200 9729
[29/Aug/2025 15:36:38] "GET /api/charge-points/ HTTP/1.1" 200 969
[29/Aug/2025 15:36:38] "GET /api/sessions/ HTTP/1.1" 200 9732
[29/Aug/2025 15:36:42] "GET /api/charge-points/ HTTP/1.1" 200 969
[29/Aug/2025 15:36:42] "GET /api/sessions/ HTTP/1.1" 200 9727
[29/Aug/2025 15:36:47] "GET /api/charge-points/ HTTP/1.1" 200 969
[29/Aug/2025 15:36:47] "GET /api/sessions/ HTTP/1.1" 200 9730
[29/Aug/2025 15:36:52] "GET /api/charge-points/ HTTP/1.1" 200 969
[29/Aug/2025 15:36:52] "GET /api/sessions/ HTTP/1.1" 200 9731
[29/Aug/2025 15:36:57] "GET /api/charge-points/ HTTP/1.1" 200 969
[29/Aug/2025 15:36:57] "GET /api/sessions/ HTTP/1.1" 200 9728
[29/Aug/2025 15:37:03] "GET /api/charge-points/ HTTP/1.1" 200 969
[29/Aug/2025 15:37:03] "GET /api/sessions/ HTTP/1.1" 200 9729
[29/Aug/2025 15:37:08] "GET /api/charge-points/ HTTP/1.1" 200 969
[29/Aug/2025 15:37:08] "GET /api/sessions/ HTTP/1.1" 200 9732
[29/Aug/2025 15:37:12] "GET /api/charge-points/ HTTP/1.1" 200 969
[29/Aug/2025 15:37:12] "GET /api/sessions/ HTTP/1.1" 200 9727
[29/Aug/2025 15:37:17] "GET /api/charge-points/ HTTP/1.1" 200 969
[29/Aug/2025 15:37:17] "GET /api/sessions/ HTTP/1.1" 200 9730
[29/Aug/2025 15:37:22] "GET /api/charge-points/ HTTP/1.1" 200 969
[29/Aug/2025 15:37:22] "GET /api/sessions/ HTTP/1.1" 200 9731
[29/Aug/2025 15:37:27] "GET /api/charge-points/ HTTP/1.1" 200 969
[29/Aug/2025 15:37:27] "GET /api/sessions/ HTTP/1.1" 200 9728
[29/Aug/2025 15:37:32] "GET /api/charge-points/ HTTP/1.1" 200 969
[29/Aug/2025 15:37:32] "GET /api/sessions/ HTTP/1.1" 200 9729
[29/Aug/2025 15:37:37] "GET /api/charge-points/ HTTP/1.1" 200 969
[29/Aug/2025 15:37:37] "GET /api/sessions/ HTTP/1.1" 200 9732
[29/Aug/2025 15:37:42] "GET /api/charge-points/ HTTP/1.1" 200 969
[29/Aug/2025 15:37:42] "GET /api/sessions/ HTTP/1.1" 200 9727
[29/Aug/2025 15:37:47] "GET /api/charge-points/ HTTP/1.1" 200 969
[29/Aug/2025 15:37:47] "GET /api/sessions/ HTTP/1.1" 200 9730
[29/Aug/2025 15:37:53] "GET /api/charge-points/ HTTP/1.1" 200 969
[29/Aug/2025 15:37:53] "GET /api/sessions/ HTTP/1.1" 200 9731
[29/Aug/2025 15:37:57] "GET /api/charge-points/ HTTP/1.1" 200 969
[29/Aug/2025 15:37:57] "GET /api/sessions/ HTTP/1.1" 200 9728
[29/Aug/2025 15:38:02] "GET /api/charge-points/ HTTP/1.1" 200 969
[29/Aug/2025 15:38:02] "GET /api/sessions/ HTTP/1.1" 200 9729
[29/Aug/2025 15:38:07] "GET /api/charge-points/ HTTP/1.1" 200 969
[29/Aug/2025 15:38:07] "GET /api/sessions/ HTTP/1.1" 200 9732
[29/Aug/2025 15:38:12] "GET /api/charge-points/ HTTP/1.1" 200 969
[29/Aug/2025 15:38:12] "GET /api/sessions/ HTTP/1.1" 200 9727
[29/Aug/2025 15:38:17] "GET /api/charge-points/ HTTP/1.1" 200 969
[29/Aug/2025 15:38:17] "GET /api/sessions/ HTTP/1.1" 200 9730
[29/Aug/2025 15:38:22] "GET /api/charge-points/ HTTP/1.1" 200 969
[29/Aug/2025 15:38:22] "GET /api/sessions/ HTTP/1.1" 200 9731
[29/Aug/2025 15:38:27] "GET /api/charge-points/ HTTP/1.1" 200 969
[29/Aug/2025 15:38:27] "GET /api/sessions/ HTTP/1.1" 200 9728
[29/Aug/2025 15:38:32] "GET /api/charge-points/ HTTP/1.1" 200 969
[29/Aug/2025 15:38:32] "GET /api/sessions/ HTTP/1.1" 200 9729
[29/Aug/2025 15:38:37] "GET /api/charge-points/ HTTP/1.1" 200 969
[29/Aug/2025 15:38:37] "GET /api/sessions/ HTTP/1.1" 200 9732
[29/Aug/2025 15:38:43] "GET /api/charge-points/ HTTP/1.1" 200 969
[29/Aug/2025 15:38:43] "GET /api/sessions/ HTTP/1.1" 200 9733
[29/Aug/2025 15:38:48] "GET /api/charge-points/ HTTP/1.1" 200 969
[29/Aug/2025 15:38:48] "GET /api/sessions/ HTTP/1.1" 200 9733
[29/Aug/2025 15:38:53] "GET /api/charge-points/ HTTP/1.1" 200 969
[29/Aug/2025 15:38:53] "GET /api/sessions/ HTTP/1.1" 200 9733
[29/Aug/2025 15:38:58] "GET /api/charge-points/ HTTP/1.1" 200 969
[29/Aug/2025 15:38:58] "GET /api/sessions/ HTTP/1.1" 200 9733
[29/Aug/2025 15:39:03] "GET /api/charge-points/ HTTP/1.1" 200 969
[29/Aug/2025 15:39:03] "GET /api/sessions/ HTTP/1.1" 200 9733
[29/Aug/2025 15:39:08] "GET /api/charge-points/ HTTP/1.1" 200 969
[29/Aug/2025 15:39:08] "GET /api/sessions/ HTTP/1.1" 200 9733
[29/Aug/2025 15:39:13] "GET /api/charge-points/ HTTP/1.1" 200 969
[29/Aug/2025 15:39:13] "GET /api/sessions/ HTTP/1.1" 200 9733
[29/Aug/2025 15:39:18] "GET /api/charge-points/ HTTP/1.1" 200 969
[29/Aug/2025 15:39:18] "GET /api/sessions/ HTTP/1.1" 200 9733
[29/Aug/2025 15:39:23] "GET /api/charge-points/ HTTP/1.1" 200 969
[29/Aug/2025 15:39:23] "GET /api/sessions/ HTTP/1.1" 200 9733
[29/Aug/2025 15:39:28] "GET /api/charge-points/ HTTP/1.1" 200 969
[29/Aug/2025 15:39:28] "GET /api/sessions/ HTTP/1.1" 200 9733
[29/Aug/2025 15:39:33] "GET /api/charge-points/ HTTP/1.1" 200 969
[29/Aug/2025 15:39:33] "GET /api/sessions/ HTTP/1.1" 200 9733
[29/Aug/2025 15:39:38] "GET /api/charge-points/ HTTP/1.1" 200 969
[29/Aug/2025 15:39:38] "GET /api/sessions/ HTTP/1.1" 200 9733
[29/Aug/2025 15:40:31] "GET /api/charge-points/ HTTP/1.1" 200 969
[29/Aug/2025 15:40:31] "GET /api/sessions/ HTTP/1.1" 200 9733
[29/Aug/2025 15:41:31] "GET /api/charge-points/ HTTP/1.1" 200 969
[29/Aug/2025 15:41:31] "GET /api/sessions/ HTTP/1.1" 200 9733
[29/Aug/2025 15:42:12] "GET /api/charge-points/ HTTP/1.1" 200 969
[29/Aug/2025 15:42:12] "GET /api/sessions/ HTTP/1.1" 200 9730
[29/Aug/2025 15:42:12] "GET /api/charge-points/ HTTP/1.1" 200 969
[29/Aug/2025 15:42:12] "GET /api/sessions/ HTTP/1.1" 200 9727
[29/Aug/2025 15:42:17] "GET /api/charge-points/ HTTP/1.1" 200 969
[29/Aug/2025 15:42:17] "GET /api/sessions/ HTTP/1.1" 200 9730
[29/Aug/2025 15:42:18] "GET /api/charge-points/ HTTP/1.1" 200 969
[29/Aug/2025 15:42:23] "GET /api/me/ HTTP/1.1" 200 198
[29/Aug/2025 15:42:24] "GET /api/charge-points/ HTTP/1.1" 200 969
[29/Aug/2025 15:42:24] "GET /api/sessions/ HTTP/1.1" 200 9729
[29/Aug/2025 15:42:29] "GET /api/charge-points/ HTTP/1.1" 200 969
[29/Aug/2025 15:42:29] "GET /api/sessions/ HTTP/1.1" 200 9732
[29/Aug/2025 15:42:31] "GET /api/charge-points/ HTTP/1.1" 200 969
[29/Aug/2025 15:42:42] "GET /api/me/ HTTP/1.1" 200 198
[29/Aug/2025 15:42:42] "GET /api/charge-points/ HTTP/1.1" 200 969
[29/Aug/2025 15:42:42] "GET /api/sessions/ HTTP/1.1" 200 9733
[29/Aug/2025 15:42:47] "GET /api/charge-points/ HTTP/1.1" 200 969
[29/Aug/2025 15:42:47] "GET /api/sessions/ HTTP/1.1" 200 9733
[29/Aug/2025 15:42:52] "GET /api/charge-points/ HTTP/1.1" 200 969
[29/Aug/2025 15:42:52] "GET /api/sessions/ HTTP/1.1" 200 9733
[29/Aug/2025 15:42:57] "GET /api/sessions/ HTTP/1.1" 200 9733
[29/Aug/2025 15:42:57] "GET /api/charge-points/ HTTP/1.1" 200 969
[29/Aug/2025 15:43:02] "GET /api/charge-points/ HTTP/1.1" 200 969
[29/Aug/2025 15:43:02] "GET /api/sessions/ HTTP/1.1" 200 9733
[29/Aug/2025 15:43:07] "GET /api/charge-points/ HTTP/1.1" 200 969
[29/Aug/2025 15:43:07] "GET /api/sessions/ HTTP/1.1" 200 9733
[29/Aug/2025 15:43:12] "GET /api/charge-points/ HTTP/1.1" 200 969
[29/Aug/2025 15:43:12] "GET /api/sessions/ HTTP/1.1" 200 9733
[29/Aug/2025 15:43:17] "GET /api/charge-points/ HTTP/1.1" 200 969
[29/Aug/2025 15:43:17] "GET /api/sessions/ HTTP/1.1" 200 9733
[29/Aug/2025 15:43:22] "GET /api/charge-points/ HTTP/1.1" 200 969
[29/Aug/2025 15:43:22] "GET /api/sessions/ HTTP/1.1" 200 9733
[29/Aug/2025 15:43:27] "GET /api/charge-points/ HTTP/1.1" 200 969
[29/Aug/2025 15:43:27] "GET /api/sessions/ HTTP/1.1" 200 9733
[29/Aug/2025 15:43:32] "GET /api/sessions/ HTTP/1.1" 200 9733
[29/Aug/2025 15:43:32] "GET /api/charge-points/ HTTP/1.1" 200 969
[29/Aug/2025 15:43:37] "GET /api/charge-points/ HTTP/1.1" 200 969
[29/Aug/2025 15:43:37] "GET /api/sessions/ HTTP/1.1" 200 9733
[29/Aug/2025 15:43:42] "GET /api/charge-points/ HTTP/1.1" 200 969
[29/Aug/2025 15:43:42] "GET /api/sessions/ HTTP/1.1" 200 9733
[29/Aug/2025 15:43:47] "GET /api/charge-points/ HTTP/1.1" 200 969
[29/Aug/2025 15:43:47] "GET /api/sessions/ HTTP/1.1" 200 9733
[29/Aug/2025 15:43:52] "GET /api/charge-points/ HTTP/1.1" 200 969
[29/Aug/2025 15:43:52] "GET /api/sessions/ HTTP/1.1" 200 9733
[29/Aug/2025 15:43:57] "GET /api/charge-points/ HTTP/1.1" 200 969
[29/Aug/2025 15:43:57] "GET /api/sessions/ HTTP/1.1" 200 9733
[29/Aug/2025 15:44:02] "GET /api/charge-points/ HTTP/1.1" 200 969
[29/Aug/2025 15:44:02] "GET /api/sessions/ HTTP/1.1" 200 9733
[29/Aug/2025 15:44:07] "GET /api/charge-points/ HTTP/1.1" 200 969
[29/Aug/2025 15:44:07] "GET /api/sessions/ HTTP/1.1" 200 9733
[29/Aug/2025 15:44:12] "GET /api/charge-points/ HTTP/1.1" 200 969
[29/Aug/2025 15:44:12] "GET /api/sessions/ HTTP/1.1" 200 9733
[29/Aug/2025 15:44:17] "GET /api/charge-points/ HTTP/1.1" 200 969
[29/Aug/2025 15:44:17] "GET /api/sessions/ HTTP/1.1" 200 9733
[29/Aug/2025 15:44:22] "GET /api/charge-points/ HTTP/1.1" 200 969
[29/Aug/2025 15:44:22] "GET /api/sessions/ HTTP/1.1" 200 9733
[29/Aug/2025 15:44:27] "GET /api/charge-points/ HTTP/1.1" 200 969
[29/Aug/2025 15:44:27] "GET /api/sessions/ HTTP/1.1" 200 9733
[29/Aug/2025 15:44:32] "GET /api/charge-points/ HTTP/1.1" 200 969
[29/Aug/2025 15:44:32] "GET /api/sessions/ HTTP/1.1" 200 9733
[29/Aug/2025 15:44:37] "GET /api/charge-points/ HTTP/1.1" 200 969
[29/Aug/2025 15:44:37] "GET /api/sessions/ HTTP/1.1" 200 9733
[29/Aug/2025 15:44:43] "GET /api/charge-points/ HTTP/1.1" 200 969
[29/Aug/2025 15:44:43] "GET /api/sessions/ HTTP/1.1" 200 9733
[29/Aug/2025 15:44:48] "GET /api/charge-points/ HTTP/1.1" 200 969
[29/Aug/2025 15:44:48] "GET /api/sessions/ HTTP/1.1" 200 9733
[29/Aug/2025 15:44:53] "GET /api/charge-points/ HTTP/1.1" 200 969
[29/Aug/2025 15:44:53] "GET /api/sessions/ HTTP/1.1" 200 9733
[29/Aug/2025 15:44:58] "GET /api/charge-points/ HTTP/1.1" 200 969
[29/Aug/2025 15:44:58] "GET /api/sessions/ HTTP/1.1" 200 9733
[29/Aug/2025 15:45:03] "GET /api/charge-points/ HTTP/1.1" 200 969
[29/Aug/2025 15:45:03] "GET /api/sessions/ HTTP/1.1" 200 9733
[29/Aug/2025 15:45:08] "GET /api/charge-points/ HTTP/1.1" 200 969
[29/Aug/2025 15:45:08] "GET /api/sessions/ HTTP/1.1" 200 9733
[29/Aug/2025 15:45:13] "GET /api/sessions/ HTTP/1.1" 200 9733
[29/Aug/2025 15:45:13] "GET /api/charge-points/ HTTP/1.1" 200 969
[29/Aug/2025 15:45:18] "GET /api/charge-points/ HTTP/1.1" 200 969
[29/Aug/2025 15:45:18] "GET /api/sessions/ HTTP/1.1" 200 9733
[29/Aug/2025 15:45:23] "GET /api/charge-points/ HTTP/1.1" 200 969
[29/Aug/2025 15:45:23] "GET /api/sessions/ HTTP/1.1" 200 9733
[29/Aug/2025 15:45:28] "GET /api/charge-points/ HTTP/1.1" 200 969
[29/Aug/2025 15:45:28] "GET /api/sessions/ HTTP/1.1" 200 9733
[29/Aug/2025 15:45:33] "GET /api/charge-points/ HTTP/1.1" 200 969
[29/Aug/2025 15:45:33] "GET /api/sessions/ HTTP/1.1" 200 9733
[29/Aug/2025 15:46:31] "GET /api/charge-points/ HTTP/1.1" 200 969
[29/Aug/2025 15:46:31] "GET /api/sessions/ HTTP/1.1" 200 9733
[29/Aug/2025 15:47:31] "GET /api/charge-points/ HTTP/1.1" 200 969
[29/Aug/2025 15:47:31] "GET /api/sessions/ HTTP/1.1" 200 9733
[29/Aug/2025 15:48:31] "GET /api/charge-points/ HTTP/1.1" 200 969
[29/Aug/2025 15:48:31] "GET /api/sessions/ HTTP/1.1" 200 9733
[29/Aug/2025 15:49:31] "GET /api/charge-points/ HTTP/1.1" 200 969
[29/Aug/2025 15:49:31] "GET /api/sessions/ HTTP/1.1" 200 9733
[29/Aug/2025 15:50:31] "GET /api/charge-points/ HTTP/1.1" 200 969
[29/Aug/2025 15:50:31] "GET /api/sessions/ HTTP/1.1" 200 9733
[29/Aug/2025 15:51:31] "GET /api/charge-points/ HTTP/1.1" 200 969
[29/Aug/2025 15:51:31] "GET /api/sessions/ HTTP/1.1" 200 9733
[29/Aug/2025 15:52:31] "GET /api/charge-points/ HTTP/1.1" 200 969
[29/Aug/2025 15:52:31] "GET /api/sessions/ HTTP/1.1" 200 9733
[29/Aug/2025 15:52:59] "GET /api/charge-points/ HTTP/1.1" 200 969
[29/Aug/2025 15:52:59] "GET /api/sessions/ HTTP/1.1" 200 9730
[29/Aug/2025 15:53:02] "GET /api/sessions/ HTTP/1.1" 200 9733
[29/Aug/2025 15:53:02] "GET /api/charge-points/ HTTP/1.1" 200 969
[29/Aug/2025 15:53:07] "GET /api/sessions/ HTTP/1.1" 200 9733
[29/Aug/2025 15:53:07] "GET /api/charge-points/ HTTP/1.1" 200 969
[29/Aug/2025 15:53:12] "GET /api/charge-points/ HTTP/1.1" 200 969
[29/Aug/2025 15:53:12] "GET /api/sessions/ HTTP/1.1" 200 9733
[29/Aug/2025 15:53:17] "GET /api/charge-points/ HTTP/1.1" 200 969
[29/Aug/2025 15:53:17] "GET /api/sessions/ HTTP/1.1" 200 9733
[29/Aug/2025 15:53:22] "GET /api/sessions/ HTTP/1.1" 200 9733
[29/Aug/2025 15:53:22] "GET /api/charge-points/ HTTP/1.1" 200 969
[29/Aug/2025 15:53:27] "GET /api/charge-points/ HTTP/1.1" 200 969
[29/Aug/2025 15:53:27] "GET /api/sessions/ HTTP/1.1" 200 9733
[29/Aug/2025 15:53:33] "GET /api/charge-points/ HTTP/1.1" 200 969
[29/Aug/2025 15:53:33] "GET /api/sessions/ HTTP/1.1" 200 9733
[29/Aug/2025 15:53:38] "GET /api/sessions/ HTTP/1.1" 200 9733
[29/Aug/2025 15:53:38] "GET /api/charge-points/ HTTP/1.1" 200 969
[29/Aug/2025 15:53:43] "GET /api/charge-points/ HTTP/1.1" 200 969
[29/Aug/2025 15:53:43] "GET /api/sessions/ HTTP/1.1" 200 9733
[29/Aug/2025 15:53:48] "GET /api/charge-points/ HTTP/1.1" 200 969
[29/Aug/2025 15:53:48] "GET /api/sessions/ HTTP/1.1" 200 9733
[29/Aug/2025 15:53:53] "GET /api/charge-points/ HTTP/1.1" 200 969
[29/Aug/2025 15:53:53] "GET /api/sessions/ HTTP/1.1" 200 9733
[29/Aug/2025 15:53:58] "GET /api/charge-points/ HTTP/1.1" 200 969
[29/Aug/2025 15:53:58] "GET /api/sessions/ HTTP/1.1" 200 9733
[29/Aug/2025 15:54:03] "GET /api/charge-points/ HTTP/1.1" 200 969
[29/Aug/2025 15:54:03] "GET /api/sessions/ HTTP/1.1" 200 9729
[29/Aug/2025 15:54:07] "GET /api/charge-points/ HTTP/1.1" 200 969
[29/Aug/2025 15:54:07] "GET /api/sessions/ HTTP/1.1" 200 9733
[29/Aug/2025 15:54:12] "GET /api/charge-points/ HTTP/1.1" 200 969
[29/Aug/2025 15:54:12] "GET /api/sessions/ HTTP/1.1" 200 9733
[29/Aug/2025 15:54:17] "GET /api/charge-points/ HTTP/1.1" 200 969
[29/Aug/2025 15:54:17] "GET /api/sessions/ HTTP/1.1" 200 9733
[29/Aug/2025 15:54:22] "GET /api/charge-points/ HTTP/1.1" 200 969
[29/Aug/2025 15:54:22] "GET /api/sessions/ HTTP/1.1" 200 9733
[29/Aug/2025 15:54:27] "GET /api/charge-points/ HTTP/1.1" 200 969
[29/Aug/2025 15:54:27] "GET /api/sessions/ HTTP/1.1" 200 9733
[29/Aug/2025 15:54:32] "GET /api/charge-points/ HTTP/1.1" 200 969
[29/Aug/2025 15:54:32] "GET /api/sessions/ HTTP/1.1" 200 9733
[29/Aug/2025 15:54:37] "GET /api/charge-points/ HTTP/1.1" 200 969
[29/Aug/2025 15:54:37] "GET /api/sessions/ HTTP/1.1" 200 9733
[29/Aug/2025 15:54:42] "GET /api/charge-points/ HTTP/1.1" 200 969
[29/Aug/2025 15:54:42] "GET /api/sessions/ HTTP/1.1" 200 9733
[29/Aug/2025 15:54:47] "GET /api/charge-points/ HTTP/1.1" 200 969
[29/Aug/2025 15:54:47] "GET /api/sessions/ HTTP/1.1" 200 9733
[29/Aug/2025 15:54:52] "GET /api/charge-points/ HTTP/1.1" 200 969
[29/Aug/2025 15:54:52] "GET /api/sessions/ HTTP/1.1" 200 9733
[29/Aug/2025 15:54:57] "GET /api/charge-points/ HTTP/1.1" 200 969
[29/Aug/2025 15:54:57] "GET /api/sessions/ HTTP/1.1" 200 9733
[29/Aug/2025 15:55:02] "GET /api/charge-points/ HTTP/1.1" 200 969
[29/Aug/2025 15:55:02] "GET /api/sessions/ HTTP/1.1" 200 9733
[29/Aug/2025 15:55:07] "GET /api/charge-points/ HTTP/1.1" 200 969
[29/Aug/2025 15:55:07] "GET /api/sessions/ HTTP/1.1" 200 9733
[29/Aug/2025 15:55:12] "GET /api/charge-points/ HTTP/1.1" 200 969
[29/Aug/2025 15:55:12] "GET /api/sessions/ HTTP/1.1" 200 9733
[29/Aug/2025 15:55:17] "GET /api/sessions/ HTTP/1.1" 200 9733
[29/Aug/2025 15:55:17] "GET /api/charge-points/ HTTP/1.1" 200 969
[29/Aug/2025 15:55:22] "GET /api/charge-points/ HTTP/1.1" 200 969
[29/Aug/2025 15:55:22] "GET /api/sessions/ HTTP/1.1" 200 9733
[29/Aug/2025 15:55:27] "GET /api/sessions/ HTTP/1.1" 200 9733
[29/Aug/2025 15:55:27] "GET /api/charge-points/ HTTP/1.1" 200 969
[29/Aug/2025 15:55:32] "GET /api/charge-points/ HTTP/1.1" 200 969
[29/Aug/2025 15:55:32] "GET /api/sessions/ HTTP/1.1" 200 9733
[29/Aug/2025 15:55:37] "GET /api/charge-points/ HTTP/1.1" 200 969
[29/Aug/2025 15:55:37] "GET /api/sessions/ HTTP/1.1" 200 9733
[29/Aug/2025 15:55:42] "GET /api/charge-points/ HTTP/1.1" 200 969
[29/Aug/2025 15:55:42] "GET /api/sessions/ HTTP/1.1" 200 9733
[29/Aug/2025 15:55:47] "GET /api/charge-points/ HTTP/1.1" 200 969
[29/Aug/2025 15:55:47] "GET /api/sessions/ HTTP/1.1" 200 9733
[29/Aug/2025 15:55:52] "GET /api/charge-points/ HTTP/1.1" 200 969
[29/Aug/2025 15:55:52] "GET /api/sessions/ HTTP/1.1" 200 9733
[29/Aug/2025 15:55:57] "GET /api/charge-points/ HTTP/1.1" 200 969
[29/Aug/2025 15:55:57] "GET /api/sessions/ HTTP/1.1" 200 9733
[29/Aug/2025 15:56:02] "GET /api/charge-points/ HTTP/1.1" 200 969
[29/Aug/2025 15:56:02] "GET /api/sessions/ HTTP/1.1" 200 9733
[29/Aug/2025 15:56:07] "GET /api/charge-points/ HTTP/1.1" 200 969
[29/Aug/2025 15:56:07] "GET /api/sessions/ HTTP/1.1" 200 9733
[29/Aug/2025 15:56:12] "GET /api/charge-points/ HTTP/1.1" 200 969
[29/Aug/2025 15:56:12] "GET /api/sessions/ HTTP/1.1" 200 9733
[29/Aug/2025 15:56:18] "GET /api/charge-points/ HTTP/1.1" 200 969
[29/Aug/2025 15:56:18] "GET /api/sessions/ HTTP/1.1" 200 9733
[29/Aug/2025 15:56:23] "GET /api/sessions/ HTTP/1.1" 200 9733
[29/Aug/2025 15:56:23] "GET /api/charge-points/ HTTP/1.1" 200 969
[29/Aug/2025 15:56:28] "GET /api/charge-points/ HTTP/1.1" 200 969
[29/Aug/2025 15:56:28] "GET /api/sessions/ HTTP/1.1" 200 9733
[29/Aug/2025 15:56:33] "GET /api/charge-points/ HTTP/1.1" 200 969
[29/Aug/2025 15:56:33] "GET /api/sessions/ HTTP/1.1" 200 9733
[29/Aug/2025 15:56:38] "GET /api/charge-points/ HTTP/1.1" 200 969
[29/Aug/2025 15:56:38] "GET /api/sessions/ HTTP/1.1" 200 9733
[29/Aug/2025 15:56:43] "GET /api/charge-points/ HTTP/1.1" 200 969
[29/Aug/2025 15:56:43] "GET /api/sessions/ HTTP/1.1" 200 9733
[29/Aug/2025 15:56:48] "GET /api/charge-points/ HTTP/1.1" 200 969
[29/Aug/2025 15:56:48] "GET /api/sessions/ HTTP/1.1" 200 9733
[29/Aug/2025 15:56:53] "GET /api/charge-points/ HTTP/1.1" 200 969
[29/Aug/2025 15:56:53] "GET /api/sessions/ HTTP/1.1" 200 9733
[29/Aug/2025 15:56:58] "GET /api/sessions/ HTTP/1.1" 200 9733
[29/Aug/2025 15:56:58] "GET /api/charge-points/ HTTP/1.1" 200 969
[29/Aug/2025 15:57:03] "GET /api/charge-points/ HTTP/1.1" 200 969
[29/Aug/2025 15:57:03] "GET /api/sessions/ HTTP/1.1" 200 9733
[29/Aug/2025 15:57:08] "GET /api/charge-points/ HTTP/1.1" 200 969
[29/Aug/2025 15:57:08] "GET /api/sessions/ HTTP/1.1" 200 9733
[29/Aug/2025 15:57:13] "GET /api/charge-points/ HTTP/1.1" 200 969
[29/Aug/2025 15:57:13] "GET /api/sessions/ HTTP/1.1" 200 9733
[29/Aug/2025 15:57:31] "GET /api/charge-points/ HTTP/1.1" 200 969
[29/Aug/2025 15:57:31] "GET /api/sessions/ HTTP/1.1" 200 9733
[29/Aug/2025 15:58:31] "GET /api/charge-points/ HTTP/1.1" 200 969
[29/Aug/2025 15:58:31] "GET /api/sessions/ HTTP/1.1" 200 9733
[29/Aug/2025 15:59:31] "GET /api/charge-points/ HTTP/1.1" 200 969
[29/Aug/2025 15:59:31] "GET /api/sessions/ HTTP/1.1" 200 9733
[29/Aug/2025 16:00:31] "GET /api/sessions/ HTTP/1.1" 200 9733
[29/Aug/2025 16:00:31] "GET /api/charge-points/ HTTP/1.1" 200 969
[29/Aug/2025 16:01:31] "GET /api/charge-points/ HTTP/1.1" 200 969
[29/Aug/2025 16:01:31] "GET /api/sessions/ HTTP/1.1" 200 9733
[29/Aug/2025 16:02:31] "GET /api/charge-points/ HTTP/1.1" 200 969
[29/Aug/2025 16:02:31] "GET /api/sessions/ HTTP/1.1" 200 9733
[29/Aug/2025 16:03:31] "GET /api/charge-points/ HTTP/1.1" 200 969
[29/Aug/2025 16:03:31] "GET /api/sessions/ HTTP/1.1" 200 9733
[29/Aug/2025 16:04:31] "GET /api/charge-points/ HTTP/1.1" 200 969
[29/Aug/2025 16:04:31] "GET /api/sessions/ HTTP/1.1" 200 9733
[29/Aug/2025 16:05:31] "GET /api/charge-points/ HTTP/1.1" 200 969
[29/Aug/2025 16:05:31] "GET /api/sessions/ HTTP/1.1" 200 9733
[29/Aug/2025 16:06:31] "GET /api/sessions/ HTTP/1.1" 200 9733
[29/Aug/2025 16:06:31] "GET /api/charge-points/ HTTP/1.1" 200 969
[29/Aug/2025 16:07:31] "GET /api/sessions/ HTTP/1.1" 200 9733
[29/Aug/2025 16:07:31] "GET /api/charge-points/ HTTP/1.1" 200 969
[29/Aug/2025 16:08:31] "GET /api/charge-points/ HTTP/1.1" 200 969
[29/Aug/2025 16:08:31] "GET /api/sessions/ HTTP/1.1" 200 9733
[29/Aug/2025 16:09:31] "GET /api/sessions/ HTTP/1.1" 200 9733
[29/Aug/2025 16:09:31] "GET /api/charge-points/ HTTP/1.1" 200 969
[29/Aug/2025 16:10:31] "GET /api/charge-points/ HTTP/1.1" 200 969
[29/Aug/2025 16:10:31] "GET /api/sessions/ HTTP/1.1" 200 9733
[29/Aug/2025 16:11:31] "GET /api/charge-points/ HTTP/1.1" 200 969
[29/Aug/2025 16:11:31] "GET /api/sessions/ HTTP/1.1" 200 9733
[29/Aug/2025 16:12:31] "GET /api/charge-points/ HTTP/1.1" 200 969
[29/Aug/2025 16:12:31] "GET /api/sessions/ HTTP/1.1" 200 9733
[29/Aug/2025 16:13:31] "GET /api/charge-points/ HTTP/1.1" 200 969
[29/Aug/2025 16:13:31] "GET /api/sessions/ HTTP/1.1" 200 9733
[29/Aug/2025 16:14:31] "GET /api/charge-points/ HTTP/1.1" 200 969
[29/Aug/2025 16:14:31] "GET /api/sessions/ HTTP/1.1" 200 9733
[29/Aug/2025 16:15:31] "GET /api/charge-points/ HTTP/1.1" 200 969
[29/Aug/2025 16:15:31] "GET /api/sessions/ HTTP/1.1" 200 9733
[29/Aug/2025 16:16:31] "GET /api/charge-points/ HTTP/1.1" 200 969
[29/Aug/2025 16:16:31] "GET /api/sessions/ HTTP/1.1" 200 9733
[29/Aug/2025 16:17:31] "GET /api/charge-points/ HTTP/1.1" 200 969
[29/Aug/2025 16:17:31] "GET /api/sessions/ HTTP/1.1" 200 9733
[29/Aug/2025 16:18:31] "GET /api/charge-points/ HTTP/1.1" 200 969
[29/Aug/2025 16:18:31] "GET /api/sessions/ HTTP/1.1" 200 9733
[29/Aug/2025 16:19:31] "GET /api/charge-points/ HTTP/1.1" 200 969
[29/Aug/2025 16:19:31] "GET /api/sessions/ HTTP/1.1" 200 9733
[29/Aug/2025 16:20:31] "GET /api/charge-points/ HTTP/1.1" 200 969
[29/Aug/2025 16:20:31] "GET /api/sessions/ HTTP/1.1" 200 9733
[29/Aug/2025 16:21:31] "GET /api/charge-points/ HTTP/1.1" 200 969
[29/Aug/2025 16:21:31] "GET /api/sessions/ HTTP/1.1" 200 9733
[29/Aug/2025 16:22:31] "GET /api/charge-points/ HTTP/1.1" 200 969
[29/Aug/2025 16:22:31] "GET /api/sessions/ HTTP/1.1" 200 9733
[29/Aug/2025 16:23:31] "GET /api/charge-points/ HTTP/1.1" 200 969
[29/Aug/2025 16:23:31] "GET /api/sessions/ HTTP/1.1" 200 9733
[29/Aug/2025 16:24:31] "GET /api/charge-points/ HTTP/1.1" 200 969
[29/Aug/2025 16:24:31] "GET /api/sessions/ HTTP/1.1" 200 9733
[29/Aug/2025 16:25:31] "GET /api/charge-points/ HTTP/1.1" 200 969
[29/Aug/2025 16:25:31] "GET /api/sessions/ HTTP/1.1" 200 9733
[29/Aug/2025 16:26:31] "GET /api/charge-points/ HTTP/1.1" 200 969
[29/Aug/2025 16:26:31] "GET /api/sessions/ HTTP/1.1" 200 9733
[29/Aug/2025 16:27:31] "GET /api/charge-points/ HTTP/1.1" 200 969
[29/Aug/2025 16:27:31] "GET /api/sessions/ HTTP/1.1" 200 9733
[29/Aug/2025 16:28:26] "GET /api/me/ HTTP/1.1" 200 198
[29/Aug/2025 16:28:28] "GET /api/me/ HTTP/1.1" 200 198
[29/Aug/2025 16:28:28] "GET /api/charge-points/ HTTP/1.1" 200 969
[29/Aug/2025 16:28:28] "GET /api/sessions/ HTTP/1.1" 200 9733
[29/Aug/2025 16:28:34] "GET /api/sessions/ HTTP/1.1" 200 9733
[29/Aug/2025 16:28:34] "GET /api/charge-points/ HTTP/1.1" 200 969
[29/Aug/2025 16:28:39] "GET /api/sessions/ HTTP/1.1" 200 9733
[29/Aug/2025 16:28:39] "GET /api/charge-points/ HTTP/1.1" 200 969
[29/Aug/2025 16:28:44] "GET /api/sessions/ HTTP/1.1" 200 9733
[29/Aug/2025 16:28:44] "GET /api/charge-points/ HTTP/1.1" 200 969
[29/Aug/2025 16:28:49] "GET /api/sessions/ HTTP/1.1" 200 9733
[29/Aug/2025 16:28:49] "GET /api/charge-points/ HTTP/1.1" 200 969
[29/Aug/2025 16:28:54] "GET /api/sessions/ HTTP/1.1" 200 9733
[29/Aug/2025 16:28:54] "GET /api/charge-points/ HTTP/1.1" 200 969
[29/Aug/2025 16:28:59] "GET /api/sessions/ HTTP/1.1" 200 9733
[29/Aug/2025 16:28:59] "GET /api/charge-points/ HTTP/1.1" 200 969
[29/Aug/2025 16:29:04] "GET /api/sessions/ HTTP/1.1" 200 9733
[29/Aug/2025 16:29:04] "GET /api/charge-points/ HTTP/1.1" 200 969
[29/Aug/2025 16:29:31] "GET /api/sessions/ HTTP/1.1" 200 9733
[29/Aug/2025 16:29:31] "GET /api/charge-points/ HTTP/1.1" 200 969
[29/Aug/2025 16:30:31] "GET /api/sessions/ HTTP/1.1" 200 9733
[29/Aug/2025 16:30:31] "GET /api/charge-points/ HTTP/1.1" 200 969
[29/Aug/2025 16:31:31] "GET /api/sessions/ HTTP/1.1" 200 9733
[29/Aug/2025 16:31:31] "GET /api/charge-points/ HTTP/1.1" 200 969
[29/Aug/2025 16:31:52] "OPTIONS /api/auth/refresh/ HTTP/1.1" 200 0
[29/Aug/2025 16:31:52] "POST /api/auth/refresh/ HTTP/1.1" 200 270
[29/Aug/2025 16:32:31] "GET /api/sessions/ HTTP/1.1" 200 9733
[29/Aug/2025 16:32:31] "GET /api/charge-points/ HTTP/1.1" 200 969
[29/Aug/2025 16:33:31] "GET /api/sessions/ HTTP/1.1" 200 9733
[29/Aug/2025 16:33:31] "GET /api/charge-points/ HTTP/1.1" 200 969
[29/Aug/2025 16:34:31] "GET /api/sessions/ HTTP/1.1" 200 9733
[29/Aug/2025 16:34:31] "GET /api/charge-points/ HTTP/1.1" 200 969
[29/Aug/2025 16:35:31] "GET /api/charge-points/ HTTP/1.1" 200 969
[29/Aug/2025 16:35:31] "GET /api/sessions/ HTTP/1.1" 200 9733
[29/Aug/2025 16:36:31] "GET /api/sessions/ HTTP/1.1" 200 9733
[29/Aug/2025 16:36:31] "GET /api/charge-points/ HTTP/1.1" 200 969
[29/Aug/2025 16:37:31] "GET /api/charge-points/ HTTP/1.1" 200 969
[29/Aug/2025 16:37:31] "GET /api/sessions/ HTTP/1.1" 200 9733
[29/Aug/2025 16:38:31] "OPTIONS /api/charge-points/ HTTP/1.1" 200 0
[29/Aug/2025 16:38:31] "OPTIONS /api/sessions/ HTTP/1.1" 200 0
[29/Aug/2025 16:38:31] "GET /api/charge-points/ HTTP/1.1" 200 969
[29/Aug/2025 16:38:31] "GET /api/sessions/ HTTP/1.1" 200 9733
[29/Aug/2025 16:39:31] "GET /api/charge-points/ HTTP/1.1" 200 969
[29/Aug/2025 16:39:31] "GET /api/sessions/ HTTP/1.1" 200 9733
[29/Aug/2025 16:40:31] "GET /api/charge-points/ HTTP/1.1" 200 969
[29/Aug/2025 16:40:31] "GET /api/sessions/ HTTP/1.1" 200 9733
[29/Aug/2025 16:41:31] "GET /api/charge-points/ HTTP/1.1" 200 969
[29/Aug/2025 16:41:31] "GET /api/sessions/ HTTP/1.1" 200 9733
[29/Aug/2025 16:42:31] "GET /api/charge-points/ HTTP/1.1" 200 969
[29/Aug/2025 16:42:31] "GET /api/sessions/ HTTP/1.1" 200 9733
[29/Aug/2025 16:43:31] "GET /api/charge-points/ HTTP/1.1" 200 969
[29/Aug/2025 16:43:31] "GET /api/sessions/ HTTP/1.1" 200 9733
[29/Aug/2025 16:44:31] "GET /api/charge-points/ HTTP/1.1" 200 969
[29/Aug/2025 16:44:31] "GET /api/sessions/ HTTP/1.1" 200 9733
[29/Aug/2025 16:45:31] "GET /api/charge-points/ HTTP/1.1" 200 969
[29/Aug/2025 16:45:31] "GET /api/sessions/ HTTP/1.1" 200 9733
[29/Aug/2025 16:46:31] "GET /api/charge-points/ HTTP/1.1" 200 969
[29/Aug/2025 16:46:31] "GET /api/sessions/ HTTP/1.1" 200 9733
[29/Aug/2025 16:47:10] "GET /api/charge-points/ HTTP/1.1" 200 969
[29/Aug/2025 16:47:10] "GET /api/sessions/ HTTP/1.1" 200 9733
[29/Aug/2025 16:49:27] "OPTIONS /api/me/ HTTP/1.1" 200 0
[29/Aug/2025 16:49:28] "GET /api/me/ HTTP/1.1" 200 198
[29/Aug/2025 16:49:30] "GET /api/me/ HTTP/1.1" 200 198
[29/Aug/2025 16:49:30] "GET /api/charge-points/ HTTP/1.1" 200 969
[29/Aug/2025 16:49:30] "GET /api/sessions/ HTTP/1.1" 200 9733
[29/Aug/2025 16:49:35] "GET /api/charge-points/ HTTP/1.1" 200 969
[29/Aug/2025 16:49:35] "GET /api/sessions/ HTTP/1.1" 200 9733
[29/Aug/2025 16:49:41] "GET /api/charge-points/ HTTP/1.1" 200 969
[29/Aug/2025 16:49:41] "GET /api/sessions/ HTTP/1.1" 200 9733
[29/Aug/2025 16:49:46] "GET /api/charge-points/ HTTP/1.1" 200 969
[29/Aug/2025 16:49:46] "GET /api/sessions/ HTTP/1.1" 200 9733
[29/Aug/2025 16:49:51] "GET /api/charge-points/ HTTP/1.1" 200 969
[29/Aug/2025 16:49:51] "GET /api/sessions/ HTTP/1.1" 200 9733
[29/Aug/2025 16:49:56] "GET /api/charge-points/ HTTP/1.1" 200 969
[29/Aug/2025 16:49:56] "GET /api/sessions/ HTTP/1.1" 200 9733
[29/Aug/2025 16:50:01] "GET /api/charge-points/ HTTP/1.1" 200 969
[29/Aug/2025 16:50:01] "GET /api/sessions/ HTTP/1.1" 200 9733
[29/Aug/2025 16:50:06] "GET /api/charge-points/ HTTP/1.1" 200 969
[29/Aug/2025 16:50:06] "GET /api/sessions/ HTTP/1.1" 200 9733
[29/Aug/2025 16:50:11] "GET /api/charge-points/ HTTP/1.1" 200 969
[29/Aug/2025 16:50:11] "GET /api/sessions/ HTTP/1.1" 200 9733
[29/Aug/2025 16:50:16] "GET /api/charge-points/ HTTP/1.1" 200 969
[29/Aug/2025 16:50:16] "GET /api/sessions/ HTTP/1.1" 200 9733
[29/Aug/2025 16:50:21] "GET /api/charge-points/ HTTP/1.1" 200 969
[29/Aug/2025 16:50:21] "GET /api/sessions/ HTTP/1.1" 200 9733
[29/Aug/2025 16:50:26] "GET /api/charge-points/ HTTP/1.1" 200 969
[29/Aug/2025 16:50:26] "GET /api/sessions/ HTTP/1.1" 200 9733
[29/Aug/2025 16:50:31] "GET /api/charge-points/ HTTP/1.1" 200 969
[29/Aug/2025 16:50:31] "GET /api/sessions/ HTTP/1.1" 200 9733
[29/Aug/2025 16:50:36] "GET /api/charge-points/ HTTP/1.1" 200 969
[29/Aug/2025 16:50:36] "GET /api/sessions/ HTTP/1.1" 200 9733
[29/Aug/2025 16:50:41] "GET /api/charge-points/ HTTP/1.1" 200 969
[29/Aug/2025 16:50:41] "GET /api/sessions/ HTTP/1.1" 200 9733
[29/Aug/2025 16:50:46] "GET /api/charge-points/ HTTP/1.1" 200 969
[29/Aug/2025 16:50:46] "GET /api/sessions/ HTTP/1.1" 200 9733
[29/Aug/2025 16:50:51] "GET /api/charge-points/ HTTP/1.1" 200 969
[29/Aug/2025 16:50:51] "GET /api/sessions/ HTTP/1.1" 200 9733
[29/Aug/2025 16:50:56] "GET /api/charge-points/ HTTP/1.1" 200 969
[29/Aug/2025 16:50:56] "GET /api/sessions/ HTTP/1.1" 200 9733
[29/Aug/2025 16:51:31] "GET /api/charge-points/ HTTP/1.1" 200 969
[29/Aug/2025 16:51:31] "GET /api/sessions/ HTTP/1.1" 200 9733
[29/Aug/2025 16:51:35] "GET /api/me/ HTTP/1.1" 200 198
[29/Aug/2025 16:51:50] "OPTIONS /api/auth/login/ HTTP/1.1" 200 0
[29/Aug/2025 16:51:50] "POST /api/auth/login/ HTTP/1.1" 200 563
[29/Aug/2025 16:51:51] "GET /api/me/ HTTP/1.1" 200 198
[29/Aug/2025 16:51:51] "GET /api/me/ HTTP/1.1" 200 198
[29/Aug/2025 16:51:52] "OPTIONS /api/admin/charge-points/stats/ HTTP/1.1" 200 0
[29/Aug/2025 16:51:52] "GET /api/charge-points/ HTTP/1.1" 200 969
[29/Aug/2025 16:51:52] "GET /api/sessions/ HTTP/1.1" 200 9728
[29/Aug/2025 16:51:52] "GET /api/admin/charge-points/stats/ HTTP/1.1" 200 136
[29/Aug/2025 16:51:57] "GET /api/charge-points/ HTTP/1.1" 200 969
[29/Aug/2025 16:51:57] "GET /api/admin/charge-points/stats/ HTTP/1.1" 200 136
[29/Aug/2025 16:51:57] "GET /api/sessions/ HTTP/1.1" 200 9729
[29/Aug/2025 16:52:02] "GET /api/charge-points/ HTTP/1.1" 200 969
[29/Aug/2025 16:52:02] "GET /api/admin/charge-points/stats/ HTTP/1.1" 200 136
[29/Aug/2025 16:52:02] "GET /api/sessions/ HTTP/1.1" 200 9733
[29/Aug/2025 16:52:07] "GET /api/admin/charge-points/stats/ HTTP/1.1" 200 136
[29/Aug/2025 16:52:07] "GET /api/charge-points/ HTTP/1.1" 200 969
[29/Aug/2025 16:52:07] "GET /api/sessions/ HTTP/1.1" 200 9733
[29/Aug/2025 16:52:12] "GET /api/charge-points/ HTTP/1.1" 200 969
[29/Aug/2025 16:52:12] "GET /api/admin/charge-points/stats/ HTTP/1.1" 200 136
[29/Aug/2025 16:52:12] "GET /api/sessions/ HTTP/1.1" 200 9733
[29/Aug/2025 16:52:17] "GET /api/admin/charge-points/stats/ HTTP/1.1" 200 136
[29/Aug/2025 16:52:17] "GET /api/charge-points/ HTTP/1.1" 200 969
[29/Aug/2025 16:52:17] "GET /api/sessions/ HTTP/1.1" 200 9733
[29/Aug/2025 16:52:22] "GET /api/sessions/ HTTP/1.1" 200 9733
[29/Aug/2025 16:52:22] "GET /api/admin/charge-points/stats/ HTTP/1.1" 200 136
[29/Aug/2025 16:52:22] "GET /api/charge-points/ HTTP/1.1" 200 969
[29/Aug/2025 16:52:27] "GET /api/admin/charge-points/stats/ HTTP/1.1" 200 136
[29/Aug/2025 16:52:27] "GET /api/charge-points/ HTTP/1.1" 200 969
[29/Aug/2025 16:52:27] "GET /api/sessions/ HTTP/1.1" 200 9733
[29/Aug/2025 16:52:32] "GET /api/sessions/ HTTP/1.1" 200 9733
[29/Aug/2025 16:52:32] "GET /api/admin/charge-points/stats/ HTTP/1.1" 200 136
[29/Aug/2025 16:52:32] "GET /api/charge-points/ HTTP/1.1" 200 969
[29/Aug/2025 16:52:37] "GET /api/charge-points/ HTTP/1.1" 200 969
[29/Aug/2025 16:52:37] "GET /api/admin/charge-points/stats/ HTTP/1.1" 200 136
[29/Aug/2025 16:52:37] "GET /api/sessions/ HTTP/1.1" 200 9733
[29/Aug/2025 16:52:42] "GET /api/admin/charge-points/stats/ HTTP/1.1" 200 136
[29/Aug/2025 16:52:42] "GET /api/charge-points/ HTTP/1.1" 200 969
[29/Aug/2025 16:52:42] "GET /api/sessions/ HTTP/1.1" 200 9733
[29/Aug/2025 16:52:47] "GET /api/admin/charge-points/stats/ HTTP/1.1" 200 136
[29/Aug/2025 16:52:47] "GET /api/sessions/ HTTP/1.1" 200 9733
[29/Aug/2025 16:52:47] "GET /api/charge-points/ HTTP/1.1" 200 969
[29/Aug/2025 16:52:52] "GET /api/admin/charge-points/stats/ HTTP/1.1" 200 136
[29/Aug/2025 16:52:52] "GET /api/charge-points/ HTTP/1.1" 200 969
[29/Aug/2025 16:52:52] "GET /api/sessions/ HTTP/1.1" 200 9733
[29/Aug/2025 16:52:57] "GET /api/sessions/ HTTP/1.1" 200 9733
[29/Aug/2025 16:52:57] "GET /api/admin/charge-points/stats/ HTTP/1.1" 200 136
[29/Aug/2025 16:52:57] "GET /api/charge-points/ HTTP/1.1" 200 969
[29/Aug/2025 16:53:31] "GET /api/admin/charge-points/stats/ HTTP/1.1" 200 136
[29/Aug/2025 16:53:31] "GET /api/charge-points/ HTTP/1.1" 200 969
[29/Aug/2025 16:53:31] "GET /api/sessions/ HTTP/1.1" 200 9733
[29/Aug/2025 16:54:31] "GET /api/admin/charge-points/stats/ HTTP/1.1" 200 136
[29/Aug/2025 16:54:31] "GET /api/charge-points/ HTTP/1.1" 200 969
[29/Aug/2025 16:54:31] "GET /api/sessions/ HTTP/1.1" 200 9733
[29/Aug/2025 16:55:31] "GET /api/admin/charge-points/stats/ HTTP/1.1" 200 136
[29/Aug/2025 16:55:31] "GET /api/charge-points/ HTTP/1.1" 200 969
[29/Aug/2025 16:55:31] "GET /api/sessions/ HTTP/1.1" 200 9733
[29/Aug/2025 16:56:31] "GET /api/sessions/ HTTP/1.1" 200 9733
[29/Aug/2025 16:56:31] "GET /api/admin/charge-points/stats/ HTTP/1.1" 200 136
[29/Aug/2025 16:56:31] "GET /api/charge-points/ HTTP/1.1" 200 969
[29/Aug/2025 16:57:31] "GET /api/admin/charge-points/stats/ HTTP/1.1" 200 136
[29/Aug/2025 16:57:31] "GET /api/charge-points/ HTTP/1.1" 200 969
[29/Aug/2025 16:57:31] "GET /api/sessions/ HTTP/1.1" 200 9733
